utc,style,exstyle,x,y,width,height,clientWidth,clientHeight,regionType,regionWidth,regionHeight,visible,hung,ghostHwnd
2026-10-04T02:11:19.7251170Z,14CA0000,40118,1100,533,340,700,340,700,2,340,110,True,False,0
2026-10-04T02:11:19.7353450Z,14CA0000,40118,1100,533,340,700,340,700,2,340,110,True,False,0
2026-10-04T02:11:19.7511620Z,14CA0000,40118,1100,533,340,700,340,700,2,340,110,True,False,0
2026-10-04T02:11:19.7661504Z,14CA0000,40118,1100,533,340,700,340,700,2,340,110,True,False,0
2026-10-04T02:11:19.7812013Z,14CA0000,40118,1100,533,340,700,340,700,2,340,110,True,False,0
2026-10-04T02:11:19.7974542Z,14CA0000,40118,1100,533,340,700,340,700,2,340,110,True,False,0
2026-10-04T02:11:19.8131312Z,14CA0000,40118,1100,533,340,700,340,700,2,340,110,True,False,0
2026-10-04T02:11:19.8290787Z,14CA0000,40118,1100,533,340,700,340,700,2,340,110,True,False,0
2026-10-04T02:11:19.8452385Z,14CA0000,40118,1100,533,340,700,340,700,2,340,110,True,False,0
2026-10-04T02:11:19.8611268Z,14CA0000,40118,1100,533,340,700,340,700,2,340,110,True,False,0
2026-10-04T02:11:19.8771577Z,14CA0000,40118,1100,533,340,700,340,700,2,340,110,True,False,0
2026-10-04T02:11:19.8930866Z,14CA0000,40118,1100,533,340,700,340,700,2,340,110,True,False,0
2026-10-04T02:11:19.9090788Z,14CA0000,40118,1100,533,340,700,340,700,2,340,110,True,False,0
2026-10-04T02:11:19.9251023Z,14CA0000,40118,1100,533,340,700,340,700,2,340,110,True,False,0
2026-10-04T02:11:19.9400775Z,14CA0000,40118,1100,533,340,700,340,700,2,340,110,True,False,0
2026-10-04T02:11:19.9553068Z,14CA0000,40118,1100,533,340,700,340,700,2,340,110,True,False,0
2026-10-04T02:11:19.9710905Z,14CA0000,40118,1100,533,340,700,340,700,2,340,110,True,False,0
2026-10-04T02:11:19.9871484Z,14CA0000,40118,1100,533,340,700,340,700,2,340,110,True,False,0
2026-10-04T02:11:20.0030412Z,14CA0000,40118,1100,533,340,700,340,700,2,340,110,True,False,0
2026-10-04T02:11:20.0191214Z,14CA0000,40118,1100,533,340,700,340,700,2,340,110,True,False,0
2026-10-04T02:11:20.0340664Z,14CA0000,40118,1100,533,340,700,340,700,2,340,110,True,False,0
2026-10-04T02:11:20.0490733Z,14CA0000,40118,1100,533,340,700,340,700,2,340,110,True,False,0
2026-10-04T02:11:20.0652158Z,14CA0000,40118,1100,533,340,700,340,700,2,340,110,True,False,0
2026-10-04T02:11:20.0810742Z,14CA0000,40118,1100,533,340,700,340,700,2,340,110,True,False,0
2026-10-04T02:11:20.0970532Z,14CA0000,40118,1100,533,340,700,340,700,2,340,110,True,False,0
2026-10-04T02:11:20.1130408Z,14CA0000,40118,1100,533,340,700,340,700,2,340,110,True,False,0
2026-10-04T02:11:20.1290209Z,14CA0000,40118,1100,533,340,700,340,700,2,340,110,True,False,0
2026-10-04T02:11:20.1450092Z,14CA0000,40118,1100,533,340,700,340,700,2,340,110,True,False,0
2026-10-04T02:11:20.1610619Z,14CA0000,40118,1100,533,340,700,340,700,2,340,110,True,False,0
2026-10-04T02:11:20.1772847Z,14CA0000,40118,1100,533,340,700,340,700,2,340,110,True,False,0
2026-10-04T02:11:20.1921173Z,14CA0000,40118,1100,533,340,700,340,700,2,340,110,True,False,0
2026-10-04T02:11:20.2080859Z,14CA0000,40118,1100,533,340,700,340,700,2,340,110,True,False,0
2026-10-04T02:11:20.2230873Z,14CA0000,40118,1100,533,340,700,340,700,2,340,110,True,False,0
2026-10-04T02:11:20.2390683Z,14CA0000,40118,1100,533,340,700,340,700,2,340,110,True,False,0
2026-10-04T02:11:20.2550760Z,14CA0000,40118,1100,533,340,700,340,700,2,340,110,True,False,0
2026-10-04T02:11:20.2711142Z,14CA0000,40118,1100,533,340,700,340,700,2,340,110,True,False,0
2026-10-04T02:11:20.2872467Z,14CA0000,40118,1100,533,340,700,340,700,2,340,110,True,False,0
2026-10-04T02:11:20.3031172Z,14CA0000,40118,1100,533,340,700,340,700,2,340,110,True,False,0
2026-10-04T02:11:20.3190691Z,14CA0000,40118,1100,533,340,700,340,700,2,340,110,True,False,0
2026-10-04T02:11:20.3350752Z,14CA0000,40118,1100,533,340,700,340,700,2,340,110,True,False,0
2026-10-04T02:11:20.3510371Z,14CA0000,40118,1100,533,340,700,340,700,2,340,110,True,False,0
2026-10-04T02:11:20.3670912Z,14CA0000,40118,1100,533,340,700,340,700,2,340,110,True,False,0
2026-10-04T02:11:20.3831358Z,14CA0000,40118,1100,533,340,700,340,700,2,340,110,True,False,0
2026-10-04T02:11:20.3985918Z,14CA0000,40118,1100,533,340,700,340,700,2,340,110,True,False,0
2026-10-04T02:11:20.4146036Z,14CA0000,40118,1100,533,340,700,340,700,2,340,110,True,False,0
2026-10-04T02:11:20.4305805Z,14CA0000,40118,1100,533,340,700,340,700,2,340,110,True,False,0
2026-10-04T02:11:20.4466190Z,14CA0000,40118,1100,533,340,700,340,700,2,340,110,True,False,0
2026-10-04T02:11:20.4626027Z,14CA0000,40118,1100,533,340,700,340,700,2,340,110,True,False,0
2026-10-04T02:11:20.4781232Z,14CA0000,40118,1100,533,340,700,340,700,2,340,110,True,False,0
2026-10-04T02:11:20.4936761Z,14CA0000,40118,1100,533,340,700,340,700,2,340,110,True,False,0
2026-10-04T02:11:20.5086189Z,14CA0000,40118,1100,533,340,700,340,700,2,340,110,True,False,0
2026-10-04T02:11:20.5246672Z,14CA0000,40118,1100,533,340,700,340,700,2,340,110,True,False,0
2026-10-04T02:11:20.5406397Z,14CA0000,40118,1100,533,340,700,340,700,2,340,110,True,False,0
2026-10-04T02:11:20.5567107Z,14CA0000,40118,1100,533,340,700,340,700,2,340,110,True,False,0
2026-10-04T02:11:20.5726314Z,14CA0000,40118,1100,533,340,700,340,700,2,340,110,True,False,0
2026-10-04T02:11:20.5887426Z,14CA0000,40118,1100,533,340,700,340,700,2,340,110,True,False,0
2026-10-04T02:11:20.6048040Z,14CA0000,40118,1100,533,340,700,340,700,2,340,110,True,False,0
2026-10-04T02:11:20.6207385Z,14CA0000,40118,1100,533,340,700,340,700,2,340,110,True,False,0
2026-10-04T02:11:20.6366533Z,14CA0000,40118,1100,533,340,700,340,700,2,340,110,True,False,0
2026-10-04T02:11:20.6527113Z,14CA0000,40118,1100,533,340,700,340,700,2,340,110,True,False,0
2026-10-04T02:11:20.6676992Z,14CA0000,40118,1100,533,340,700,340,700,2,340,110,True,False,0
2026-10-04T02:11:20.6836999Z,14CA0000,40118,1100,533,340,700,340,700,2,340,110,True,False,0
2026-10-04T02:11:20.6992200Z,14CA0000,40118,1100,533,340,700,340,700,2,340,110,True,False,0
2026-10-04T02:11:20.7152654Z,14CA0000,40118,1100,533,340,700,340,700,2,340,110,True,False,0
2026-10-04T02:11:20.7312320Z,14CA0000,40118,1100,533,340,700,340,700,2,340,110,True,False,0
2026-10-04T02:11:20.7472517Z,14CA0000,40118,1100,533,340,700,340,700,2,340,110,True,False,0
2026-10-04T02:11:20.7632234Z,14CA0000,40118,1100,533,340,700,340,700,2,340,110,True,False,0
2026-10-04T02:11:20.7792271Z,14CA0000,40118,1100,533,340,700,340,700,2,340,110,True,False,0
2026-10-04T02:11:20.7952062Z,14CA0000,40118,1100,533,340,700,340,700,2,340,110,True,False,0
2026-10-04T02:11:20.8112644Z,14CA0000,40118,1100,533,340,700,340,700,2,340,110,True,False,0
2026-10-04T02:11:20.8272270Z,14CA0000,40118,1100,533,340,700,340,700,2,340,110,True,False,0
2026-10-04T02:11:20.8432265Z,14CA0000,40118,1100,533,340,700,340,700,2,340,110,True,False,0
2026-10-04T02:11:20.8592154Z,14CA0000,40118,1100,533,340,700,340,700,2,340,110,True,False,0
2026-10-04T02:11:20.8752149Z,14CA0000,40118,1100,533,340,700,340,700,2,340,110,True,False,0
2026-10-04T02:11:20.8912264Z,14CA0000,40118,1100,533,340,700,340,700,2,340,110,True,False,0
2026-10-04T02:11:20.9072072Z,14CA0000,40118,1100,533,340,700,340,700,2,340,110,True,False,0
2026-10-04T02:11:20.9232779Z,14CA0000,40118,1100,533,340,700,340,700,2,340,110,True,False,0
2026-10-04T02:11:20.9392834Z,14CA0000,40118,1100,533,340,700,340,700,2,340,110,True,False,0
2026-10-04T02:11:20.9552128Z,14CA0000,40118,1100,533,340,700,340,700,2,340,110,True,False,0
2026-10-04T02:11:20.9712529Z,14CA0000,40118,1100,533,340,700,340,700,2,340,110,True,False,0
2026-10-04T02:11:20.9872374Z,14CA0000,40118,1100,533,340,700,340,700,2,340,110,True,False,0
2026-10-04T02:11:21.0032086Z,14CA0000,40118,1100,533,340,700,340,700,2,340,110,True,False,0
2026-10-04T02:11:21.0182014Z,14CA0000,40118,1100,533,340,700,340,700,2,340,110,True,False,0
2026-10-04T02:11:21.0332549Z,14CA0000,40118,1100,533,340,700,340,700,2,340,110,True,False,0
2026-10-04T02:11:21.0492424Z,14CA0000,40118,1100,533,340,700,340,700,2,340,110,True,False,0
2026-10-04T02:11:21.0643213Z,14CA0000,40118,1100,533,340,700,340,700,2,340,110,True,False,0
2026-10-04T02:11:21.0792374Z,14CA0000,40118,1100,533,340,700,340,700,2,340,110,True,False,0
2026-10-04T02:11:21.0954636Z,14CA0000,40118,1100,533,340,700,340,700,2,340,110,True,False,0
2026-10-04T02:11:21.1114096Z,14CA0000,40118,1100,533,340,700,340,700,2,340,110,True,False,0
2026-10-04T02:11:21.1274141Z,14CA0000,40118,1100,533,340,700,340,700,2,340,110,True,False,0
2026-10-04T02:11:21.1434279Z,14CA0000,40118,1100,533,340,700,340,700,2,340,110,True,False,0
2026-10-04T02:11:21.1585354Z,14CA0000,40118,1100,533,340,700,340,700,2,340,110,True,False,0
2026-10-04T02:11:21.1734091Z,14CA0000,40118,1100,533,340,700,340,700,2,340,110,True,False,0
2026-10-04T02:11:21.1894117Z,14CA0000,40118,1100,533,340,700,340,700,2,340,110,True,False,0
2026-10-04T02:11:21.2043811Z,14CA0000,40118,1100,533,340,700,340,700,2,340,110,True,False,0
2026-10-04T02:11:21.2204450Z,14CA0000,40118,1100,533,340,700,340,700,2,340,110,True,False,0
2026-10-04T02:11:21.2353395Z,14CA0000,40118,1100,533,340,700,340,700,2,340,110,True,False,0
2026-10-04T02:11:21.2513461Z,14CA0000,40118,1100,533,340,700,340,700,2,340,110,True,False,0
2026-10-04T02:11:21.2663530Z,14CA0000,40118,1100,533,340,700,340,700,2,340,110,True,False,0
2026-10-04T02:11:21.2813592Z,14CA0000,40118,1100,533,340,700,340,700,2,340,110,True,False,0
2026-10-04T02:11:21.2963383Z,14CA0000,40118,1100,533,340,700,340,700,2,340,110,True,False,0
2026-10-04T02:11:21.3124015Z,14CA0000,40118,1100,533,340,700,340,700,2,340,110,True,False,0
2026-10-04T02:11:21.3273358Z,14CA0000,40118,1100,533,340,700,340,700,2,340,110,True,False,0
2026-10-04T02:11:21.3423412Z,14CA0000,40118,1100,533,340,700,340,700,2,340,110,True,False,0
2026-10-04T02:11:21.3583319Z,14CA0000,40118,1100,533,340,700,340,700,2,340,110,True,False,0
2026-10-04T02:11:21.3734005Z,14CA0000,40118,1100,533,340,700,340,700,2,340,110,True,False,0
2026-10-04T02:11:21.3893423Z,14CA0000,40118,1100,533,340,700,340,700,2,340,110,True,False,0
2026-10-04T02:11:21.4053502Z,14CA0000,40118,1100,533,340,700,340,700,2,340,110,True,False,0
2026-10-04T02:11:21.4213371Z,14CA0000,40118,1100,533,340,700,340,700,2,340,110,True,False,0
2026-10-04T02:11:21.4373150Z,14CA0000,40118,1100,533,340,700,340,700,2,340,110,True,False,0
2026-10-04T02:11:21.4533424Z,14CA0000,40118,1100,533,340,700,340,700,2,340,110,True,False,0
2026-10-04T02:11:21.4683398Z,14CA0000,40118,1100,533,340,700,340,700,2,340,110,True,False,0
2026-10-04T02:11:21.4832977Z,14CA0000,40118,1100,533,340,700,340,700,2,340,110,True,False,0
2026-10-04T02:11:21.4993211Z,14CA0000,40118,1100,533,340,700,340,700,2,340,110,True,False,0
2026-10-04T02:11:21.5153394Z,14CA0000,40118,1100,533,340,700,340,700,2,340,110,True,False,0
2026-10-04T02:11:21.5313334Z,14CA0000,40118,1100,533,340,700,340,700,2,340,110,True,False,0
2026-10-04T02:11:21.5473174Z,14CA0000,40118,1100,533,340,700,340,700,2,340,110,True,False,0
2026-10-04T02:11:21.5632973Z,14CA0000,40118,1100,533,340,700,340,700,2,340,110,True,False,0
2026-10-04T02:11:21.5793284Z,14CA0000,40118,1100,533,340,700,340,700,2,340,110,True,False,0
2026-10-04T02:11:21.5953756Z,14CA0000,40118,1100,533,340,700,340,700,2,340,110,True,False,0
2026-10-04T02:11:21.6113228Z,14CA0000,40118,1100,533,340,700,340,700,2,340,110,True,False,0
2026-10-04T02:11:21.6273467Z,14CA0000,40118,1100,533,340,700,340,700,2,340,110,True,False,0
2026-10-04T02:11:21.6433465Z,14CA0000,40118,1100,533,340,700,340,700,2,340,110,True,False,0
2026-10-04T02:11:21.6593349Z,14CA0000,40118,1100,533,340,700,340,700,2,340,110,True,False,0
2026-10-04T02:11:21.6753311Z,14CA0000,40118,1100,533,340,700,340,700,2,340,110,True,False,0
2026-10-04T02:11:21.6903590Z,14CA0000,40118,1100,533,340,700,340,700,2,340,110,True,False,0
2026-10-04T02:11:21.7056910Z,14CA0000,40118,1100,533,340,700,340,700,2,340,110,True,False,0
2026-10-04T02:11:21.7217176Z,14CA0000,40118,1100,533,340,700,340,700,2,340,110,True,False,0
2026-10-04T02:11:21.7377082Z,14CA0000,40118,1100,533,340,700,340,700,2,340,110,True,False,0
2026-10-04T02:11:21.7537042Z,14CA0000,40118,1100,533,340,700,340,700,2,340,110,True,False,0
2026-10-04T02:11:21.7697064Z,14CA0000,40118,1100,533,340,700,340,700,2,340,110,True,False,0
2026-10-04T02:11:21.7857183Z,14CA0000,40118,1100,533,340,700,340,700,2,340,110,True,False,0
2026-10-04T02:11:21.8017734Z,14CA0000,40118,1100,533,340,700,340,700,2,340,110,True,False,0
2026-10-04T02:11:21.8177168Z,14CA0000,40118,1100,533,340,700,340,700,2,340,110,True,False,0
2026-10-04T02:11:21.8336878Z,14CA0000,40118,1100,533,340,700,340,700,2,340,110,True,False,0
2026-10-04T02:11:21.8497294Z,14CA0000,40118,1100,533,340,700,340,700,2,340,110,True,False,0
2026-10-04T02:11:21.8657084Z,14CA0000,40118,1100,533,340,700,340,700,2,340,110,True,False,0
2026-10-04T02:11:21.8817132Z,14CA0000,40118,1100,533,340,700,340,700,2,340,110,True,False,0
2026-10-04T02:11:21.8976874Z,14CA0000,40118,1100,533,340,700,340,700,2,340,110,True,False,0
2026-10-04T02:11:21.9137170Z,14CA0000,40118,1100,533,340,700,340,700,2,340,110,True,False,0
2026-10-04T02:11:21.9297619Z,14CA0000,40118,1100,533,340,700,340,700,2,340,110,True,False,0
2026-10-04T02:11:21.9456976Z,14CA0000,40118,1100,533,340,700,340,700,2,340,110,True,False,0
2026-10-04T02:11:21.9616857Z,14CA0000,40118,1100,533,340,700,340,700,2,340,110,True,False,0
2026-10-04T02:11:21.9776934Z,14CA0000,40118,1100,533,340,700,340,700,2,340,110,True,False,0
2026-10-04T02:11:21.9936953Z,14CA0000,40118,1100,533,340,700,340,700,2,340,110,True,False,0
2026-10-04T02:11:22.0097023Z,14CA0000,40118,1100,533,340,700,340,700,2,340,110,True,False,0
2026-10-04T02:11:22.0252292Z,14CA0000,40118,1100,533,340,700,340,700,2,340,110,True,False,0
2026-10-04T02:11:22.0404403Z,14CA0000,40118,1100,533,340,700,340,700,2,340,110,True,False,0
2026-10-04T02:11:22.0563233Z,14CA0000,40118,1100,533,340,700,340,700,2,340,110,True,False,0
2026-10-04T02:11:22.0723071Z,14CA0000,40118,1100,533,340,700,340,700,2,340,110,True,False,0
2026-10-04T02:11:22.0882880Z,14CA0000,40118,1100,533,340,700,340,700,2,340,110,True,False,0
2026-10-04T02:11:22.1043522Z,14CA0000,40118,1100,533,340,700,340,700,2,340,110,True,False,0
2026-10-04T02:11:22.1202924Z,14CA0000,40118,1100,533,340,700,340,700,2,340,110,True,False,0
2026-10-04T02:11:22.1363202Z,14CA0000,40118,1100,533,340,700,340,700,2,340,110,True,False,0
2026-10-04T02:11:22.1524421Z,14CA0000,40118,1100,533,340,700,340,700,2,340,110,True,False,0
2026-10-04T02:11:22.1672686Z,14CA0000,40118,1100,533,340,700,340,700,2,340,110,True,False,0
2026-10-04T02:11:22.1833085Z,14CA0000,40118,1100,533,340,700,340,700,2,340,110,True,False,0
2026-10-04T02:11:22.1982724Z,14CA0000,40118,1100,533,340,700,340,700,2,340,110,True,False,0
2026-10-04T02:11:22.2142603Z,14CA0000,40118,1100,533,340,700,340,700,2,340,110,True,False,0
2026-10-04T02:11:22.2302060Z,14CA0000,40118,1100,533,340,700,340,700,2,340,110,True,False,0
2026-10-04T02:11:22.2452619Z,14CA0000,40118,1100,533,340,700,340,700,2,340,110,True,False,0
2026-10-04T02:11:22.2615030Z,14CA0000,40118,1100,533,340,700,340,700,2,340,110,True,False,0
2026-10-04T02:11:22.2762402Z,14CA0000,40118,1100,533,340,700,340,700,2,340,110,True,False,0
2026-10-04T02:11:22.2922596Z,14CA0000,40118,1100,533,340,700,340,700,2,340,110,True,False,0
2026-10-04T02:11:22.3074661Z,14CA0000,40118,1100,533,340,700,340,700,2,340,110,True,False,0
2026-10-04T02:11:22.3222481Z,14CA0000,40118,1100,533,340,700,340,700,2,340,110,True,False,0
2026-10-04T02:11:22.3372673Z,14CA0000,40118,1100,533,340,700,340,700,2,340,110,True,False,0
2026-10-04T02:11:22.3532659Z,14CA0000,40118,1100,533,340,700,340,700,2,340,110,True,False,0
2026-10-04T02:11:22.3682477Z,14CA0000,40118,1100,533,340,700,340,700,2,340,110,True,False,0
2026-10-04T02:11:22.3842448Z,14CA0000,40118,1100,533,340,700,340,700,2,340,110,True,False,0
2026-10-04T02:11:22.4002398Z,14CA0000,40118,1100,533,340,700,340,700,2,340,110,True,False,0
2026-10-04T02:11:22.4162439Z,14CA0000,40118,1100,533,340,700,340,700,2,340,110,True,False,0
2026-10-04T02:11:22.4322626Z,14CA0000,40118,1100,533,340,700,340,700,2,340,110,True,False,0
2026-10-04T02:11:22.4482785Z,14CA0000,40118,1100,533,340,700,340,700,2,340,110,True,False,0
2026-10-04T02:11:22.4642871Z,14CA0000,40118,1100,533,340,700,340,700,2,340,110,True,False,0
2026-10-04T02:11:22.4802733Z,14CA0000,40118,1100,533,340,700,340,700,2,340,110,True,False,0
2026-10-04T02:11:22.4962726Z,14CA0000,40118,1100,533,340,700,340,700,2,340,110,True,False,0
2026-10-04T02:11:22.5122835Z,14CA0000,40118,1100,533,340,700,340,700,2,340,110,True,False,0
2026-10-04T02:11:22.5282818Z,14CA0000,40118,1100,533,340,700,340,700,2,340,110,True,False,0
2026-10-04T02:11:22.5442741Z,14CA0000,40118,1100,533,340,700,340,700,2,340,110,True,False,0
2026-10-04T02:11:22.5602576Z,14CA0000,40118,1100,533,340,700,340,700,2,340,110,True,False,0
2026-10-04T02:11:22.5763112Z,14CA0000,40118,1100,533,340,700,340,700,2,340,110,True,False,0
2026-10-04T02:11:22.5923132Z,14CA0000,40118,1100,533,340,700,340,700,2,340,110,True,False,0
2026-10-04T02:11:22.6082782Z,14CA0000,40118,1100,533,340,700,340,700,2,340,110,True,False,0
2026-10-04T02:11:22.6233404Z,14CA0000,40118,1100,533,340,700,340,700,2,340,110,True,False,0
2026-10-04T02:11:22.6382770Z,14CA0000,40118,1100,533,340,700,340,700,2,340,110,True,False,0
2026-10-04T02:11:22.6543453Z,14CA0000,40118,1100,533,340,700,340,700,2,340,110,True,False,0
2026-10-04T02:11:22.6702789Z,14CA0000,40118,1100,533,340,700,340,700,2,340,110,True,False,0
2026-10-04T02:11:22.6862583Z,14CA0000,40118,1100,533,340,700,340,700,2,340,110,True,False,0
2026-10-04T02:11:22.7012283Z,14CA0000,40118,1100,533,340,700,340,700,2,340,110,True,False,0
2026-10-04T02:11:22.7162836Z,14CA0000,40118,1100,533,340,700,340,700,2,340,110,True,False,0
2026-10-04T02:11:22.7322316Z,14CA0000,40118,1100,533,340,700,340,700,2,340,110,True,False,0
2026-10-04T02:11:22.7482606Z,14CA0000,40118,1100,533,340,700,340,700,2,340,110,True,False,0
2026-10-04T02:11:22.7642703Z,14CA0000,40118,1100,533,340,700,340,700,2,340,110,True,False,0
2026-10-04T02:11:22.7802771Z,14CA0000,40118,1100,533,340,700,340,700,2,340,110,True,False,0
2026-10-04T02:11:22.7962769Z,14CA0000,40118,1100,533,340,700,340,700,2,340,110,True,False,0
2026-10-04T02:11:22.8117960Z,14CA0000,40118,1100,533,340,700,340,700,2,340,110,True,False,0
2026-10-04T02:11:22.8277955Z,14CA0000,40118,1100,533,340,700,340,700,2,340,110,True,False,0
2026-10-04T02:11:22.8437988Z,14CA0000,40118,1100,533,340,700,340,700,2,340,110,True,False,0
2026-10-04T02:11:22.8597809Z,14CA0000,40118,1100,533,340,700,340,700,2,340,110,True,False,0
2026-10-04T02:11:22.8757919Z,14CA0000,40118,1100,533,340,700,340,700,2,340,110,True,False,0
2026-10-04T02:11:22.8917948Z,14CA0000,40118,1100,533,340,700,340,700,2,340,110,True,False,0
2026-10-04T02:11:22.9070366Z,14CA0000,40118,1100,533,340,700,340,700,2,340,110,True,False,0
2026-10-04T02:11:22.9221206Z,14CA0000,40118,1100,533,340,700,340,700,2,340,110,True,False,0
2026-10-04T02:11:22.9380631Z,14CA0000,40118,1100,533,340,700,340,700,2,340,110,True,False,0
2026-10-04T02:11:22.9540179Z,14CA0000,40118,1100,533,340,700,340,700,2,340,110,True,False,0
2026-10-04T02:11:22.9699707Z,14CA0000,40118,1100,533,340,700,340,700,2,340,110,True,False,0
2026-10-04T02:11:22.9860031Z,14CA0000,40118,1100,533,340,700,340,700,2,340,110,True,False,0
2026-10-04T02:11:23.0009872Z,14CA0000,40118,1100,533,340,700,340,700,2,340,110,True,False,0
2026-10-04T02:11:23.0169951Z,14CA0000,40118,1100,533,340,700,340,700,2,340,110,True,False,0
2026-10-04T02:11:23.0321138Z,14CA0000,40118,1100,533,340,700,340,700,2,340,110,True,False,0
2026-10-04T02:11:23.0480986Z,14CA0000,40118,1100,533,340,700,340,700,2,340,110,True,False,0
2026-10-04T02:11:23.0640490Z,14CA0000,40118,1100,533,340,700,340,700,2,340,110,True,False,0
2026-10-04T02:11:23.0801761Z,14CA0000,40118,1100,533,340,700,340,700,2,340,110,True,False,0
2026-10-04T02:11:23.0960740Z,14CA0000,40118,1100,533,340,700,340,700,2,340,110,True,False,0
2026-10-04T02:11:23.1120761Z,14CA0000,40118,1100,533,340,700,340,700,2,340,110,True,False,0
2026-10-04T02:11:23.1281857Z,14CA0000,40118,1100,533,340,700,340,700,2,340,110,True,False,0
2026-10-04T02:11:23.1440537Z,14CA0000,40118,1100,533,340,700,340,700,2,340,110,True,False,0
2026-10-04T02:11:23.1600488Z,14CA0000,40118,1100,533,340,700,340,700,2,340,110,True,False,0
2026-10-04T02:11:23.1761073Z,14CA0000,40118,1100,533,340,700,340,700,2,340,110,True,False,0
2026-10-04T02:11:23.1921211Z,14CA0000,40118,1100,533,340,700,340,700,2,340,110,True,False,0
2026-10-04T02:11:23.2080935Z,14CA0000,40118,1100,533,340,700,340,700,2,340,110,True,False,0
2026-10-04T02:11:23.2230146Z,14CA0000,40118,1100,533,340,700,340,700,2,340,110,True,False,0
2026-10-04T02:11:23.2382424Z,14CA0000,40118,1100,533,340,700,340,700,2,340,110,True,False,0
2026-10-04T02:11:23.2540545Z,14CA0000,40118,1100,533,340,700,340,700,2,340,110,True,False,0
2026-10-04T02:11:23.2699757Z,14CA0000,40118,1100,533,340,700,340,700,2,340,110,True,False,0
2026-10-04T02:11:23.2859977Z,14CA0000,40118,1100,533,340,700,340,700,2,340,110,True,False,0
2026-10-04T02:11:23.3010564Z,14CA0000,40118,1100,533,340,700,340,700,2,340,110,True,False,0
2026-10-04T02:11:23.3159852Z,14CA0000,40118,1100,533,340,700,340,700,2,340,110,True,False,0
2026-10-04T02:11:23.3309929Z,14CA0000,40118,1100,533,340,700,340,700,2,340,110,True,False,0
2026-10-04T02:11:23.3471236Z,14CA0000,40118,1100,533,340,700,340,700,2,340,110,True,False,0
2026-10-04T02:11:23.3620360Z,14CA0000,40118,1100,533,340,700,340,700,2,340,110,True,False,0
2026-10-04T02:11:23.3780881Z,14CA0000,40118,1100,533,340,700,340,700,2,340,110,True,False,0
2026-10-04T02:11:23.3939949Z,14CA0000,40118,1100,533,340,700,340,700,2,340,110,True,False,0
2026-10-04T02:11:23.4100384Z,14CA0000,40118,1100,533,340,700,340,700,2,340,110,True,False,0
2026-10-04T02:11:23.4260397Z,14CA0000,40118,1100,533,340,700,340,700,2,340,110,True,False,0
2026-10-04T02:11:23.4420178Z,14CA0000,40118,1100,533,340,700,340,700,2,340,110,True,False,0
2026-10-04T02:11:23.4572015Z,14CA0000,40118,1100,533,340,700,340,700,2,340,110,True,False,0
2026-10-04T02:11:23.4720227Z,14CA0000,40118,1100,533,340,700,340,700,2,340,110,True,False,0
2026-10-04T02:11:23.4880561Z,14CA0000,40118,1100,533,340,700,340,700,2,340,110,True,False,0
2026-10-04T02:11:23.5039957Z,14CA0000,40118,1100,533,340,700,340,700,2,340,110,True,False,0
2026-10-04T02:11:23.5199974Z,14CA0000,40118,1100,533,340,700,340,700,2,340,110,True,False,0
2026-10-04T02:11:23.5359564Z,14CA0000,40118,1100,533,340,700,340,700,2,340,110,True,False,0
2026-10-04T02:11:23.5510037Z,14CA0000,40118,1100,533,340,700,340,700,2,340,110,True,False,0
2026-10-04T02:11:23.5672046Z,14CA0000,40118,1100,533,340,700,340,700,2,340,110,True,False,0
2026-10-04T02:11:23.5820161Z,14CA0000,40118,1100,533,340,700,340,700,2,340,110,True,False,0
2026-10-04T02:11:23.5970207Z,14CA0000,40118,1100,533,340,700,340,700,2,340,110,True,False,0
2026-10-04T02:11:23.6130071Z,14CA0000,40118,1100,533,340,700,340,700,2,340,110,True,False,0
2026-10-04T02:11:23.6279935Z,14CA0000,40118,1100,533,340,700,340,700,2,340,110,True,False,0
2026-10-04T02:11:23.6439650Z,14CA0000,40118,1100,533,340,700,340,700,2,340,110,True,False,0
2026-10-04T02:11:23.6599991Z,14CA0000,40118,1100,533,340,700,340,700,2,340,110,True,False,0
2026-10-04T02:11:23.6750239Z,14CA0000,40118,1100,533,340,700,340,700,2,340,110,True,False,0
2026-10-04T02:11:23.6910346Z,14CA0000,40118,1100,533,340,700,340,700,2,340,110,True,False,0
2026-10-04T02:11:23.7059924Z,14CA0000,40118,1100,533,340,700,340,700,2,340,110,True,False,0
2026-10-04T02:11:23.7220226Z,14CA0000,40118,1100,533,340,700,340,700,2,340,110,True,False,0
2026-10-04T02:11:23.7370090Z,14CA0000,40118,1100,533,340,700,340,700,2,340,110,True,False,0
2026-10-04T02:11:23.7521636Z,14CA0000,40118,1100,533,340,700,340,700,2,340,110,True,False,0
2026-10-04T02:11:23.7680618Z,14CA0000,40118,1100,533,340,700,340,700,2,340,110,True,False,0
2026-10-04T02:11:23.7847301Z,14CA0000,40118,1100,533,340,700,340,700,2,340,110,True,False,0
2026-10-04T02:11:23.7990597Z,14CA0000,40118,1100,533,340,700,340,700,2,340,110,True,False,0
2026-10-04T02:11:23.8150319Z,14CA0000,40118,1100,533,340,700,340,700,2,340,110,True,False,0
2026-10-04T02:11:23.8300565Z,14CA0000,40118,1100,533,340,700,340,700,2,340,110,True,False,0
2026-10-04T02:11:23.8449900Z,14CA0000,40118,1100,533,340,700,340,700,2,340,110,True,False,0
2026-10-04T02:11:23.8610319Z,14CA0000,40118,1100,533,340,700,340,700,2,340,110,True,False,0
2026-10-04T02:11:23.8760566Z,14CA0000,40118,1100,533,340,700,340,700,2,340,110,True,False,0
2026-10-04T02:11:23.8921429Z,14CA0000,40118,1100,533,340,700,340,700,2,340,110,True,False,0
2026-10-04T02:11:23.9070804Z,14CA0000,40118,1100,533,340,700,340,700,2,340,110,True,False,0
2026-10-04T02:11:23.9225476Z,14CA0000,40118,1100,533,340,700,340,700,2,340,110,True,False,0
2026-10-04T02:11:23.9384783Z,14CA0000,40118,1100,533,340,700,340,700,2,340,110,True,False,0
2026-10-04T02:11:23.9545807Z,14CA0000,40118,1100,533,340,700,340,700,2,340,110,True,False,0
2026-10-04T02:11:23.9705775Z,14CA0000,40118,1100,533,340,700,340,700,2,340,110,True,False,0
2026-10-04T02:11:23.9865337Z,14CA0000,40118,1100,533,340,700,340,700,2,340,110,True,False,0
2026-10-04T02:11:24.0027028Z,14CA0000,40118,1100,533,340,700,340,700,2,340,110,True,False,0
2026-10-04T02:11:24.0180736Z,14CA0000,40118,1100,533,340,700,340,700,2,340,110,True,False,0
2026-10-04T02:11:24.0340693Z,14CA0000,40118,1100,533,340,700,340,700,2,340,110,True,False,0
2026-10-04T02:11:24.0500755Z,14CA0000,40118,1100,533,340,700,340,700,2,340,110,True,False,0
2026-10-04T02:11:24.0660630Z,14CA0000,40118,1100,533,340,700,340,700,2,340,110,True,False,0
2026-10-04T02:11:24.0810323Z,14CA0000,40118,1100,533,340,700,340,700,2,340,110,True,False,0
2026-10-04T02:11:24.0960438Z,14CA0000,40118,1100,533,340,700,340,700,2,340,110,True,False,0
2026-10-04T02:11:24.1111767Z,14CA0000,40118,1100,533,340,700,340,700,2,340,110,True,False,0
2026-10-04T02:11:24.1270590Z,14CA0000,40118,1100,533,340,700,340,700,2,340,110,True,False,0
2026-10-04T02:11:24.1420456Z,14CA0000,40118,1100,533,340,700,340,700,2,340,110,True,False,0
2026-10-04T02:11:24.1580457Z,14CA0000,40118,1100,533,340,700,340,700,2,340,110,True,False,0
2026-10-04T02:11:24.1740544Z,14CA0000,40118,1100,533,340,700,340,700,2,340,110,True,False,0
2026-10-04T02:11:24.1901321Z,14CA0000,40118,1100,533,340,700,340,700,2,340,110,True,False,0
2026-10-04T02:11:24.2060234Z,14CA0000,40118,1100,533,340,700,340,700,2,340,110,True,False,0
2026-10-04T02:11:24.2222550Z,14CA0000,40118,1100,533,340,700,340,700,2,340,110,True,False,0
2026-10-04T02:11:24.2381689Z,14CA0000,40118,1100,533,340,700,340,700,2,340,110,True,False,0
2026-10-04T02:11:24.2540459Z,14CA0000,40118,1100,533,340,700,340,700,2,340,110,True,False,0
2026-10-04T02:11:24.2700332Z,14CA0000,40118,1100,533,340,700,340,700,2,340,110,True,False,0
2026-10-04T02:11:24.2860451Z,14CA0000,40118,1100,533,340,700,340,700,2,340,110,True,False,0
2026-10-04T02:11:24.3020727Z,14CA0000,40118,1100,533,340,700,340,700,2,340,110,True,False,0
2026-10-04T02:11:24.3170409Z,14CA0000,40118,1100,533,340,700,340,700,2,340,110,True,False,0
2026-10-04T02:11:24.3330369Z,14CA0000,40118,1100,533,340,700,340,700,2,340,110,True,False,0
2026-10-04T02:11:24.3480946Z,14CA0000,40118,1100,533,340,700,340,700,2,340,110,True,False,0
2026-10-04T02:11:24.3640440Z,14CA0000,40118,1100,533,340,700,340,700,2,340,110,True,False,0
2026-10-04T02:11:24.3800305Z,14CA0000,40118,1100,533,340,700,340,700,2,340,110,True,False,0
2026-10-04T02:11:24.3960417Z,14CA0000,40118,1100,533,340,700,340,700,2,340,110,True,False,0
2026-10-04T02:11:24.4120564Z,14CA0000,40118,1100,533,340,700,340,700,2,340,110,True,False,0
2026-10-04T02:11:24.4272466Z,14CA0000,40118,1100,533,340,700,340,700,2,340,110,True,False,0
2026-10-04T02:11:24.4432401Z,14CA0000,40118,1100,533,340,700,340,700,2,340,110,True,False,0
2026-10-04T02:11:24.4582606Z,14CA0000,40118,1100,533,340,700,340,700,2,340,110,True,False,0
2026-10-04T02:11:24.4732421Z,14CA0000,40118,1100,533,340,700,340,700,2,340,110,True,False,0
2026-10-04T02:11:24.4892919Z,14CA0000,40118,1100,533,340,700,340,700,2,340,110,True,False,0
2026-10-04T02:11:24.5044696Z,14CA0000,40118,1100,533,340,700,340,700,2,340,110,True,False,0
2026-10-04T02:11:24.5203105Z,14CA0000,40118,1100,533,340,700,340,700,2,340,110,True,False,0
2026-10-04T02:11:24.5363195Z,14CA0000,40118,1100,533,340,700,340,700,2,340,110,True,False,0
2026-10-04T02:11:24.5524176Z,14CA0000,40118,1100,533,340,700,340,700,2,340,110,True,False,0
2026-10-04T02:11:24.5683633Z,14CA0000,40118,1100,533,340,700,340,700,2,340,110,True,False,0
2026-10-04T02:11:24.5832806Z,14CA0000,40118,1100,533,340,700,340,700,2,340,110,True,False,0
2026-10-04T02:11:24.5992652Z,14CA0000,40118,1100,533,340,700,340,700,2,340,110,True,False,0
2026-10-04T02:11:24.6142702Z,14CA0000,40118,1100,533,340,700,340,700,2,340,110,True,False,0
2026-10-04T02:11:24.6302841Z,14CA0000,40118,1100,533,340,700,340,700,2,340,110,True,False,0
2026-10-04T02:11:24.6462906Z,14CA0000,40118,1100,533,340,700,340,700,2,340,110,True,False,0
2026-10-04T02:11:24.6624881Z,14CA0000,40118,1100,533,340,700,340,700,2,340,110,True,False,0
2026-10-04T02:11:24.6783282Z,14CA0000,40118,1100,533,340,700,340,700,2,340,110,True,False,0
2026-10-04T02:11:24.6942804Z,14CA0000,40118,1100,533,340,700,340,700,2,340,110,True,False,0
2026-10-04T02:11:24.7102979Z,14CA0000,40118,1100,533,340,700,340,700,2,340,110,True,False,0
2026-10-04T02:11:24.7262441Z,14CA0000,40118,1100,533,340,700,340,700,2,340,110,True,False,0
2026-10-04T02:11:24.7423046Z,14CA0000,40118,1100,533,340,700,340,700,2,340,110,True,False,0
2026-10-04T02:11:24.7582855Z,14CA0000,40118,1100,533,340,700,340,700,2,340,110,True,False,0
2026-10-04T02:11:24.7735273Z,14CA0000,40118,1100,533,340,700,340,700,2,340,110,True,False,0
2026-10-04T02:11:24.7883298Z,14CA0000,40118,1100,533,340,700,340,700,2,340,110,True,False,0
2026-10-04T02:11:24.8043725Z,14CA0000,40118,1100,533,340,700,340,700,2,340,110,True,False,0
2026-10-04T02:11:24.8203151Z,14CA0000,40118,1100,533,340,700,340,700,2,340,110,True,False,0
2026-10-04T02:11:24.8362954Z,14CA0000,40118,1100,533,340,700,340,700,2,340,110,True,False,0
2026-10-04T02:11:24.8522842Z,14CA0000,40118,1100,533,340,700,340,700,2,340,110,True,False,0
2026-10-04T02:11:24.8672927Z,14CA0000,40118,1100,533,340,700,340,700,2,340,110,True,False,0
2026-10-04T02:11:24.8835884Z,14CA0000,40118,1100,533,340,700,340,700,2,340,110,True,False,0
2026-10-04T02:11:24.8983110Z,14CA0000,40118,1100,533,340,700,340,700,2,340,110,True,False,0
2026-10-04T02:11:24.9142860Z,14CA0000,40118,1100,533,340,700,340,700,2,340,110,True,False,0
2026-10-04T02:11:24.9303978Z,14CA0000,40118,1100,533,340,700,340,700,2,340,110,True,False,0
2026-10-04T02:11:24.9465369Z,14CA0000,40118,1100,533,340,700,340,700,2,340,110,True,False,0
2026-10-04T02:11:24.9623568Z,14CA0000,40118,1100,533,340,700,340,700,2,340,110,True,False,0
2026-10-04T02:11:24.9783701Z,14CA0000,40118,1100,533,340,700,340,700,2,340,110,True,False,0
2026-10-04T02:11:24.9943377Z,14CA0000,40118,1100,533,340,700,340,700,2,340,110,True,False,0
2026-10-04T02:11:25.0103170Z,14CA0000,40118,1100,533,340,700,340,700,2,340,110,True,False,0
2026-10-04T02:11:25.0253201Z,14CA0000,40118,1100,533,340,700,340,700,2,340,110,True,False,0
2026-10-04T02:11:25.0403097Z,14CA0000,40118,1100,533,340,700,340,700,2,340,110,True,False,0
2026-10-04T02:11:25.0562982Z,14CA0000,40118,1100,533,340,700,340,700,2,340,110,True,False,0
2026-10-04T02:11:25.0722650Z,14CA0000,40118,1100,533,340,700,340,700,2,340,110,True,False,0
2026-10-04T02:11:25.0884192Z,14CA0000,40118,1100,533,340,700,340,700,2,340,110,True,False,0
2026-10-04T02:11:25.1043186Z,14CA0000,40118,1100,533,340,700,340,700,2,340,110,True,False,0
2026-10-04T02:11:25.1203391Z,14CA0000,40118,1100,533,340,700,340,700,2,340,110,True,False,0
2026-10-04T02:11:25.1357486Z,14CA0000,40118,1100,533,340,700,340,700,2,340,110,True,False,0
2026-10-04T02:11:25.1517529Z,14CA0000,40118,1100,533,340,700,340,700,2,340,110,True,False,0
2026-10-04T02:11:25.1667490Z,14CA0000,40118,1100,533,340,700,340,700,2,340,110,True,False,0
2026-10-04T02:11:25.1818014Z,14CA0000,40118,1100,533,340,700,340,700,2,340,110,True,False,0
2026-10-04T02:11:25.1977359Z,14CA0000,40118,1100,533,340,700,340,700,2,340,110,True,False,0
2026-10-04T02:11:25.2137613Z,14CA0000,40118,1100,533,340,700,340,700,2,340,110,True,False,0
2026-10-04T02:11:25.2297745Z,14CA0000,40118,1100,533,340,700,340,700,2,340,110,True,False,0
2026-10-04T02:11:25.2457474Z,14CA0000,40118,1100,533,340,700,340,700,2,340,110,True,False,0
2026-10-04T02:11:25.2617366Z,14CA0000,40118,1100,533,340,700,340,700,2,340,110,True,False,0
2026-10-04T02:11:25.2777411Z,14CA0000,40118,1100,533,340,700,340,700,2,340,110,True,False,0
2026-10-04T02:11:25.2937542Z,14CA0000,40118,1100,533,340,700,340,700,2,340,110,True,False,0
2026-10-04T02:11:25.3098060Z,14CA0000,40118,1100,533,340,700,340,700,2,340,110,True,False,0
2026-10-04T02:11:25.3247429Z,14CA0000,40118,1100,533,340,700,340,700,2,340,110,True,False,0
2026-10-04T02:11:25.3407941Z,14CA0000,40118,1100,533,340,700,340,700,2,340,110,True,False,0
2026-10-04T02:11:25.3557479Z,14CA0000,40118,1100,533,340,700,340,700,2,340,110,True,False,0
2026-10-04T02:11:25.3718033Z,14CA0000,40118,1100,533,340,700,340,700,2,340,110,True,False,0
2026-10-04T02:11:25.3877382Z,14CA0000,40118,1100,533,340,700,340,700,2,340,110,True,False,0
2026-10-04T02:11:25.4037436Z,14CA0000,40118,1100,533,340,700,340,700,2,340,110,True,False,0
2026-10-04T02:11:25.4197623Z,14CA0000,40118,1100,533,340,700,340,700,2,340,110,True,False,0
2026-10-04T02:11:25.4347363Z,14CA0000,40118,1100,533,340,700,340,700,2,340,110,True,False,0
2026-10-04T02:11:25.4507394Z,14CA0000,40118,1100,533,340,700,340,700,2,340,110,True,False,0
2026-10-04T02:11:25.4657253Z,14CA0000,40118,1100,533,340,700,340,700,2,340,110,True,False,0
2026-10-04T02:11:25.4812425Z,14CA0000,40118,1100,533,340,700,340,700,2,340,110,True,False,0
2026-10-04T02:11:25.4972103Z,14CA0000,40118,1100,533,340,700,340,700,2,340,110,True,False,0
2026-10-04T02:11:25.5123358Z,14CA0000,40118,1100,533,340,700,340,700,2,340,110,True,False,0
2026-10-04T02:11:25.5282830Z,14CA0000,40118,1100,533,340,700,340,700,2,340,110,True,False,0
2026-10-04T02:11:25.5433858Z,14CA0000,40118,1100,533,340,700,340,700,2,340,110,True,False,0
2026-10-04T02:11:25.5592534Z,14CA0000,40118,1100,533,340,700,340,700,2,340,110,True,False,0
2026-10-04T02:11:25.5752205Z,14CA0000,40118,1100,533,340,700,340,700,2,340,110,True,False,0
2026-10-04T02:11:25.5912589Z,14CA0000,40118,1100,533,340,700,340,700,2,340,110,True,False,0
2026-10-04T02:11:25.6062321Z,14CA0000,40118,1100,533,340,700,340,700,2,340,110,True,False,0
2026-10-04T02:11:25.6212944Z,14CA0000,40118,1100,533,340,700,340,700,2,340,110,True,False,0
2026-10-04T02:11:25.6372506Z,14CA0000,40118,1100,533,340,700,340,700,2,340,110,True,False,0
2026-10-04T02:11:25.6534210Z,14CA0000,40118,1100,533,340,700,340,700,2,340,110,True,False,0
2026-10-04T02:11:25.6692696Z,14CA0000,40118,1100,533,340,700,340,700,2,340,110,True,False,0
2026-10-04T02:11:25.6842254Z,14CA0000,40118,1100,533,340,700,340,700,2,340,110,True,False,0
2026-10-04T02:11:25.6992690Z,14CA0000,40118,1100,533,340,700,340,700,2,340,110,True,False,0
2026-10-04T02:11:25.7152487Z,14CA0000,40118,1100,533,340,700,340,700,2,340,110,True,False,0
2026-10-04T02:11:25.7312562Z,14CA0000,40118,1100,533,340,700,340,700,2,340,110,True,False,0
2026-10-04T02:11:25.7472412Z,14CA0000,40118,1100,533,340,700,340,700,2,340,110,True,False,0
2026-10-04T02:11:25.7632559Z,14CA0000,40118,1100,533,340,700,340,700,2,340,110,True,False,0
2026-10-04T02:11:25.7792671Z,14CA0000,40118,1100,533,340,700,340,700,2,340,110,True,False,0
2026-10-04T02:11:25.7952384Z,14CA0000,40118,1100,533,340,700,340,700,2,340,110,True,False,0
2026-10-04T02:11:25.8104439Z,14CA0000,40118,1100,533,340,700,340,700,2,340,110,True,False,0
2026-10-04T02:11:25.8263937Z,14CA0000,40118,1100,533,340,700,340,700,2,340,110,True,False,0
2026-10-04T02:11:25.8413971Z,14CA0000,40118,1100,533,340,700,340,700,2,340,110,True,False,0
2026-10-04T02:11:25.8564079Z,14CA0000,40118,1100,533,340,700,340,700,2,340,110,True,False,0
2026-10-04T02:11:25.8723566Z,14CA0000,40118,1100,533,340,700,340,700,2,340,110,True,False,0
2026-10-04T02:11:25.8874152Z,14CA0000,40118,1100,533,340,700,340,700,2,340,110,True,False,0
2026-10-04T02:11:25.9033542Z,14CA0000,40118,1100,533,340,700,340,700,2,340,110,True,False,0
2026-10-04T02:11:25.9193639Z,14CA0000,40118,1100,533,340,700,340,700,2,340,110,True,False,0
2026-10-04T02:11:25.9353781Z,14CA0000,40118,1100,533,340,700,340,700,2,340,110,True,False,0
2026-10-04T02:11:25.9514132Z,14CA0000,40118,1100,533,340,700,340,700,2,340,110,True,False,0
2026-10-04T02:11:25.9673959Z,14CA0000,40118,1100,533,340,700,340,700,2,340,110,True,False,0
2026-10-04T02:11:25.9833880Z,14CA0000,40118,1100,533,340,700,340,700,2,340,110,True,False,0
2026-10-04T02:11:25.9993960Z,14CA0000,40118,1100,533,340,700,340,700,2,340,110,True,False,0
2026-10-04T02:11:26.0154087Z,14CA0000,40118,1100,533,340,700,340,700,2,340,110,True,False,0
2026-10-04T02:11:26.0314096Z,14CA0000,40118,1100,533,340,700,340,700,2,340,110,True,False,0
2026-10-04T02:11:26.0470577Z,14CA0000,40118,1100,533,340,700,340,700,2,340,110,True,False,0
2026-10-04T02:11:26.0630552Z,14CA0000,40118,1100,533,340,700,340,700,2,340,110,True,False,0
2026-10-04T02:11:26.0792668Z,14CA0000,40118,1100,533,340,700,340,700,2,340,110,True,False,0
2026-10-04T02:11:26.0951077Z,14CA0000,40118,1100,533,340,700,340,700,2,340,110,True,False,0
2026-10-04T02:11:26.1110955Z,14CA0000,40118,1100,533,340,700,340,700,2,340,110,True,False,0
2026-10-04T02:11:26.1270855Z,14CA0000,40118,1100,533,340,700,340,700,2,340,110,True,False,0
2026-10-04T02:11:26.1431135Z,14CA0000,40118,1100,533,340,700,340,700,2,340,110,True,False,0
2026-10-04T02:11:26.1590827Z,14CA0000,40118,1100,533,340,700,340,700,2,340,110,True,False,0
2026-10-04T02:11:26.1750936Z,14CA0000,40118,1100,533,340,700,340,700,2,340,110,True,False,0
2026-10-04T02:11:26.1903747Z,14CA0000,40118,1100,533,340,700,340,700,2,340,110,True,False,0
2026-10-04T02:11:26.2060596Z,14CA0000,40118,1100,533,340,700,340,700,2,340,110,True,False,0
2026-10-04T02:11:26.2211362Z,14CA0000,40118,1100,533,340,700,340,700,2,340,110,True,False,0
2026-10-04T02:11:26.2371262Z,14CA0000,40118,1100,533,340,700,340,700,2,340,110,True,False,0
2026-10-04T02:11:26.2531084Z,14CA0000,40118,1100,533,340,700,340,700,2,340,110,True,False,0
2026-10-04T02:11:26.2690773Z,14CA0000,40118,1100,533,340,700,340,700,2,340,110,True,False,0
2026-10-04T02:11:26.2851013Z,14CA0000,40118,1100,533,340,700,340,700,2,340,110,True,False,0
2026-10-04T02:11:26.3013142Z,14CA0000,40118,1100,533,340,700,340,700,2,340,110,True,False,0
2026-10-04T02:11:26.3171113Z,14CA0000,40118,1100,533,340,700,340,700,2,340,110,True,False,0
2026-10-04T02:11:26.3331164Z,14CA0000,40118,1100,533,340,700,340,700,2,340,110,True,False,0
2026-10-04T02:11:26.3486436Z,14CA0000,40118,1100,533,340,700,340,700,2,340,110,True,False,0
2026-10-04T02:11:26.3646256Z,14CA0000,40118,1100,533,340,700,340,700,2,340,110,True,False,0
2026-10-04T02:11:26.3806331Z,14CA0000,40118,1100,533,340,700,340,700,2,340,110,True,False,0
2026-10-04T02:11:26.3961417Z,14CA0000,40118,1100,533,340,700,340,700,2,340,110,True,False,0
2026-10-04T02:11:26.4121568Z,14CA0000,40118,1100,533,340,700,340,700,2,340,110,True,False,0
2026-10-04T02:11:26.4281405Z,14CA0000,40118,1100,533,340,700,340,700,2,340,110,True,False,0
2026-10-04T02:11:26.4441605Z,14CA0000,40118,1100,533,340,700,340,700,2,340,110,True,False,0
2026-10-04T02:11:26.4601551Z,14CA0000,40118,1100,533,340,700,340,700,2,340,110,True,False,0
2026-10-04T02:11:26.4761629Z,14CA0000,40118,1100,533,340,700,340,700,2,340,110,True,False,0
2026-10-04T02:11:26.4921396Z,14CA0000,40118,1100,533,340,700,340,700,2,340,110,True,False,0
2026-10-04T02:11:26.5081413Z,14CA0000,40118,1100,533,340,700,340,700,2,340,110,True,False,0
2026-10-04T02:11:26.5241330Z,14CA0000,40118,1100,533,340,700,340,700,2,340,110,True,False,0
2026-10-04T02:11:26.5401942Z,14CA0000,40118,1100,533,340,700,340,700,2,340,110,True,False,0
2026-10-04T02:11:26.5561899Z,14CA0000,40118,1100,533,340,700,340,700,2,340,110,True,False,0
2026-10-04T02:11:26.5721203Z,14CA0000,40118,1100,533,340,700,340,700,2,340,110,True,False,0
2026-10-04T02:11:26.5881914Z,14CA0000,40118,1100,533,340,700,340,700,2,340,110,True,False,0
2026-10-04T02:11:26.6041406Z,14CA0000,40118,1100,533,340,700,340,700,2,340,110,True,False,0
2026-10-04T02:11:26.6201653Z,14CA0000,40118,1100,533,340,700,340,700,2,340,110,True,False,0
2026-10-04T02:11:26.6361644Z,14CA0000,40118,1100,533,340,700,340,700,2,340,110,True,False,0
2026-10-04T02:11:26.6511753Z,14CA0000,40118,1100,533,340,700,340,700,2,340,110,True,False,0
2026-10-04T02:11:26.6661960Z,14CA0000,40118,1100,533,340,700,340,700,2,340,110,True,False,0
2026-10-04T02:11:26.6821640Z,14CA0000,40118,1100,533,340,700,340,700,2,340,110,True,False,0
2026-10-04T02:11:26.6981736Z,14CA0000,40118,1100,533,340,700,340,700,2,340,110,True,False,0
2026-10-04T02:11:26.7141753Z,14CA0000,40118,1100,533,340,700,340,700,2,340,110,True,False,0
2026-10-04T02:11:26.7301667Z,14CA0000,40118,1100,533,340,700,340,700,2,340,110,True,False,0
2026-10-04T02:11:26.7461556Z,14CA0000,40118,1100,533,340,700,340,700,2,340,110,True,False,0
2026-10-04T02:11:26.7621633Z,14CA0000,40118,1100,533,340,700,340,700,2,340,110,True,False,0
2026-10-04T02:11:26.7781710Z,14CA0000,40118,1100,533,340,700,340,700,2,340,110,True,False,0
2026-10-04T02:11:26.7941621Z,14CA0000,40118,1100,533,340,700,340,700,2,340,110,True,False,0
2026-10-04T02:11:26.8102029Z,14CA0000,40118,1100,533,340,700,340,700,2,340,110,True,False,0
2026-10-04T02:11:26.8261621Z,14CA0000,40118,1100,533,340,700,340,700,2,340,110,True,False,0
2026-10-04T02:11:26.8421464Z,14CA0000,40118,1100,533,340,700,340,700,2,340,110,True,False,0
2026-10-04T02:11:26.8581543Z,14CA0000,40118,1100,533,340,700,340,700,2,340,110,True,False,0
2026-10-04T02:11:26.8731237Z,14CA0000,40118,1100,533,340,700,340,700,2,340,110,True,False,0
2026-10-04T02:11:26.8884133Z,14CA0000,40118,1100,533,340,700,340,700,2,340,110,True,False,0
2026-10-04T02:11:26.9042248Z,14CA0000,40118,1100,533,340,700,340,700,2,340,110,True,False,0
2026-10-04T02:11:26.9202042Z,14CA0000,40118,1100,533,340,700,340,700,2,340,110,True,False,0
2026-10-04T02:11:26.9352183Z,14CA0000,40118,1100,533,340,700,340,700,2,340,110,True,False,0
2026-10-04T02:11:26.9501771Z,14CA0000,40118,1100,533,340,700,340,700,2,340,110,True,False,0
2026-10-04T02:11:26.9663912Z,14CA0000,40118,1100,533,340,700,340,700,2,340,110,True,False,0
2026-10-04T02:11:26.9811809Z,14CA0000,40118,1100,533,340,700,340,700,2,340,110,True,False,0
2026-10-04T02:11:26.9971989Z,14CA0000,40118,1100,533,340,700,340,700,2,340,110,True,False,0
2026-10-04T02:11:27.0121935Z,14CA0000,40118,1100,533,340,700,340,700,2,340,110,True,False,0
2026-10-04T02:11:27.0281611Z,14CA0000,40118,1100,533,340,700,340,700,2,340,110,True,False,0
2026-10-04T02:11:27.0441930Z,14CA0000,40118,1100,533,340,700,340,700,2,340,110,True,False,0
2026-10-04T02:11:27.0601628Z,14CA0000,40118,1100,533,340,700,340,700,2,340,110,True,False,0
2026-10-04T02:11:27.0762271Z,14CA0000,40118,1100,533,340,700,340,700,2,340,110,True,False,0
2026-10-04T02:11:27.0920119Z,14CA0000,40118,1100,533,340,700,340,700,2,340,110,True,False,0
2026-10-04T02:11:27.1080680Z,14CA0000,40118,1100,533,340,700,340,700,2,340,110,True,False,0
2026-10-04T02:11:27.1240113Z,14CA0000,40118,1100,533,340,700,340,700,2,340,110,True,False,0
2026-10-04T02:11:27.1401363Z,14CA0000,40118,1100,533,340,700,340,700,2,340,110,True,False,0
2026-10-04T02:11:27.1560950Z,14CA0000,40118,1100,533,340,700,340,700,2,340,110,True,False,0
2026-10-04T02:11:27.1722999Z,14CA0000,40118,1100,533,340,700,340,700,2,340,110,True,False,0
2026-10-04T02:11:27.1882433Z,14CA0000,40118,1100,533,340,700,340,700,2,340,110,True,False,0
2026-10-04T02:11:27.2041372Z,14CA0000,40118,1100,533,340,700,340,700,2,340,110,True,False,0
2026-10-04T02:11:27.2201177Z,14CA0000,40118,1100,533,340,700,340,700,2,340,110,True,False,0
2026-10-04T02:11:27.2361001Z,14CA0000,40118,1100,533,340,700,340,700,2,340,110,True,False,0
2026-10-04T02:11:27.2511205Z,14CA0000,40118,1100,533,340,700,340,700,2,340,110,True,False,0
2026-10-04T02:11:27.2670516Z,14CA0000,40118,1100,533,340,700,340,700,2,340,110,True,False,0
2026-10-04T02:11:27.2823455Z,14CA0000,40118,1100,533,340,700,340,700,2,340,110,True,False,0
2026-10-04T02:11:27.2980910Z,14CA0000,40118,1100,533,340,700,340,700,2,340,110,True,False,0
2026-10-04T02:11:27.3141070Z,14CA0000,40118,1100,533,340,700,340,700,2,340,110,True,False,0
2026-10-04T02:11:27.3301226Z,14CA0000,40118,1100,533,340,700,340,700,2,340,110,True,False,0
2026-10-04T02:11:27.3461028Z,14CA0000,40118,1100,533,340,700,340,700,2,340,110,True,False,0
2026-10-04T02:11:27.3621119Z,14CA0000,40118,1100,533,340,700,340,700,2,340,110,True,False,0
2026-10-04T02:11:27.3781328Z,14CA0000,40118,1100,533,340,700,340,700,2,340,110,True,False,0
2026-10-04T02:11:27.3942336Z,14CA0000,40118,1100,533,340,700,340,700,2,340,110,True,False,0
2026-10-04T02:11:27.4100789Z,14CA0000,40118,1100,533,340,700,340,700,2,340,110,True,False,0
2026-10-04T02:11:27.4261117Z,14CA0000,40118,1100,533,340,700,340,700,2,340,110,True,False,0
2026-10-04T02:11:27.4421599Z,14CA0000,40118,1100,533,340,700,340,700,2,340,110,True,False,0
2026-10-04T02:11:27.4581105Z,14CA0000,40118,1100,533,340,700,340,700,2,340,110,True,False,0
2026-10-04T02:11:27.4731417Z,14CA0000,40118,1100,533,340,700,340,700,2,340,110,True,False,0
2026-10-04T02:11:27.4881943Z,14CA0000,40118,1100,533,340,700,340,700,2,340,110,True,False,0
2026-10-04T02:11:27.5043873Z,14CA0000,40118,1100,533,340,700,340,700,2,340,110,True,False,0
2026-10-04T02:11:27.5201083Z,14CA0000,40118,1100,533,340,700,340,700,2,340,110,True,False,0
2026-10-04T02:11:27.5360998Z,14CA0000,40118,1100,533,340,700,340,700,2,340,110,True,False,0
2026-10-04T02:11:27.5513028Z,14CA0000,40118,1100,533,340,700,340,700,2,340,110,True,False,0
2026-10-04T02:11:27.5662701Z,14CA0000,40118,1100,533,340,700,340,700,2,340,110,True,False,0
2026-10-04T02:11:27.5822338Z,14CA0000,40118,1100,533,340,700,340,700,2,340,110,True,False,0
2026-10-04T02:11:27.5973017Z,14CA0000,40118,1100,533,340,700,340,700,2,340,110,True,False,0
2026-10-04T02:11:27.6125155Z,14CA0000,40118,1100,533,340,700,340,700,2,340,110,True,False,0
2026-10-04T02:11:27.6282675Z,14CA0000,40118,1100,533,340,700,340,700,2,340,110,True,False,0
2026-10-04T02:11:27.6437937Z,14CA0000,40118,1100,533,340,700,340,700,2,340,110,True,False,0
2026-10-04T02:11:27.6597995Z,14CA0000,40118,1100,533,340,700,340,700,2,340,110,True,False,0
2026-10-04T02:11:27.6757937Z,14CA0000,40118,1100,533,340,700,340,700,2,340,110,True,False,0
2026-10-04T02:11:27.6917955Z,14CA0000,40118,1100,533,340,700,340,700,2,340,110,True,False,0
2026-10-04T02:11:27.7068209Z,14CA0000,40118,1100,533,340,700,340,700,2,340,110,True,False,0
2026-10-04T02:11:27.7217520Z,14CA0000,40118,1100,533,340,700,340,700,2,340,110,True,False,0
2026-10-04T02:11:27.7377684Z,14CA0000,40118,1100,533,340,700,340,700,2,340,110,True,False,0
2026-10-04T02:11:27.7527941Z,14CA0000,40118,1100,533,340,700,340,700,2,340,110,True,False,0
2026-10-04T02:11:27.7679114Z,14CA0000,40118,1100,533,340,700,340,700,2,340,110,True,False,0
2026-10-04T02:11:27.7838372Z,14CA0000,40118,1100,533,340,700,340,700,2,340,110,True,False,0
2026-10-04T02:11:27.7998811Z,14CA0000,40118,1100,533,340,700,340,700,2,340,110,True,False,0
2026-10-04T02:11:27.8151133Z,14CA0000,40118,1100,533,340,700,340,700,2,340,110,True,False,0
2026-10-04T02:11:27.8311845Z,14CA0000,40118,1100,533,340,700,340,700,2,340,110,True,False,0
2026-10-04T02:11:27.8460218Z,14CA0000,40118,1100,533,340,700,340,700,2,340,110,True,False,0
2026-10-04T02:11:27.8620995Z,14CA0000,40118,1100,533,340,700,340,700,2,340,110,True,False,0
2026-10-04T02:11:27.8780538Z,14CA0000,40118,1100,533,340,700,340,700,2,340,110,True,False,0
2026-10-04T02:11:27.8940676Z,14CA0000,40118,1100,533,340,700,340,700,2,340,110,True,False,0
2026-10-04T02:11:27.9100424Z,14CA0000,40118,1100,533,340,700,340,700,2,340,110,True,False,0
2026-10-04T02:11:27.9261162Z,14CA0000,40118,1100,533,340,700,340,700,2,340,110,True,False,0
2026-10-04T02:11:27.9423650Z,14CA0000,40118,1100,533,340,700,340,700,2,340,110,True,False,0
2026-10-04T02:11:27.9580542Z,14CA0000,40118,1100,533,340,700,340,700,2,340,110,True,False,0
2026-10-04T02:11:27.9730598Z,14CA0000,40118,1100,533,340,700,340,700,2,340,110,True,False,0
2026-10-04T02:11:27.9881466Z,14CA0000,40118,1100,533,340,700,340,700,2,340,110,True,False,0
2026-10-04T02:11:28.0040619Z,14CA0000,40118,1100,533,340,700,340,700,2,340,110,True,False,0
2026-10-04T02:11:28.0200116Z,14CA0000,40118,1100,533,340,700,340,700,2,340,110,True,False,0
2026-10-04T02:11:28.0360246Z,14CA0000,40118,1100,533,340,700,340,700,2,340,110,True,False,0
2026-10-04T02:11:28.0512276Z,14CA0000,40118,1100,533,340,700,340,700,2,340,110,True,False,0
2026-10-04T02:11:28.0660958Z,14CA0000,40118,1100,533,340,700,340,700,2,340,110,True,False,0
2026-10-04T02:11:28.0810735Z,14CA0000,40118,1100,533,340,700,340,700,2,340,110,True,False,0
2026-10-04T02:11:28.0970628Z,14CA0000,40118,1100,533,340,700,340,700,2,340,110,True,False,0
2026-10-04T02:11:28.1120487Z,14CA0000,40118,1100,533,340,700,340,700,2,340,110,True,False,0
2026-10-04T02:11:28.1280946Z,14CA0000,40118,1100,533,340,700,340,700,2,340,110,True,False,0
2026-10-04T02:11:28.1440540Z,14CA0000,40118,1100,533,340,700,340,700,2,340,110,True,False,0
2026-10-04T02:11:28.1602412Z,14CA0000,40118,1100,533,340,700,340,700,2,340,110,True,False,0
2026-10-04T02:11:28.1760697Z,14CA0000,40118,1100,533,340,700,340,700,2,340,110,True,False,0
2026-10-04T02:11:28.1921302Z,14CA0000,40118,1100,533,340,700,340,700,2,340,110,True,False,0
2026-10-04T02:11:28.2081108Z,14CA0000,40118,1100,533,340,700,340,700,2,340,110,True,False,0
2026-10-04T02:11:28.2240720Z,14CA0000,40118,1100,533,340,700,340,700,2,340,110,True,False,0
2026-10-04T02:11:28.2401123Z,14CA0000,40118,1100,533,340,700,340,700,2,340,110,True,False,0
2026-10-04T02:11:28.2560913Z,14CA0000,40118,1100,533,340,700,340,700,2,340,110,True,False,0
2026-10-04T02:11:28.2722469Z,14CA0000,40118,1100,533,340,700,340,700,2,340,110,True,False,0
2026-10-04T02:11:28.2881116Z,14CA0000,40118,1100,533,340,700,340,700,2,340,110,True,False,0
2026-10-04T02:11:28.3041174Z,14CA0000,40118,1100,533,340,700,340,700,2,340,110,True,False,0
2026-10-04T02:11:28.3201254Z,14CA0000,40118,1100,533,340,700,340,700,2,340,110,True,False,0
2026-10-04T02:11:28.3360566Z,14CA0000,40118,1100,533,340,700,340,700,2,340,110,True,False,0
2026-10-04T02:11:28.3510575Z,14CA0000,40118,1100,533,340,700,340,700,2,340,110,True,False,0
2026-10-04T02:11:28.3670996Z,14CA0000,40118,1100,533,340,700,340,700,2,340,110,True,False,0
2026-10-04T02:11:28.3820940Z,14CA0000,40118,1100,533,340,700,340,700,2,340,110,True,False,0
2026-10-04T02:11:28.3980844Z,14CA0000,40118,1100,533,340,700,340,700,2,340,110,True,False,0
2026-10-04T02:11:28.4140751Z,14CA0000,40118,1100,533,340,700,340,700,2,340,110,True,False,0
2026-10-04T02:11:28.4302521Z,14CA0000,40118,1100,533,340,700,340,700,2,340,110,True,False,0
2026-10-04T02:11:28.4460820Z,14CA0000,40118,1100,533,340,700,340,700,2,340,110,True,False,0
2026-10-04T02:11:28.4621122Z,14CA0000,40118,1100,533,340,700,340,700,2,340,110,True,False,0
2026-10-04T02:11:28.4780954Z,14CA0000,40118,1100,533,340,700,340,700,2,340,110,True,False,0
2026-10-04T02:11:28.4930678Z,14CA0000,40118,1100,533,340,700,340,700,2,340,110,True,False,0
2026-10-04T02:11:28.5091004Z,14CA0000,40118,1100,533,340,700,340,700,2,340,110,True,False,0
2026-10-04T02:11:28.5241061Z,14CA0000,40118,1100,533,340,700,340,700,2,340,110,True,False,0
2026-10-04T02:11:28.5401045Z,14CA0000,40118,1100,533,340,700,340,700,2,340,110,True,False,0
2026-10-04T02:11:28.5550718Z,14CA0000,40118,1100,533,340,700,340,700,2,340,110,True,False,0
2026-10-04T02:11:28.5700528Z,14CA0000,40118,1100,533,340,700,340,700,2,340,110,True,False,0
2026-10-04T02:11:28.5861114Z,14CA0000,40118,1100,533,340,700,340,700,2,340,110,True,False,0
2026-10-04T02:11:28.6011143Z,14CA0000,40118,1100,533,340,700,340,700,2,340,110,True,False,0
2026-10-04T02:11:28.6162886Z,14CA0000,40118,1100,533,340,700,340,700,2,340,110,True,False,0
2026-10-04T02:11:28.6311105Z,14CA0000,40118,1100,533,340,700,340,700,2,340,110,True,False,0
2026-10-04T02:11:28.6471162Z,14CA0000,40118,1100,533,340,700,340,700,2,340,110,True,False,0
2026-10-04T02:11:28.6621058Z,14CA0000,40118,1100,533,340,700,340,700,2,340,110,True,False,0
2026-10-04T02:11:28.6781091Z,14CA0000,40118,1100,533,340,700,340,700,2,340,110,True,False,0
2026-10-04T02:11:28.6940697Z,14CA0000,40118,1100,533,340,700,340,700,2,340,110,True,False,0
2026-10-04T02:11:28.7103118Z,14CA0000,40118,1100,533,340,700,340,700,2,340,110,True,False,0
2026-10-04T02:11:28.7261140Z,14CA0000,40118,1100,533,340,700,340,700,2,340,110,True,False,0
2026-10-04T02:11:28.7421264Z,14CA0000,40118,1100,533,340,700,340,700,2,340,110,True,False,0
2026-10-04T02:11:28.7576722Z,14CA0000,40118,1100,533,340,700,340,700,2,340,110,True,False,0
2026-10-04T02:11:28.7726294Z,14CA0000,40118,1100,533,340,700,340,700,2,340,110,True,False,0
2026-10-04T02:11:28.7886362Z,14CA0000,40118,1100,533,340,700,340,700,2,340,110,True,False,0
2026-10-04T02:11:28.8036732Z,14CA0000,40118,1100,533,340,700,340,700,2,340,110,True,False,0
2026-10-04T02:11:28.8198583Z,14CA0000,40118,1100,533,340,700,340,700,2,340,110,True,False,0
2026-10-04T02:11:28.8346187Z,14CA0000,40118,1100,533,340,700,340,700,2,340,110,True,False,0
2026-10-04T02:11:28.8497299Z,14CA0000,40118,1100,533,340,700,340,700,2,340,110,True,False,0
2026-10-04T02:11:28.8657415Z,14CA0000,40118,1100,533,340,700,340,700,2,340,110,True,False,0
2026-10-04T02:11:28.8817348Z,14CA0000,40118,1100,533,340,700,340,700,2,340,110,True,False,0
2026-10-04T02:11:28.8967442Z,14CA0000,40118,1100,533,340,700,340,700,2,340,110,True,False,0
2026-10-04T02:11:28.9127408Z,14CA0000,40118,1100,533,340,700,340,700,2,340,110,True,False,0
2026-10-04T02:11:28.9279252Z,14CA0000,40118,1100,533,340,700,340,700,2,340,110,True,False,0
2026-10-04T02:11:28.9437435Z,14CA0000,40118,1100,533,340,700,340,700,2,340,110,True,False,0
2026-10-04T02:11:28.9592943Z,14CA0000,40118,1100,533,340,700,340,700,2,340,110,True,False,0
2026-10-04T02:11:28.9752738Z,14CA0000,40118,1100,533,340,700,340,700,2,340,110,True,False,0
2026-10-04T02:11:28.9902705Z,14CA0000,40118,1100,533,340,700,340,700,2,340,110,True,False,0
2026-10-04T02:11:29.0052798Z,14CA0000,40118,1100,533,340,700,340,700,2,340,110,True,False,0
2026-10-04T02:11:29.0213113Z,14CA0000,40118,1100,533,340,700,340,700,2,340,110,True,False,0
2026-10-04T02:11:29.0372563Z,14CA0000,40118,1100,533,340,700,340,700,2,340,110,True,False,0
2026-10-04T02:11:29.0532678Z,14CA0000,40118,1100,533,340,700,340,700,2,340,110,True,False,0
2026-10-04T02:11:29.0692649Z,14CA0000,40118,1100,533,340,700,340,700,2,340,110,True,False,0
2026-10-04T02:11:29.0842869Z,14CA0000,40118,1100,533,340,700,340,700,2,340,110,True,False,0
2026-10-04T02:11:29.1002905Z,14CA0000,40118,1100,533,340,700,340,700,2,340,110,True,False,0
2026-10-04T02:11:29.1152633Z,14CA0000,40118,1100,533,340,700,340,700,2,340,110,True,False,0
2026-10-04T02:11:29.1312775Z,14CA0000,40118,1100,533,340,700,340,700,2,340,110,True,False,0
2026-10-04T02:11:29.1472465Z,14CA0000,40118,1100,533,340,700,340,700,2,340,110,True,False,0
2026-10-04T02:11:29.1632528Z,14CA0000,40118,1100,533,340,700,340,700,2,340,110,True,False,0
2026-10-04T02:11:29.1793215Z,14CA0000,40118,1100,533,340,700,340,700,2,340,110,True,False,0
2026-10-04T02:11:29.1953302Z,14CA0000,40118,1100,533,340,700,340,700,2,340,110,True,False,0
2026-10-04T02:11:29.2113241Z,14CA0000,40118,1100,533,340,700,340,700,2,340,110,True,False,0
2026-10-04T02:11:29.2272912Z,14CA0000,40118,1100,533,340,700,340,700,2,340,110,True,False,0
2026-10-04T02:11:29.2433068Z,14CA0000,40118,1100,533,340,700,340,700,2,340,110,True,False,0
2026-10-04T02:11:29.2592833Z,14CA0000,40118,1100,533,340,700,340,700,2,340,110,True,False,0
2026-10-04T02:11:29.2752732Z,14CA0000,40118,1100,533,340,700,340,700,2,340,110,True,False,0
2026-10-04T02:11:29.2906771Z,14CA0000,40118,1100,533,340,700,340,700,2,340,110,True,False,0
2026-10-04T02:11:29.3066592Z,14CA0000,40118,1100,533,340,700,340,700,2,340,110,True,False,0
2026-10-04T02:11:29.3226903Z,14CA0000,40118,1100,533,340,700,340,700,2,340,110,True,False,0
2026-10-04T02:11:29.3386996Z,14CA0000,40118,1100,533,340,700,340,700,2,340,110,True,False,0
2026-10-04T02:11:29.3546788Z,14CA0000,40118,1100,533,340,700,340,700,2,340,110,True,False,0
2026-10-04T02:11:29.3706379Z,14CA0000,40118,1100,533,340,700,340,700,2,340,110,True,False,0
2026-10-04T02:11:29.3866951Z,14CA0000,40118,1100,533,340,700,340,700,2,340,110,True,False,0
2026-10-04T02:11:29.4016614Z,14CA0000,40118,1100,533,340,700,340,700,2,340,110,True,False,0
2026-10-04T02:11:29.4166786Z,14CA0000,40118,1100,533,340,700,340,700,2,340,110,True,False,0
2026-10-04T02:11:29.4326875Z,14CA0000,40118,1100,533,340,700,340,700,2,340,110,True,False,0
2026-10-04T02:11:29.4487103Z,14CA0000,40118,1100,533,340,700,340,700,2,340,110,True,False,0
2026-10-04T02:11:29.4646923Z,14CA0000,40118,1100,533,340,700,340,700,2,340,110,True,False,0
2026-10-04T02:11:29.4806864Z,14CA0000,40118,1100,533,340,700,340,700,2,340,110,True,False,0
2026-10-04T02:11:29.4967085Z,14CA0000,40118,1100,533,340,700,340,700,2,340,110,True,False,0
2026-10-04T02:11:29.5127586Z,14CA0000,40118,1100,533,340,700,340,700,2,340,110,True,False,0
2026-10-04T02:11:29.5287036Z,14CA0000,40118,1100,533,340,700,340,700,2,340,110,True,False,0
2026-10-04T02:11:29.5446783Z,14CA0000,40118,1100,533,340,700,340,700,2,340,110,True,False,0
2026-10-04T02:11:29.5607172Z,14CA0000,40118,1100,533,340,700,340,700,2,340,110,True,False,0
2026-10-04T02:11:29.5766757Z,14CA0000,40118,1100,533,340,700,340,700,2,340,110,True,False,0
2026-10-04T02:11:29.5926720Z,14CA0000,40118,1100,533,340,700,340,700,2,340,110,True,False,0
2026-10-04T02:11:29.6086396Z,14CA0000,40118,1100,533,340,700,340,700,2,340,110,True,False,0
2026-10-04T02:11:29.6246664Z,14CA0000,40118,1100,533,340,700,340,700,2,340,110,True,False,0
2026-10-04T02:11:29.6406516Z,14CA0000,40118,1100,533,340,700,340,700,2,340,110,True,False,0
2026-10-04T02:11:29.6566991Z,14CA0000,40118,1100,533,340,700,340,700,2,340,110,True,False,0
2026-10-04T02:11:29.6722889Z,14CA0000,40118,1100,533,340,700,340,700,2,340,110,True,False,0
2026-10-04T02:11:29.6878826Z,14CA0000,40118,1100,533,340,700,340,700,2,340,110,True,False,0
2026-10-04T02:11:29.7037341Z,14CA0000,40118,1100,533,340,700,340,700,2,340,110,True,False,0
2026-10-04T02:11:29.7197875Z,14CA0000,40118,1100,533,340,700,340,700,2,340,110,True,False,0
2026-10-04T02:11:29.7347322Z,14CA0000,40118,1100,533,340,700,340,700,2,340,110,True,False,0
2026-10-04T02:11:29.7497104Z,14CA0000,40118,1100,533,340,700,340,700,2,340,110,True,False,0
2026-10-04T02:11:29.7656734Z,14CA0000,40118,1100,533,340,700,340,700,2,340,110,True,False,0
2026-10-04T02:11:29.7817570Z,14CA0000,40118,1100,533,340,700,340,700,2,340,110,True,False,0
2026-10-04T02:11:29.7978782Z,14CA0000,40118,1100,533,340,700,340,700,2,340,110,True,False,0
2026-10-04T02:11:29.8137371Z,14CA0000,40118,1100,533,340,700,340,700,2,340,110,True,False,0
2026-10-04T02:11:29.8296744Z,14CA0000,40118,1100,533,340,700,340,700,2,340,110,True,False,0
2026-10-04T02:11:29.8458018Z,14CA0000,40118,1100,533,340,700,340,700,2,340,110,True,False,0
2026-10-04T02:11:29.8616715Z,14CA0000,40118,1100,533,340,700,340,700,2,340,110,True,False,0
2026-10-04T02:11:29.8777165Z,14CA0000,40118,1100,533,340,700,340,700,2,340,110,True,False,0
2026-10-04T02:11:29.8936773Z,14CA0000,40118,1100,533,340,700,340,700,2,340,110,True,False,0
2026-10-04T02:11:29.9098616Z,14CA0000,40118,1100,533,340,700,340,700,2,340,110,True,False,0
2026-10-04T02:11:29.9257223Z,14CA0000,40118,1100,533,340,700,340,700,2,340,110,True,False,0
2026-10-04T02:11:29.9416785Z,14CA0000,40118,1100,533,340,700,340,700,2,340,110,True,False,0
2026-10-04T02:11:29.9567500Z,14CA0000,40118,1100,533,340,700,340,700,2,340,110,True,False,0
2026-10-04T02:11:29.9727670Z,14CA0000,40118,1100,533,340,700,340,700,2,340,110,True,False,0
2026-10-04T02:11:29.9882455Z,14CA0000,40118,1100,533,340,700,340,700,2,340,110,True,False,0
2026-10-04T02:11:30.0042544Z,14CA0000,40118,1100,533,340,700,340,700,2,340,110,True,False,0
2026-10-04T02:11:30.0204069Z,14CA0000,40118,1100,533,340,700,340,700,2,340,110,True,False,0
2026-10-04T02:11:30.0362176Z,14CA0000,40118,1100,533,340,700,340,700,2,340,110,True,False,0
2026-10-04T02:11:30.0522325Z,14CA0000,40118,1100,533,340,700,340,700,2,340,110,True,False,0
2026-10-04T02:11:30.0682450Z,14CA0000,40118,1100,533,340,700,340,700,2,340,110,True,False,0
2026-10-04T02:11:30.0833037Z,14CA0000,40118,1100,533,340,700,340,700,2,340,110,True,False,0
2026-10-04T02:11:30.0982669Z,14CA0000,40118,1100,533,340,700,340,700,2,340,110,True,False,0
2026-10-04T02:11:30.1142765Z,14CA0000,40118,1100,533,340,700,340,700,2,340,110,True,False,0
2026-10-04T02:11:30.1304000Z,14CA0000,40118,1100,533,340,700,340,700,2,340,110,True,False,0
2026-10-04T02:11:30.1462421Z,14CA0000,40118,1100,533,340,700,340,700,2,340,110,True,False,0
2026-10-04T02:11:30.1622462Z,14CA0000,40118,1100,533,340,700,340,700,2,340,110,True,False,0
2026-10-04T02:11:30.1783250Z,14CA0000,40118,1100,533,340,700,340,700,2,340,110,True,False,0
2026-10-04T02:11:30.1943021Z,14CA0000,40118,1100,533,340,700,340,700,2,340,110,True,False,0
2026-10-04T02:11:30.2102621Z,14CA0000,40118,1100,533,340,700,340,700,2,340,110,True,False,0
2026-10-04T02:11:30.2262432Z,14CA0000,40118,1100,533,340,700,340,700,2,340,110,True,False,0
2026-10-04T02:11:30.2424164Z,14CA0000,40118,1100,533,340,700,340,700,2,340,110,True,False,0
2026-10-04T02:11:30.2582246Z,14CA0000,40118,1100,533,340,700,340,700,2,340,110,True,False,0
2026-10-04T02:11:30.2743056Z,14CA0000,40118,1100,533,340,700,340,700,2,340,110,True,False,0
2026-10-04T02:11:30.2902914Z,14CA0000,40118,1100,533,340,700,340,700,2,340,110,True,False,0
2026-10-04T02:11:30.3062832Z,14CA0000,40118,1100,533,340,700,340,700,2,340,110,True,False,0
2026-10-04T02:11:30.3222279Z,14CA0000,40118,1100,533,340,700,340,700,2,340,110,True,False,0
2026-10-04T02:11:30.3383273Z,14CA0000,40118,1100,533,340,700,340,700,2,340,110,True,False,0
2026-10-04T02:11:30.3542080Z,14CA0000,40118,1100,533,340,700,340,700,2,340,110,True,False,0
2026-10-04T02:11:30.3692182Z,14CA0000,40118,1100,533,340,700,340,700,2,340,110,True,False,0
2026-10-04T02:11:30.3842303Z,14CA0000,40118,1100,533,340,700,340,700,2,340,110,True,False,0
2026-10-04T02:11:30.4002304Z,14CA0000,40118,1100,533,340,700,340,700,2,340,110,True,False,0
2026-10-04T02:11:30.4162183Z,14CA0000,40118,1100,533,340,700,340,700,2,340,110,True,False,0
2026-10-04T02:11:30.4322482Z,14CA0000,40118,1100,533,340,700,340,700,2,340,110,True,False,0
2026-10-04T02:11:30.4482488Z,14CA0000,40118,1100,533,340,700,340,700,2,340,110,True,False,0
2026-10-04T02:11:30.4642452Z,14CA0000,40118,1100,533,340,700,340,700,2,340,110,True,False,0
2026-10-04T02:11:30.4792420Z,14CA0000,40118,1100,533,340,700,340,700,2,340,110,True,False,0
2026-10-04T02:11:30.4942403Z,14CA0000,40118,1100,533,340,700,340,700,2,340,110,True,False,0
2026-10-04T02:11:30.5102692Z,14CA0000,40118,1100,533,340,700,340,700,2,340,110,True,False,0
2026-10-04T02:11:30.5262320Z,14CA0000,40118,1100,533,340,700,340,700,2,340,110,True,False,0
2026-10-04T02:11:30.5422234Z,14CA0000,40118,1100,533,340,700,340,700,2,340,110,True,False,0
2026-10-04T02:11:30.5582202Z,14CA0000,40118,1100,533,340,700,340,700,2,340,110,True,False,0
2026-10-04T02:11:30.5732562Z,14CA0000,40118,1100,533,340,700,340,700,2,340,110,True,False,0
2026-10-04T02:11:30.5883612Z,14CA0000,40118,1100,533,340,700,340,700,2,340,110,True,False,0
2026-10-04T02:11:30.6042473Z,14CA0000,40118,1100,533,340,700,340,700,2,340,110,True,False,0
2026-10-04T02:11:30.6202325Z,14CA0000,40118,1100,533,340,700,340,700,2,340,110,True,False,0
2026-10-04T02:11:30.6362553Z,14CA0000,40118,1100,533,340,700,340,700,2,340,110,True,False,0
2026-10-04T02:11:30.6522363Z,14CA0000,40118,1100,533,340,700,340,700,2,340,110,True,False,0
2026-10-04T02:11:30.6671962Z,14CA0000,40118,1100,533,340,700,340,700,2,340,110,True,False,0
2026-10-04T02:11:30.6832065Z,14CA0000,40118,1100,533,340,700,340,700,2,340,110,True,False,0
2026-10-04T02:11:30.6982541Z,14CA0000,40118,1100,533,340,700,340,700,2,340,110,True,False,0
2026-10-04T02:11:30.7142162Z,14CA0000,40118,1100,533,340,700,340,700,2,340,110,True,False,0
2026-10-04T02:11:30.7302807Z,14CA0000,40118,1100,533,340,700,340,700,2,340,110,True,False,0
2026-10-04T02:11:30.7462352Z,14CA0000,40118,1100,533,340,700,340,700,2,340,110,True,False,0
2026-10-04T02:11:30.7622177Z,14CA0000,40118,1100,533,340,700,340,700,2,340,110,True,False,0
2026-10-04T02:11:30.7782285Z,14CA0000,40118,1100,533,340,700,340,700,2,340,110,True,False,0
2026-10-04T02:11:30.7942355Z,14CA0000,40118,1100,533,340,700,340,700,2,340,110,True,False,0
2026-10-04T02:11:30.8102604Z,14CA0000,40118,1100,533,340,700,340,700,2,340,110,True,False,0
2026-10-04T02:11:30.8261961Z,14CA0000,40118,1100,533,340,700,340,700,2,340,110,True,False,0
2026-10-04T02:11:30.8422409Z,14CA0000,40118,1100,533,340,700,340,700,2,340,110,True,False,0
2026-10-04T02:11:30.8582371Z,14CA0000,40118,1100,533,340,700,340,700,2,340,110,True,False,0
2026-10-04T02:11:30.8732751Z,14CA0000,40118,1100,533,340,700,340,700,2,340,110,True,False,0
2026-10-04T02:11:30.8892022Z,14CA0000,40118,1100,533,340,700,340,700,2,340,110,True,False,0
2026-10-04T02:11:30.9044628Z,14CA0000,40118,1100,533,340,700,340,700,2,340,110,True,False,0
2026-10-04T02:11:30.9203181Z,14CA0000,40118,1100,533,340,700,340,700,2,340,110,True,False,0
2026-10-04T02:11:30.9352639Z,14CA0000,40118,1100,533,340,700,340,700,2,340,110,True,False,0
2026-10-04T02:11:30.9502668Z,14CA0000,40118,1100,533,340,700,340,700,2,340,110,True,False,0
2026-10-04T02:11:30.9662320Z,14CA0000,40118,1100,533,340,700,340,700,2,340,110,True,False,0
2026-10-04T02:11:30.9816798Z,14CA0000,40118,1100,533,340,700,340,700,2,340,110,True,False,0
2026-10-04T02:11:30.9976948Z,14CA0000,40118,1100,533,340,700,340,700,2,340,110,True,False,0
2026-10-04T02:11:31.0138459Z,14CA0000,40118,1100,533,340,700,340,700,2,340,110,True,False,0
2026-10-04T02:11:31.0296648Z,14CA0000,40118,1100,533,340,700,340,700,2,340,110,True,False,0
2026-10-04T02:11:31.0457359Z,14CA0000,40118,1100,533,340,700,340,700,2,340,110,True,False,0
2026-10-04T02:11:31.0617199Z,14CA0000,40118,1100,533,340,700,340,700,2,340,110,True,False,0
2026-10-04T02:11:31.0776354Z,14CA0000,40118,1100,533,340,700,340,700,2,340,110,True,False,0
2026-10-04T02:11:31.0936894Z,14CA0000,40118,1100,533,340,700,340,700,2,340,110,True,False,0
2026-10-04T02:11:31.1098395Z,14CA0000,40118,1100,533,340,700,340,700,2,340,110,True,False,0
2026-10-04T02:11:31.1256631Z,14CA0000,40118,1100,533,340,700,340,700,2,340,110,True,False,0
2026-10-04T02:11:31.1416861Z,14CA0000,40118,1100,533,340,700,340,700,2,340,110,True,False,0
2026-10-04T02:11:31.1567125Z,14CA0000,40118,1100,533,340,700,340,700,2,340,110,True,False,0
2026-10-04T02:11:31.1726596Z,14CA0000,40118,1100,533,340,700,340,700,2,340,110,True,False,0
2026-10-04T02:11:31.1878575Z,14CA0000,40118,1100,533,340,700,340,700,2,340,110,True,False,0
2026-10-04T02:11:31.2037502Z,14CA0000,40118,1100,533,340,700,340,700,2,340,110,True,False,0
2026-10-04T02:11:31.2198071Z,14CA0000,40118,1100,533,340,700,340,700,2,340,110,True,False,0
2026-10-04T02:11:31.2347354Z,14CA0000,40118,1100,533,340,700,340,700,2,340,110,True,False,0
2026-10-04T02:11:31.2506771Z,14CA0000,40118,1100,533,340,700,340,700,2,340,110,True,False,0
2026-10-04T02:11:31.2656847Z,14CA0000,40118,1100,533,340,700,340,700,2,340,110,True,False,0
2026-10-04T02:11:31.2817051Z,14CA0000,40118,1100,533,340,700,340,700,2,340,110,True,False,0
2026-10-04T02:11:31.2976773Z,14CA0000,40118,1100,533,340,700,340,700,2,340,110,True,False,0
2026-10-04T02:11:31.3137521Z,14CA0000,40118,1100,533,340,700,340,700,2,340,110,True,False,0
2026-10-04T02:11:31.3298292Z,14CA0000,40118,1100,533,340,700,340,700,2,340,110,True,False,0
2026-10-04T02:11:31.3456965Z,14CA0000,40118,1100,533,340,700,340,700,2,340,110,True,False,0
2026-10-04T02:11:31.3616423Z,14CA0000,40118,1100,533,340,700,340,700,2,340,110,True,False,0
2026-10-04T02:11:31.3777354Z,14CA0000,40118,1100,533,340,700,340,700,2,340,110,True,False,0
2026-10-04T02:11:31.3936933Z,14CA0000,40118,1100,533,340,700,340,700,2,340,110,True,False,0
2026-10-04T02:11:31.4096674Z,14CA0000,40118,1100,533,340,700,340,700,2,340,110,True,False,0
2026-10-04T02:11:31.4256847Z,14CA0000,40118,1100,533,340,700,340,700,2,340,110,True,False,0
2026-10-04T02:11:31.4418525Z,14CA0000,40118,1100,533,340,700,340,700,2,340,110,True,False,0
2026-10-04T02:11:31.4567007Z,14CA0000,40118,1100,533,340,700,340,700,2,340,110,True,False,0
2026-10-04T02:11:31.4716969Z,14CA0000,40118,1100,533,340,700,340,700,2,340,110,True,False,0
2026-10-04T02:11:31.4876587Z,14CA0000,40118,1100,533,340,700,340,700,2,340,110,True,False,0
2026-10-04T02:11:31.5037370Z,14CA0000,40118,1100,533,340,700,340,700,2,340,110,True,False,0
2026-10-04T02:11:31.5196823Z,14CA0000,40118,1100,533,340,700,340,700,2,340,110,True,False,0
2026-10-04T02:11:31.5346685Z,14CA0000,40118,1100,533,340,700,340,700,2,340,110,True,False,0
2026-10-04T02:11:31.5499596Z,14CA0000,40118,1100,533,340,700,340,700,2,340,110,True,False,0
2026-10-04T02:11:31.5656593Z,14CA0000,40118,1100,533,340,700,340,700,2,340,110,True,False,0
2026-10-04T02:11:31.5816700Z,14CA0000,40118,1100,533,340,700,340,700,2,340,110,True,False,0
2026-10-04T02:11:31.5976860Z,14CA0000,40118,1100,533,340,700,340,700,2,340,110,True,False,0
2026-10-04T02:11:31.6137155Z,14CA0000,40118,1100,533,340,700,340,700,2,340,110,True,False,0
2026-10-04T02:11:31.6296616Z,14CA0000,40118,1100,533,340,700,340,700,2,340,110,True,False,0
2026-10-04T02:11:31.6456936Z,14CA0000,40118,1100,533,340,700,340,700,2,340,110,True,False,0
2026-10-04T02:11:31.6617950Z,14CA0000,40118,1100,533,340,700,340,700,2,340,110,True,False,0
2026-10-04T02:11:31.6777327Z,14CA0000,40118,1100,533,340,700,340,700,2,340,110,True,False,0
2026-10-04T02:11:31.6931817Z,14CA0000,40118,1100,533,340,700,340,700,2,340,110,True,False,0
2026-10-04T02:11:31.7091918Z,14CA0000,40118,1100,533,340,700,340,700,2,340,110,True,False,0
2026-10-04T02:11:31.7251991Z,14CA0000,40118,1100,533,340,700,340,700,2,340,110,True,False,0
2026-10-04T02:11:31.7402854Z,14CA0000,40118,1100,533,340,700,340,700,2,340,110,True,False,0
2026-10-04T02:11:31.7551479Z,14CA0000,40118,1100,533,340,700,340,700,2,340,110,True,False,0
2026-10-04T02:11:31.7711776Z,14CA0000,40118,1100,533,340,700,340,700,2,340,110,True,False,0
2026-10-04T02:11:31.7872014Z,14CA0000,40118,1100,533,340,700,340,700,2,340,110,True,False,0
2026-10-04T02:11:31.8032535Z,14CA0000,40118,1100,533,340,700,340,700,2,340,110,True,False,0
2026-10-04T02:11:31.8191706Z,14CA0000,40118,1100,533,340,700,340,700,2,340,110,True,False,0
2026-10-04T02:11:31.8342088Z,14CA0000,40118,1100,533,340,700,340,700,2,340,110,True,False,0
2026-10-04T02:11:31.8502008Z,14CA0000,40118,1100,533,340,700,340,700,2,340,110,True,False,0
2026-10-04T02:11:31.8651879Z,14CA0000,40118,1100,533,340,700,340,700,2,340,110,True,False,0
2026-10-04T02:11:31.8812094Z,14CA0000,40118,1100,533,340,700,340,700,2,340,110,True,False,0
2026-10-04T02:11:31.8971800Z,14CA0000,40118,1100,533,340,700,340,700,2,340,110,True,False,0
2026-10-04T02:11:31.9131740Z,14CA0000,40118,1100,533,340,700,340,700,2,340,110,True,False,0
2026-10-04T02:11:31.9292502Z,14CA0000,40118,1100,533,340,700,340,700,2,340,110,True,False,0
2026-10-04T02:11:31.9451793Z,14CA0000,40118,1100,533,340,700,340,700,2,340,110,True,False,0
2026-10-04T02:11:31.9611751Z,14CA0000,40118,1100,533,340,700,340,700,2,340,110,True,False,0
2026-10-04T02:11:31.9771623Z,14CA0000,40118,1100,533,340,700,340,700,2,340,110,True,False,0
2026-10-04T02:11:31.9931827Z,14CA0000,40118,1100,533,340,700,340,700,2,340,110,True,False,0
2026-10-04T02:11:32.0091801Z,14CA0000,40118,1100,533,340,700,340,700,2,340,110,True,False,0
2026-10-04T02:11:32.0252065Z,14CA0000,40118,1100,533,340,700,340,700,2,340,110,True,False,0
2026-10-04T02:11:32.0411644Z,14CA0000,40118,1100,533,340,700,340,700,2,340,110,True,False,0
2026-10-04T02:11:32.0572549Z,14CA0000,40118,1100,533,340,700,340,700,2,340,110,True,False,0
2026-10-04T02:11:32.0732302Z,14CA0000,40118,1100,533,340,700,340,700,2,340,110,True,False,0
2026-10-04T02:11:32.0887069Z,14CA0000,40118,1100,533,340,700,340,700,2,340,110,True,False,0
2026-10-04T02:11:32.1046854Z,14CA0000,40118,1100,533,340,700,340,700,2,340,110,True,False,0
2026-10-04T02:11:32.1206698Z,14CA0000,40118,1100,533,340,700,340,700,2,340,110,True,False,0
2026-10-04T02:11:32.1366629Z,14CA0000,40118,1100,533,340,700,340,700,2,340,110,True,False,0
2026-10-04T02:11:32.1526772Z,14CA0000,40118,1100,533,340,700,340,700,2,340,110,True,False,0
2026-10-04T02:11:32.1686318Z,14CA0000,40118,1100,533,340,700,340,700,2,340,110,True,False,0
2026-10-04T02:11:32.1838237Z,14CA0000,40118,1100,533,340,700,340,700,2,340,110,True,False,0
2026-10-04T02:11:32.1986780Z,14CA0000,40118,1100,533,340,700,340,700,2,340,110,True,False,0
2026-10-04T02:11:32.2149245Z,14CA0000,40118,1100,533,340,700,340,700,2,340,110,True,False,0
2026-10-04T02:11:32.2306793Z,14CA0000,40118,1100,533,340,700,340,700,2,340,110,True,False,0
2026-10-04T02:11:32.2467011Z,14CA0000,40118,1100,533,340,700,340,700,2,340,110,True,False,0
2026-10-04T02:11:32.2626668Z,14CA0000,40118,1100,533,340,700,340,700,2,340,110,True,False,0
2026-10-04T02:11:32.2787020Z,14CA0000,40118,1100,533,340,700,340,700,2,340,110,True,False,0
2026-10-04T02:11:32.2946720Z,14CA0000,40118,1100,533,340,700,340,700,2,340,110,True,False,0
2026-10-04T02:11:32.3107894Z,14CA0000,40118,1100,533,340,700,340,700,2,340,110,True,False,0
2026-10-04T02:11:32.3268448Z,14CA0000,40118,1100,533,340,700,340,700,2,340,110,True,False,0
2026-10-04T02:11:32.3416897Z,14CA0000,40118,1100,533,340,700,340,700,2,340,110,True,False,0
2026-10-04T02:11:32.3566898Z,14CA0000,40118,1100,533,340,700,340,700,2,340,110,True,False,0
2026-10-04T02:11:32.3727012Z,14CA0000,40118,1100,533,340,700,340,700,2,340,110,True,False,0
2026-10-04T02:11:32.3878253Z,14CA0000,40118,1100,533,340,700,340,700,2,340,110,True,False,0
2026-10-04T02:11:32.4038764Z,14CA0000,40118,1100,533,340,700,340,700,2,340,110,True,False,0
2026-10-04T02:11:32.4188510Z,14CA0000,40118,1100,533,340,700,340,700,2,340,110,True,False,0
2026-10-04T02:11:32.4348701Z,14CA0000,40118,1100,533,340,700,340,700,2,340,110,True,False,0
2026-10-04T02:11:32.4508475Z,14CA0000,40118,1100,533,340,700,340,700,2,340,110,True,False,0
2026-10-04T02:11:32.4668694Z,14CA0000,40118,1100,533,340,700,340,700,2,340,110,True,False,0
2026-10-04T02:11:32.4828634Z,14CA0000,40118,1100,533,340,700,340,700,2,340,110,True,False,0
2026-10-04T02:11:32.4984373Z,14CA0000,40118,1100,533,340,700,340,700,2,340,110,True,False,0
2026-10-04T02:11:32.5144518Z,14CA0000,40118,1100,533,340,700,340,700,2,340,110,True,False,0
2026-10-04T02:11:32.5303888Z,14CA0000,40118,1100,533,340,700,340,700,2,340,110,True,False,0
2026-10-04T02:11:32.5464247Z,14CA0000,40118,1100,533,340,700,340,700,2,340,110,True,False,0
2026-10-04T02:11:32.5624009Z,14CA0000,40118,1100,533,340,700,340,700,2,340,110,True,False,0
2026-10-04T02:11:32.5784083Z,14CA0000,40118,1100,533,340,700,340,700,2,340,110,True,False,0
2026-10-04T02:11:32.5943851Z,14CA0000,40118,1100,533,340,700,340,700,2,340,110,True,False,0
2026-10-04T02:11:32.6105016Z,14CA0000,40118,1100,533,340,700,340,700,2,340,110,True,False,0
2026-10-04T02:11:32.6263881Z,14CA0000,40118,1100,533,340,700,340,700,2,340,110,True,False,0
2026-10-04T02:11:32.6425550Z,14CA0000,40118,1100,533,340,700,340,700,2,340,110,True,False,0
2026-10-04T02:11:32.6583757Z,14CA0000,40118,1100,533,340,700,340,700,2,340,110,True,False,0
2026-10-04T02:11:32.6734387Z,14CA0000,40118,1100,533,340,700,340,700,2,340,110,True,False,0
2026-10-04T02:11:32.6884094Z,14CA0000,40118,1100,533,340,700,340,700,2,340,110,True,False,0
2026-10-04T02:11:32.7043411Z,14CA0000,40118,1100,533,340,700,340,700,2,340,110,True,False,0
2026-10-04T02:11:32.7203579Z,14CA0000,40118,1100,533,340,700,340,700,2,340,110,True,False,0
2026-10-04T02:11:32.7363670Z,14CA0000,40118,1100,533,340,700,340,700,2,340,110,True,False,0
2026-10-04T02:11:32.7525747Z,14CA0000,40118,1100,533,340,700,340,700,2,340,110,True,False,0
2026-10-04T02:11:32.7673710Z,14CA0000,40118,1100,533,340,700,340,700,2,340,110,True,False,0
2026-10-04T02:11:32.7833699Z,14CA0000,40118,1100,533,340,700,340,700,2,340,110,True,False,0
2026-10-04T02:11:32.7983785Z,14CA0000,40118,1100,533,340,700,340,700,2,340,110,True,False,0
2026-10-04T02:11:32.8144078Z,14CA0000,40118,1100,533,340,700,340,700,2,340,110,True,False,0
2026-10-04T02:11:32.8303885Z,14CA0000,40118,1100,533,340,700,340,700,2,340,110,True,False,0
2026-10-04T02:11:32.8463683Z,14CA0000,40118,1100,533,340,700,340,700,2,340,110,True,False,0
2026-10-04T02:11:32.8624829Z,14CA0000,40118,1100,533,340,700,340,700,2,340,110,True,False,0
2026-10-04T02:11:32.8783814Z,14CA0000,40118,1100,533,340,700,340,700,2,340,110,True,False,0
2026-10-04T02:11:32.8943634Z,14CA0000,40118,1100,533,340,700,340,700,2,340,110,True,False,0
2026-10-04T02:11:32.9103696Z,14CA0000,40118,1100,533,340,700,340,700,2,340,110,True,False,0
2026-10-04T02:11:32.9264298Z,14CA0000,40118,1100,533,340,700,340,700,2,340,110,True,False,0
2026-10-04T02:11:32.9423972Z,14CA0000,40118,1100,533,340,700,340,700,2,340,110,True,False,0
2026-10-04T02:11:32.9583713Z,14CA0000,40118,1100,533,340,700,340,700,2,340,110,True,False,0
2026-10-04T02:11:32.9745311Z,14CA0000,40118,1100,533,340,700,340,700,2,340,110,True,False,0
2026-10-04T02:11:32.9903914Z,14CA0000,40118,1100,533,340,700,340,700,2,340,110,True,False,0
2026-10-04T02:11:33.0063965Z,14CA0000,40118,1100,533,340,700,340,700,2,340,110,True,False,0
2026-10-04T02:11:33.0223932Z,14CA0000,40118,1100,533,340,700,340,700,2,340,110,True,False,0
2026-10-04T02:11:33.0374209Z,14CA0000,40118,1100,533,340,700,340,700,2,340,110,True,False,0
2026-10-04T02:11:33.0533687Z,14CA0000,40118,1100,533,340,700,340,700,2,340,110,True,False,0
2026-10-04T02:11:33.0683358Z,14CA0000,40118,1100,533,340,700,340,700,2,340,110,True,False,0
2026-10-04T02:11:33.0843701Z,14CA0000,40118,1100,533,340,700,340,700,2,340,110,True,False,0
2026-10-04T02:11:33.1004143Z,14CA0000,40118,1100,533,340,700,340,700,2,340,110,True,False,0
2026-10-04T02:11:33.1163674Z,14CA0000,40118,1100,533,340,700,340,700,2,340,110,True,False,0
2026-10-04T02:11:33.1324269Z,14CA0000,40118,1100,533,340,700,340,700,2,340,110,True,False,0
2026-10-04T02:11:33.1483817Z,14CA0000,40118,1100,533,340,700,340,700,2,340,110,True,False,0
2026-10-04T02:11:33.1643781Z,14CA0000,40118,1100,533,340,700,340,700,2,340,110,True,False,0
2026-10-04T02:11:33.1804093Z,14CA0000,40118,1100,533,340,700,340,700,2,340,110,True,False,0
2026-10-04T02:11:33.1959359Z,14CA0000,40118,1100,533,340,700,340,700,2,340,110,True,False,0
2026-10-04T02:11:33.2119012Z,14CA0000,40118,1100,533,340,700,340,700,2,340,110,True,False,0
2026-10-04T02:11:33.2279350Z,14CA0000,40118,1100,533,340,700,340,700,2,340,110,True,False,0
2026-10-04T02:11:33.2438953Z,14CA0000,40118,1100,533,340,700,340,700,2,340,110,True,False,0
2026-10-04T02:11:33.2598688Z,14CA0000,40118,1100,533,340,700,340,700,2,340,110,True,False,0
2026-10-04T02:11:33.2759012Z,14CA0000,40118,1100,533,340,700,340,700,2,340,110,True,False,0
2026-10-04T02:11:33.2919240Z,14CA0000,40118,1100,533,340,700,340,700,2,340,110,True,False,0
2026-10-04T02:11:33.3075166Z,14CA0000,40118,1100,533,340,700,340,700,2,340,110,True,False,0
2026-10-04T02:11:33.3234548Z,14CA0000,40118,1100,533,340,700,340,700,2,340,110,True,False,0
2026-10-04T02:11:33.3394249Z,14CA0000,40118,1100,533,340,700,340,700,2,340,110,True,False,0
2026-10-04T02:11:33.3554358Z,14CA0000,40118,1100,533,340,700,340,700,2,340,110,True,False,0
2026-10-04T02:11:33.3714401Z,14CA0000,40118,1100,533,340,700,340,700,2,340,110,True,False,0
2026-10-04T02:11:33.3874466Z,14CA0000,40118,1100,533,340,700,340,700,2,340,110,True,False,0
2026-10-04T02:11:33.4033983Z,14CA0000,40118,1100,533,340,700,340,700,2,340,110,True,False,0
2026-10-04T02:11:33.4194193Z,14CA0000,40118,1100,533,340,700,340,700,2,340,110,True,False,0
2026-10-04T02:11:33.4353886Z,14CA0000,40118,1100,533,340,700,340,700,2,340,110,True,False,0
2026-10-04T02:11:33.4504075Z,14CA0000,40118,1100,533,340,700,340,700,2,340,110,True,False,0
2026-10-04T02:11:33.4654096Z,14CA0000,40118,1100,533,340,700,340,700,2,340,110,True,False,0
2026-10-04T02:11:33.4814167Z,14CA0000,40118,1100,533,340,700,340,700,2,340,110,True,False,0
2026-10-04T02:11:33.4974144Z,14CA0000,40118,1100,533,340,700,340,700,2,340,110,True,False,0
2026-10-04T02:11:33.5134239Z,14CA0000,40118,1100,533,340,700,340,700,2,340,110,True,False,0
2026-10-04T02:11:33.5293964Z,14CA0000,40118,1100,533,340,700,340,700,2,340,110,True,False,0
2026-10-04T02:11:33.5454610Z,14CA0000,40118,1100,533,340,700,340,700,2,340,110,True,False,0
2026-10-04T02:11:33.5614054Z,14CA0000,40118,1100,533,340,700,340,700,2,340,110,True,False,0
2026-10-04T02:11:33.5774157Z,14CA0000,40118,1100,533,340,700,340,700,2,340,110,True,False,0
2026-10-04T02:11:33.5924304Z,14CA0000,40118,1100,533,340,700,340,700,2,340,110,True,False,0
2026-10-04T02:11:33.6075464Z,14CA0000,40118,1100,533,340,700,340,700,2,340,110,True,False,0
2026-10-04T02:11:33.6235296Z,14CA0000,40118,1100,533,340,700,340,700,2,340,110,True,False,0
2026-10-04T02:11:33.6387418Z,14CA0000,40118,1100,533,340,700,340,700,2,340,110,True,False,0
2026-10-04T02:11:33.6534325Z,14CA0000,40118,1100,533,340,700,340,700,2,340,110,True,False,0
2026-10-04T02:11:33.6694223Z,14CA0000,40118,1100,533,340,700,340,700,2,340,110,True,False,0
2026-10-04T02:11:33.6844272Z,14CA0000,40118,1100,533,340,700,340,700,2,340,110,True,False,0
2026-10-04T02:11:33.6994505Z,14CA0000,40118,1100,533,340,700,340,700,2,340,110,True,False,0
2026-10-04T02:11:33.7154396Z,14CA0000,40118,1100,533,340,700,340,700,2,340,110,True,False,0
2026-10-04T02:11:33.7314335Z,14CA0000,40118,1100,533,340,700,340,700,2,340,110,True,False,0
2026-10-04T02:11:33.7474283Z,14CA0000,40118,1100,533,340,700,340,700,2,340,110,True,False,0
2026-10-04T02:11:33.7634425Z,14CA0000,40118,1100,533,340,700,340,700,2,340,110,True,False,0
2026-10-04T02:11:33.7794423Z,14CA0000,40118,1100,533,340,700,340,700,2,340,110,True,False,0
2026-10-04T02:11:33.7954117Z,14CA0000,40118,1100,533,340,700,340,700,2,340,110,True,False,0
2026-10-04T02:11:33.8110117Z,14CA0000,40118,1100,533,340,700,340,700,2,340,110,True,False,0
2026-10-04T02:11:33.8270229Z,14CA0000,40118,1100,533,340,700,340,700,2,340,110,True,False,0
2026-10-04T02:11:33.8429599Z,14CA0000,40118,1100,533,340,700,340,700,2,340,110,True,False,0
2026-10-04T02:11:33.8590107Z,14CA0000,40118,1100,533,340,700,340,700,2,340,110,True,False,0
2026-10-04T02:11:33.8750043Z,14CA0000,40118,1100,533,340,700,340,700,2,340,110,True,False,0
2026-10-04T02:11:33.8909600Z,14CA0000,40118,1100,533,340,700,340,700,2,340,110,True,False,0
2026-10-04T02:11:33.9070216Z,14CA0000,40118,1100,533,340,700,340,700,2,340,110,True,False,0
2026-10-04T02:11:33.9230107Z,14CA0000,40118,1100,533,340,700,340,700,2,340,110,True,False,0
2026-10-04T02:11:33.9389635Z,14CA0000,40118,1100,533,340,700,340,700,2,340,110,True,False,0
2026-10-04T02:11:33.9551645Z,14CA0000,40118,1100,533,340,700,340,700,2,340,110,True,False,0
2026-10-04T02:11:33.9710098Z,14CA0000,40118,1100,533,340,700,340,700,2,340,110,True,False,0
2026-10-04T02:11:33.9869765Z,14CA0000,40118,1100,533,340,700,340,700,2,340,110,True,False,0
2026-10-04T02:11:34.0029626Z,14CA0000,40118,1100,533,340,700,340,700,2,340,110,True,False,0
2026-10-04T02:11:34.0190411Z,14CA0000,40118,1100,533,340,700,340,700,2,340,110,True,False,0
2026-10-04T02:11:34.0349900Z,14CA0000,40118,1100,533,340,700,340,700,2,340,110,True,False,0
2026-10-04T02:11:34.0510333Z,14CA0000,40118,1100,533,340,700,340,700,2,340,110,True,False,0
2026-10-04T02:11:34.0671456Z,14CA0000,40118,1100,533,340,700,340,700,2,340,110,True,False,0
2026-10-04T02:11:34.0829810Z,14CA0000,40118,1100,533,340,700,340,700,2,340,110,True,False,0
2026-10-04T02:11:34.0979879Z,14CA0000,40118,1100,533,340,700,340,700,2,340,110,True,False,0
2026-10-04T02:11:34.1140643Z,14CA0000,40118,1100,533,340,700,340,700,2,340,110,True,False,0
2026-10-04T02:11:34.1289720Z,14CA0000,40118,1100,533,340,700,340,700,2,340,110,True,False,0
2026-10-04T02:11:34.1449917Z,14CA0000,40118,1100,533,340,700,340,700,2,340,110,True,False,0
2026-10-04T02:11:34.1609966Z,14CA0000,40118,1100,533,340,700,340,700,2,340,110,True,False,0
2026-10-04T02:11:34.1771535Z,14CA0000,40118,1100,533,340,700,340,700,2,340,110,True,False,0
2026-10-04T02:11:34.1920185Z,14CA0000,40118,1100,533,340,700,340,700,2,340,110,True,False,0
2026-10-04T02:11:34.2072333Z,14CA0000,40118,1100,533,340,700,340,700,2,340,110,True,False,0
2026-10-04T02:11:34.2230014Z,14CA0000,40118,1100,533,340,700,340,700,2,340,110,True,False,0
2026-10-04T02:11:34.2390207Z,14CA0000,40118,1100,533,340,700,340,700,2,340,110,True,False,0
2026-10-04T02:11:34.2539829Z,14CA0000,40118,1100,533,340,700,340,700,2,340,110,True,False,0
2026-10-04T02:11:34.2700490Z,14CA0000,40118,1100,533,340,700,340,700,2,340,110,True,False,0
2026-10-04T02:11:34.2851428Z,14CA0000,40118,1100,533,340,700,340,700,2,340,110,True,False,0
2026-10-04T02:11:34.2999822Z,14CA0000,40118,1100,533,340,700,340,700,2,340,110,True,False,0
2026-10-04T02:11:34.3155620Z,14CA0000,40118,1100,533,340,700,340,700,2,340,110,True,False,0
2026-10-04T02:11:34.3314957Z,14CA0000,40118,1100,533,340,700,340,700,2,340,110,True,False,0
2026-10-04T02:11:34.3475105Z,14CA0000,40118,1100,533,340,700,340,700,2,340,110,True,False,0
2026-10-04T02:11:34.3635257Z,14CA0000,40118,1100,533,340,700,340,700,2,340,110,True,False,0
2026-10-04T02:11:34.3795140Z,14CA0000,40118,1100,533,340,700,340,700,2,340,110,True,False,0
2026-10-04T02:11:34.3955297Z,14CA0000,40118,1100,533,340,700,340,700,2,340,110,True,False,0
2026-10-04T02:11:34.4110082Z,14CA0000,40118,1100,533,340,700,340,700,2,340,110,True,False,0
2026-10-04T02:11:34.4270143Z,14CA0000,40118,1100,533,340,700,340,700,2,340,110,True,False,0
2026-10-04T02:11:34.4429992Z,14CA0000,40118,1100,533,340,700,340,700,2,340,110,True,False,0
2026-10-04T02:11:34.4579948Z,14CA0000,40118,1100,533,340,700,340,700,2,340,110,True,False,0
2026-10-04T02:11:34.4730016Z,14CA0000,40118,1100,533,340,700,340,700,2,340,110,True,False,0
2026-10-04T02:11:34.4890539Z,14CA0000,40118,1100,533,340,700,340,700,2,340,110,True,False,0
2026-10-04T02:11:34.5041291Z,14CA0000,40118,1100,533,340,700,340,700,2,340,110,True,False,0
2026-10-04T02:11:34.5190544Z,14CA0000,40118,1100,533,340,700,340,700,2,340,110,True,False,0
2026-10-04T02:11:34.5340638Z,14CA0000,40118,1100,533,340,700,340,700,2,340,110,True,False,0
2026-10-04T02:11:34.5500811Z,14CA0000,40118,1100,533,340,700,340,700,2,340,110,True,False,0
2026-10-04T02:11:34.5650239Z,14CA0000,40118,1100,533,340,700,340,700,2,340,110,True,False,0
2026-10-04T02:11:34.5800003Z,14CA0000,40118,1100,533,340,700,340,700,2,340,110,True,False,0
2026-10-04T02:11:34.5960215Z,14CA0000,40118,1100,533,340,700,340,700,2,340,110,True,False,0
2026-10-04T02:11:34.6112056Z,14CA0000,40118,1100,533,340,700,340,700,2,340,110,True,False,0
2026-10-04T02:11:34.6260218Z,14CA0000,40118,1100,533,340,700,340,700,2,340,110,True,False,0
2026-10-04T02:11:34.6420158Z,14CA0000,40118,1100,533,340,700,340,700,2,340,110,True,False,0
2026-10-04T02:11:34.6570096Z,14CA0000,40118,1100,533,340,700,340,700,2,340,110,True,False,0
2026-10-04T02:11:34.6729703Z,14CA0000,40118,1100,533,340,700,340,700,2,340,110,True,False,0
2026-10-04T02:11:34.6890189Z,14CA0000,40118,1100,533,340,700,340,700,2,340,110,True,False,0
2026-10-04T02:11:34.7040484Z,14CA0000,40118,1100,533,340,700,340,700,2,340,110,True,False,0
2026-10-04T02:11:34.7202072Z,14CA0000,40118,1100,533,340,700,340,700,2,340,110,True,False,0
2026-10-04T02:11:34.7350055Z,14CA0000,40118,1100,533,340,700,340,700,2,340,110,True,False,0
2026-10-04T02:11:34.7510409Z,14CA0000,40118,1100,533,340,700,340,700,2,340,110,True,False,0
2026-10-04T02:11:34.7670516Z,14CA0000,40118,1100,533,340,700,340,700,2,340,110,True,False,0
2026-10-04T02:11:34.7830727Z,14CA0000,40118,1100,533,340,700,340,700,2,340,110,True,False,0
2026-10-04T02:11:34.7989567Z,14CA0000,40118,1100,533,340,700,340,700,2,340,110,True,False,0
2026-10-04T02:11:34.8137687Z,14CA0000,40118,1100,533,340,700,340,700,2,340,110,True,False,0
2026-10-04T02:11:34.8296516Z,14CA0000,40118,1100,533,340,700,340,700,2,340,110,True,False,0
2026-10-04T02:11:34.8455164Z,14CA0000,40118,1100,533,340,700,340,700,2,340,110,True,False,0
2026-10-04T02:11:34.8615311Z,14CA0000,40118,1100,533,340,700,340,700,2,340,110,True,False,0
2026-10-04T02:11:34.8775270Z,14CA0000,40118,1100,533,340,700,340,700,2,340,110,True,False,0
2026-10-04T02:11:34.8936057Z,14CA0000,40118,1100,533,340,700,340,700,2,340,110,True,False,0
2026-10-04T02:11:34.9095128Z,14CA0000,40118,1100,533,340,700,340,700,2,340,110,True,False,0
2026-10-04T02:11:34.9255875Z,14CA0000,40118,1100,533,340,700,340,700,2,340,110,True,False,0
2026-10-04T02:11:34.9417962Z,14CA0000,40118,1100,533,340,700,340,700,2,340,110,True,False,0
2026-10-04T02:11:34.9565331Z,14CA0000,40118,1100,533,340,700,340,700,2,340,110,True,False,0
2026-10-04T02:11:34.9725188Z,14CA0000,40118,1100,533,340,700,340,700,2,340,110,True,False,0
2026-10-04T02:11:34.9875414Z,14CA0000,40118,1100,533,340,700,340,700,2,340,110,True,False,0
2026-10-04T02:11:35.0035064Z,14CA0000,40118,1100,533,340,700,340,700,2,340,110,True,False,0
2026-10-04T02:11:35.0195182Z,14CA0000,40118,1100,533,340,700,340,700,2,340,110,True,False,0
2026-10-04T02:11:35.0355349Z,14CA0000,40118,1100,533,340,700,340,700,2,340,110,True,False,0
2026-10-04T02:11:35.0514823Z,14CA0000,40118,1100,533,340,700,340,700,2,340,110,True,False,0
2026-10-04T02:11:35.0665102Z,14CA0000,40118,1100,533,340,700,340,700,2,340,110,True,False,0
2026-10-04T02:11:35.0825483Z,14CA0000,40118,1100,533,340,700,340,700,2,340,110,True,False,0
2026-10-04T02:11:35.0975052Z,14CA0000,40118,1100,533,340,700,340,700,2,340,110,True,False,0
2026-10-04T02:11:35.1130219Z,14CA0000,40118,1100,533,340,700,340,700,2,340,110,True,False,0
2026-10-04T02:11:35.1290170Z,14CA0000,40118,1100,533,340,700,340,700,2,340,110,True,False,0
2026-10-04T02:11:35.1450368Z,14CA0000,40118,1100,533,340,700,340,700,2,340,110,True,False,0
2026-10-04T02:11:35.1602043Z,14CA0000,40118,1100,533,340,700,340,700,2,340,110,True,False,0
2026-10-04T02:11:35.1750388Z,14CA0000,40118,1100,533,340,700,340,700,2,340,110,True,False,0
2026-10-04T02:11:35.1911426Z,14CA0000,40118,1100,533,340,700,340,700,2,340,110,True,False,0
2026-10-04T02:11:35.2072009Z,14CA0000,40118,1100,533,340,700,340,700,2,340,110,True,False,0
2026-10-04T02:11:35.2220875Z,14CA0000,40118,1100,533,340,700,340,700,2,340,110,True,False,0
2026-10-04T02:11:35.2380880Z,14CA0000,40118,1100,533,340,700,340,700,2,340,110,True,False,0
2026-10-04T02:11:35.2530505Z,14CA0000,40118,1100,533,340,700,340,700,2,340,110,True,False,0
2026-10-04T02:11:35.2692382Z,14CA0000,40118,1100,533,340,700,340,700,2,340,110,True,False,0
2026-10-04T02:11:35.2850230Z,14CA0000,40118,1100,533,340,700,340,700,2,340,110,True,False,0
2026-10-04T02:11:35.3000521Z,14CA0000,40118,1100,533,340,700,340,700,2,340,110,True,False,0
2026-10-04T02:11:35.3161120Z,14CA0000,40118,1100,533,340,700,340,700,2,340,110,True,False,0
2026-10-04T02:11:35.3311081Z,14CA0000,40118,1100,533,340,700,340,700,2,340,110,True,False,0
2026-10-04T02:11:35.3470309Z,14CA0000,40118,1100,533,340,700,340,700,2,340,110,True,False,0
2026-10-04T02:11:35.3620623Z,14CA0000,40118,1100,533,340,700,340,700,2,340,110,True,False,0
2026-10-04T02:11:35.3772060Z,14CA0000,40118,1100,533,340,700,340,700,2,340,110,True,False,0
2026-10-04T02:11:35.3930340Z,14CA0000,40118,1100,533,340,700,340,700,2,340,110,True,False,0
2026-10-04T02:11:35.4090456Z,14CA0000,40118,1100,533,340,700,340,700,2,340,110,True,False,0
2026-10-04T02:11:35.4250396Z,14CA0000,40118,1100,533,340,700,340,700,2,340,110,True,False,0
2026-10-04T02:11:35.4410651Z,14CA0000,40118,1100,533,340,700,340,700,2,340,110,True,False,0
2026-10-04T02:11:35.4570133Z,14CA0000,40118,1100,533,340,700,340,700,2,340,110,True,False,0
2026-10-04T02:11:35.4729956Z,14CA0000,40118,1100,533,340,700,340,700,2,340,110,True,False,0
2026-10-04T02:11:35.4892249Z,14CA0000,40118,1100,533,340,700,340,700,2,340,110,True,False,0
2026-10-04T02:11:35.5040467Z,14CA0000,40118,1100,533,340,700,340,700,2,340,110,True,False,0
2026-10-04T02:11:35.5190337Z,14CA0000,40118,1100,533,340,700,340,700,2,340,110,True,False,0
2026-10-04T02:11:35.5340266Z,14CA0000,40118,1100,533,340,700,340,700,2,340,110,True,False,0
2026-10-04T02:11:35.5500440Z,14CA0000,40118,1100,533,340,700,340,700,2,340,110,True,False,0
2026-10-04T02:11:35.5650199Z,14CA0000,40118,1100,533,340,700,340,700,2,340,110,True,False,0
2026-10-04T02:11:35.5810539Z,14CA0000,40118,1100,533,340,700,340,700,2,340,110,True,False,0
2026-10-04T02:11:35.5971658Z,14CA0000,40118,1100,533,340,700,340,700,2,340,110,True,False,0
2026-10-04T02:11:35.6130343Z,14CA0000,40118,1100,533,340,700,340,700,2,340,110,True,False,0
2026-10-04T02:11:35.6290357Z,14CA0000,40118,1100,533,340,700,340,700,2,340,110,True,False,0
2026-10-04T02:11:35.6440509Z,14CA0000,40118,1100,533,340,700,340,700,2,340,110,True,False,0
2026-10-04T02:11:35.6595544Z,14CA0000,40118,1100,533,340,700,340,700,2,340,110,True,False,0
2026-10-04T02:11:35.6755710Z,14CA0000,40118,1100,533,340,700,340,700,2,340,110,True,False,0
2026-10-04T02:11:35.6915978Z,14CA0000,40118,1100,533,340,700,340,700,2,340,110,True,False,0
2026-10-04T02:11:35.7071041Z,14CA0000,40118,1100,533,340,700,340,700,2,340,110,True,False,0
2026-10-04T02:11:35.7230636Z,14CA0000,40118,1100,533,340,700,340,700,2,340,110,True,False,0
2026-10-04T02:11:35.7390709Z,14CA0000,40118,1100,533,340,700,340,700,2,340,110,True,False,0
2026-10-04T02:11:35.7550690Z,14CA0000,40118,1100,533,340,700,340,700,2,340,110,True,False,0
2026-10-04T02:11:35.7710428Z,14CA0000,40118,1100,533,340,700,340,700,2,340,110,True,False,0
2026-10-04T02:11:35.7870575Z,14CA0000,40118,1100,533,340,700,340,700,2,340,110,True,False,0
2026-10-04T02:11:35.8031334Z,14CA0000,40118,1100,533,340,700,340,700,2,340,110,True,False,0
2026-10-04T02:11:35.8190712Z,14CA0000,40118,1100,533,340,700,340,700,2,340,110,True,False,0
2026-10-04T02:11:35.8350727Z,14CA0000,40118,1100,533,340,700,340,700,2,340,110,True,False,0
2026-10-04T02:11:35.8510703Z,14CA0000,40118,1100,533,340,700,340,700,2,340,110,True,False,0
2026-10-04T02:11:35.8671440Z,14CA0000,40118,1100,533,340,700,340,700,2,340,110,True,False,0
2026-10-04T02:11:35.8820691Z,14CA0000,40118,1100,533,340,700,340,700,2,340,110,True,False,0
2026-10-04T02:11:35.8981197Z,14CA0000,40118,1100,533,340,700,340,700,2,340,110,True,False,0
2026-10-04T02:11:35.9130629Z,14CA0000,40118,1100,533,340,700,340,700,2,340,110,True,False,0
2026-10-04T02:11:35.9283823Z,14CA0000,40118,1100,533,340,700,340,700,2,340,110,True,False,0
2026-10-04T02:11:35.9441438Z,14CA0000,40118,1100,533,340,700,340,700,2,340,110,True,False,0
2026-10-04T02:11:35.9590831Z,14CA0000,40118,1100,533,340,700,340,700,2,340,110,True,False,0
2026-10-04T02:11:35.9750639Z,14CA0000,40118,1100,533,340,700,340,700,2,340,110,True,False,0
2026-10-04T02:11:35.9901203Z,14CA0000,40118,1100,533,340,700,340,700,2,340,110,True,False,0
2026-10-04T02:11:36.0050758Z,14CA0000,40118,1100,533,340,700,340,700,2,340,110,True,False,0
2026-10-04T02:11:36.0211450Z,14CA0000,40118,1100,533,340,700,340,700,2,340,110,True,False,0
2026-10-04T02:11:36.0373237Z,14CA0000,40118,1100,533,340,700,340,700,2,340,110,True,False,0
2026-10-04T02:11:36.0530722Z,14CA0000,40118,1100,533,340,700,340,700,2,340,110,True,False,0
2026-10-04T02:11:36.0690638Z,14CA0000,40118,1100,533,340,700,340,700,2,340,110,True,False,0
2026-10-04T02:11:36.0840825Z,14CA0000,40118,1100,533,340,700,340,700,2,340,110,True,False,0
2026-10-04T02:11:36.1000978Z,14CA0000,40118,1100,533,340,700,340,700,2,340,110,True,False,0
2026-10-04T02:11:36.1151302Z,14CA0000,40118,1100,533,340,700,340,700,2,340,110,True,False,0
2026-10-04T02:11:36.1310948Z,14CA0000,40118,1100,533,340,700,340,700,2,340,110,True,False,0
2026-10-04T02:11:36.1472995Z,14CA0000,40118,1100,533,340,700,340,700,2,340,110,True,False,0
2026-10-04T02:11:36.1620829Z,14CA0000,40118,1100,533,340,700,340,700,2,340,110,True,False,0
2026-10-04T02:11:36.1780958Z,14CA0000,40118,1100,533,340,700,340,700,2,340,110,True,False,0
2026-10-04T02:11:36.1933356Z,14CA0000,40118,1100,533,340,700,340,700,2,340,110,True,False,0
2026-10-04T02:11:36.2091977Z,14CA0000,40118,1100,533,340,700,340,700,2,340,110,True,False,0
2026-10-04T02:11:36.2251743Z,14CA0000,40118,1100,533,340,700,340,700,2,340,110,True,False,0
2026-10-04T02:11:36.2402479Z,14CA0000,40118,1100,533,340,700,340,700,2,340,110,True,False,0
2026-10-04T02:11:36.2564046Z,14CA0000,40118,1100,533,340,700,340,700,2,340,110,True,False,0
2026-10-04T02:11:36.2712514Z,14CA0000,40118,1100,533,340,700,340,700,2,340,110,True,False,0
2026-10-04T02:11:36.2872093Z,14CA0000,40118,1100,533,340,700,340,700,2,340,110,True,False,0
2026-10-04T02:11:36.3032598Z,14CA0000,40118,1100,533,340,700,340,700,2,340,110,True,False,0
2026-10-04T02:11:36.3182007Z,14CA0000,40118,1100,533,340,700,340,700,2,340,110,True,False,0
2026-10-04T02:11:36.3341886Z,14CA0000,40118,1100,533,340,700,340,700,2,340,110,True,False,0
2026-10-04T02:11:36.3491606Z,14CA0000,40118,1100,533,340,700,340,700,2,340,110,True,False,0
2026-10-04T02:11:36.3641674Z,14CA0000,40118,1100,533,340,700,340,700,2,340,110,True,False,0
2026-10-04T02:11:36.3801771Z,14CA0000,40118,1100,533,340,700,340,700,2,340,110,True,False,0
2026-10-04T02:11:36.3951722Z,14CA0000,40118,1100,533,340,700,340,700,2,340,110,True,False,0
2026-10-04T02:11:36.4101807Z,14CA0000,40118,1100,533,340,700,340,700,2,340,110,True,False,0
2026-10-04T02:11:36.4261873Z,14CA0000,40118,1100,533,340,700,340,700,2,340,110,True,False,0
2026-10-04T02:11:36.4411688Z,14CA0000,40118,1100,533,340,700,340,700,2,340,110,True,False,0
2026-10-04T02:11:36.4572319Z,14CA0000,40118,1100,533,340,700,340,700,2,340,110,True,False,0
2026-10-04T02:11:36.4732102Z,14CA0000,40118,1100,533,340,700,340,700,2,340,110,True,False,0
2026-10-04T02:11:36.4891649Z,14CA0000,40118,1100,533,340,700,340,700,2,340,110,True,False,0
2026-10-04T02:11:36.5051471Z,14CA0000,40118,1100,533,340,700,340,700,2,340,110,True,False,0
2026-10-04T02:11:36.5212339Z,14CA0000,40118,1100,533,340,700,340,700,2,340,110,True,False,0
2026-10-04T02:11:36.5371876Z,14CA0000,40118,1100,533,340,700,340,700,2,340,110,True,False,0
2026-10-04T02:11:36.5531747Z,14CA0000,40118,1100,533,340,700,340,700,2,340,110,True,False,0
2026-10-04T02:11:36.5691878Z,14CA0000,40118,1100,533,340,700,340,700,2,340,110,True,False,0
2026-10-04T02:11:36.5851861Z,14CA0000,40118,1100,533,340,700,340,700,2,340,110,True,False,0
2026-10-04T02:11:36.6011907Z,14CA0000,40118,1100,533,340,700,340,700,2,340,110,True,False,0
2026-10-04T02:11:36.6172110Z,14CA0000,40118,1100,533,340,700,340,700,2,340,110,True,False,0
2026-10-04T02:11:36.6326494Z,14CA0000,40118,1100,533,340,700,340,700,2,340,110,True,False,0
2026-10-04T02:11:36.6480654Z,14CA0000,40118,1100,533,340,700,340,700,2,340,110,True,False,0
2026-10-04T02:11:36.6639839Z,14CA0000,40118,1100,533,340,700,340,700,2,340,110,True,False,0
2026-10-04T02:11:36.6789309Z,14CA0000,40118,1100,533,340,700,340,700,2,340,110,True,False,0
2026-10-04T02:11:36.6951547Z,14CA0000,40118,1100,533,340,700,340,700,2,340,110,True,False,0
2026-10-04T02:11:36.7109303Z,14CA0000,40118,1100,533,340,700,340,700,2,340,110,True,False,0
2026-10-04T02:11:36.7267572Z,14CA0000,40118,1100,533,340,700,340,700,2,340,110,True,False,0
2026-10-04T02:11:36.7427554Z,14CA0000,40118,1100,533,340,700,340,700,2,340,110,True,False,0
2026-10-04T02:11:36.7577455Z,14CA0000,40118,1100,533,340,700,340,700,2,340,110,True,False,0
2026-10-04T02:11:36.7737630Z,14CA0000,40118,1100,533,340,700,340,700,2,340,110,True,False,0
2026-10-04T02:11:36.7888083Z,14CA0000,40118,1100,533,340,700,340,700,2,340,110,True,False,0
2026-10-04T02:11:36.8040594Z,14CA0000,40118,1100,533,340,700,340,700,2,340,110,True,False,0
2026-10-04T02:11:36.8192949Z,14CA0000,40118,1100,533,340,700,340,700,2,340,110,True,False,0
2026-10-04T02:11:36.8348660Z,14CA0000,40118,1100,533,340,700,340,700,2,340,110,True,False,0
2026-10-04T02:11:36.8498340Z,14CA0000,40118,1100,533,340,700,340,700,2,340,110,True,False,0
2026-10-04T02:11:36.8658457Z,14CA0000,40118,1100,533,340,700,340,700,2,340,110,True,False,0
2026-10-04T02:11:36.8808427Z,14CA0000,40118,1100,533,340,700,340,700,2,340,110,True,False,0
2026-10-04T02:11:36.8968545Z,14CA0000,40118,1100,533,340,700,340,700,2,340,110,True,False,0
2026-10-04T02:11:36.9129701Z,14CA0000,40118,1100,533,340,700,340,700,2,340,110,True,False,0
2026-10-04T02:11:36.9283761Z,14CA0000,40118,1100,533,340,700,340,700,2,340,110,True,False,0
2026-10-04T02:11:36.9443481Z,14CA0000,40118,1100,533,340,700,340,700,2,340,110,True,False,0
2026-10-04T02:11:36.9603307Z,14CA0000,40118,1100,533,340,700,340,700,2,340,110,True,False,0
2026-10-04T02:11:36.9763305Z,14CA0000,40118,1100,533,340,700,340,700,2,340,110,True,False,0
2026-10-04T02:11:36.9923280Z,14CA0000,40118,1100,533,340,700,340,700,2,340,110,True,False,0
2026-10-04T02:11:37.0083709Z,14CA0000,40118,1100,533,340,700,340,700,2,340,110,True,False,0
2026-10-04T02:11:37.0236195Z,14CA0000,40118,1100,533,340,700,340,700,2,340,110,True,False,0
2026-10-04T02:11:37.0393423Z,14CA0000,40118,1100,533,340,700,340,700,2,340,110,True,False,0
2026-10-04T02:11:37.0544190Z,14CA0000,40118,1100,533,340,700,340,700,2,340,110,True,False,0
2026-10-04T02:11:37.0703470Z,14CA0000,40118,1100,533,340,700,340,700,2,340,110,True,False,0
2026-10-04T02:11:37.0853570Z,14CA0000,40118,1100,533,340,700,340,700,2,340,110,True,False,0
2026-10-04T02:11:37.1003378Z,14CA0000,40118,1100,533,340,700,340,700,2,340,110,True,False,0
2026-10-04T02:11:37.1153896Z,14CA0000,40118,1100,533,340,700,340,700,2,340,110,True,False,0
2026-10-04T02:11:37.1313532Z,14CA0000,40118,1100,533,340,700,340,700,2,340,110,True,False,0
2026-10-04T02:11:37.1463562Z,14CA0000,40118,1100,533,340,700,340,700,2,340,110,True,False,0
2026-10-04T02:11:37.1623541Z,14CA0000,40118,1100,533,340,700,340,700,2,340,110,True,False,0
2026-10-04T02:11:37.1783526Z,14CA0000,40118,1100,533,340,700,340,700,2,340,110,True,False,0
2026-10-04T02:11:37.1934010Z,14CA0000,40118,1100,533,340,700,340,700,2,340,110,True,False,0
2026-10-04T02:11:37.2093719Z,14CA0000,40118,1100,533,340,700,340,700,2,340,110,True,False,0
2026-10-04T02:11:37.2243603Z,14CA0000,40118,1100,533,340,700,340,700,2,340,110,True,False,0
2026-10-04T02:11:37.2403772Z,14CA0000,40118,1100,533,340,700,340,700,2,340,110,True,False,0
2026-10-04T02:11:37.2563617Z,14CA0000,40118,1100,533,340,700,340,700,2,340,110,True,False,0
2026-10-04T02:11:37.2723650Z,14CA0000,40118,1100,533,340,700,340,700,2,340,110,True,False,0
2026-10-04T02:11:37.2883336Z,14CA0000,40118,1100,533,340,700,340,700,2,340,110,True,False,0
2026-10-04T02:11:37.3043996Z,14CA0000,40118,1100,533,340,700,340,700,2,340,110,True,False,0
2026-10-04T02:11:37.3203737Z,14CA0000,40118,1100,533,340,700,340,700,2,340,110,True,False,0
2026-10-04T02:11:37.3363668Z,14CA0000,40118,1100,533,340,700,340,700,2,340,110,True,False,0
2026-10-04T02:11:37.3523468Z,14CA0000,40118,1100,533,340,700,340,700,2,340,110,True,False,0
2026-10-04T02:11:37.3683477Z,14CA0000,40118,1100,533,340,700,340,700,2,340,110,True,False,0
2026-10-04T02:11:37.3843690Z,14CA0000,40118,1100,533,340,700,340,700,2,340,110,True,False,0
2026-10-04T02:11:37.3995019Z,14CA0000,40118,1100,533,340,700,340,700,2,340,110,True,False,0
2026-10-04T02:11:37.4143523Z,14CA0000,40118,1100,533,340,700,340,700,2,340,110,True,False,0
2026-10-04T02:11:37.4303643Z,14CA0000,40118,1100,533,340,700,340,700,2,340,110,True,False,0
2026-10-04T02:11:37.4463721Z,14CA0000,40118,1100,533,340,700,340,700,2,340,110,True,False,0
2026-10-04T02:11:37.4625469Z,14CA0000,40118,1100,533,340,700,340,700,2,340,110,True,False,0
2026-10-04T02:11:37.4783422Z,14CA0000,40118,1100,533,340,700,340,700,2,340,110,True,False,0
2026-10-04T02:11:37.4943675Z,14CA0000,40118,1100,533,340,700,340,700,2,340,110,True,False,0
2026-10-04T02:11:37.5103487Z,14CA0000,40118,1100,533,340,700,340,700,2,340,110,True,False,0
2026-10-04T02:11:37.5264144Z,14CA0000,40118,1100,533,340,700,340,700,2,340,110,True,False,0
2026-10-04T02:11:37.5423460Z,14CA0000,40118,1100,533,340,700,340,700,2,340,110,True,False,0
2026-10-04T02:11:37.5584102Z,14CA0000,40118,1100,533,340,700,340,700,2,340,110,True,False,0
2026-10-04T02:11:37.5735739Z,14CA0000,40118,1100,533,340,700,340,700,2,340,110,True,False,0
2026-10-04T02:11:37.5893884Z,14CA0000,40118,1100,533,340,700,340,700,2,340,110,True,False,0
2026-10-04T02:11:37.6043889Z,14CA0000,40118,1100,533,340,700,340,700,2,340,110,True,False,0
2026-10-04T02:11:37.6203357Z,14CA0000,40118,1100,533,340,700,340,700,2,340,110,True,False,0
2026-10-04T02:11:37.6363517Z,14CA0000,40118,1100,533,340,700,340,700,2,340,110,True,False,0
2026-10-04T02:11:37.6513608Z,14CA0000,40118,1100,533,340,700,340,700,2,340,110,True,False,0
2026-10-04T02:11:37.6674123Z,14CA0000,40118,1100,533,340,700,340,700,2,340,110,True,False,0
2026-10-04T02:11:37.6826130Z,14CA0000,40118,1100,533,340,700,340,700,2,340,110,True,False,0
2026-10-04T02:11:37.6983806Z,14CA0000,40118,1100,533,340,700,340,700,2,340,110,True,False,0
2026-10-04T02:11:37.7144078Z,14CA0000,40118,1100,533,340,700,340,700,2,340,110,True,False,0
2026-10-04T02:11:37.7303711Z,14CA0000,40118,1100,533,340,700,340,700,2,340,110,True,False,0
2026-10-04T02:11:37.7464247Z,14CA0000,40118,1100,533,340,700,340,700,2,340,110,True,False,0
2026-10-04T02:11:37.7623613Z,14CA0000,40118,1100,533,340,700,340,700,2,340,110,True,False,0
2026-10-04T02:11:37.7784138Z,14CA0000,40118,1100,533,340,700,340,700,2,340,110,True,False,0
2026-10-04T02:11:37.7943846Z,14CA0000,40118,1100,533,340,700,340,700,2,340,110,True,False,0
2026-10-04T02:11:37.8104698Z,14CA0000,40118,1100,533,340,700,340,700,2,340,110,True,False,0
2026-10-04T02:11:37.8263959Z,14CA0000,40118,1100,533,340,700,340,700,2,340,110,True,False,0
2026-10-04T02:11:37.8424432Z,14CA0000,40118,1100,533,340,700,340,700,2,340,110,True,False,0
2026-10-04T02:11:37.8584190Z,14CA0000,40118,1100,533,340,700,340,700,2,340,110,True,False,0
2026-10-04T02:11:37.8734151Z,14CA0000,40118,1100,533,340,700,340,700,2,340,110,True,False,0
2026-10-04T02:11:37.8886403Z,14CA0000,40118,1100,533,340,700,340,700,2,340,110,True,False,0
2026-10-04T02:11:37.9044310Z,14CA0000,40118,1100,533,340,700,340,700,2,340,110,True,False,0
2026-10-04T02:11:37.9204685Z,14CA0000,40118,1100,533,340,700,340,700,2,340,110,True,False,0
2026-10-04T02:11:37.9358933Z,14CA0000,40118,1100,533,340,700,340,700,2,340,110,True,False,0
2026-10-04T02:11:37.9508710Z,14CA0000,40118,1100,533,340,700,340,700,2,340,110,True,False,0
2026-10-04T02:11:37.9669150Z,14CA0000,40118,1100,533,340,700,340,700,2,340,110,True,False,0
2026-10-04T02:11:37.9824313Z,14CA0000,40118,1100,533,340,700,340,700,2,340,110,True,False,0
2026-10-04T02:11:37.9984546Z,14CA0000,40118,1100,533,340,700,340,700,2,340,110,True,False,0
2026-10-04T02:11:38.0144058Z,14CA0000,40118,1100,533,340,700,340,700,2,340,110,True,False,0
2026-10-04T02:11:38.0304099Z,14CA0000,40118,1100,533,340,700,340,700,2,340,110,True,False,0
2026-10-04T02:11:38.0459706Z,14CA0000,40118,1100,533,340,700,340,700,2,340,110,True,False,0
2026-10-04T02:11:38.0619627Z,14CA0000,40118,1100,533,340,700,340,700,2,340,110,True,False,0
2026-10-04T02:11:38.0779263Z,14CA0000,40118,1100,533,340,700,340,700,2,340,110,True,False,0
2026-10-04T02:11:38.0939473Z,14CA0000,40118,1100,533,340,700,340,700,2,340,110,True,False,0
2026-10-04T02:11:38.1101200Z,14CA0000,40118,1100,533,340,700,340,700,2,340,110,True,False,0
2026-10-04T02:11:38.1259738Z,14CA0000,40118,1100,533,340,700,340,700,2,340,110,True,False,0
2026-10-04T02:11:38.1419595Z,14CA0000,40118,1100,533,340,700,340,700,2,340,110,True,False,0
2026-10-04T02:11:38.1570184Z,14CA0000,40118,1100,533,340,700,340,700,2,340,110,True,False,0
2026-10-04T02:11:38.1719986Z,14CA0000,40118,1100,533,340,700,340,700,2,340,110,True,False,0
2026-10-04T02:11:38.1880876Z,14CA0000,40118,1100,533,340,700,340,700,2,340,110,True,False,0
2026-10-04T02:11:38.2040297Z,14CA0000,40118,1100,533,340,700,340,700,2,340,110,True,False,0
2026-10-04T02:11:38.2201593Z,14CA0000,40118,1100,533,340,700,340,700,2,340,110,True,False,0
2026-10-04T02:11:38.2355054Z,14CA0000,40118,1100,533,340,700,340,700,2,340,110,True,False,0
2026-10-04T02:11:38.2515308Z,14CA0000,40118,1100,533,340,700,340,700,2,340,110,True,False,0
2026-10-04T02:11:38.2675160Z,14CA0000,40118,1100,533,340,700,340,700,2,340,110,True,False,0
2026-10-04T02:11:38.2825285Z,14CA0000,40118,1100,533,340,700,340,700,2,340,110,True,False,0
2026-10-04T02:11:38.2984859Z,14CA0000,40118,1100,533,340,700,340,700,2,340,110,True,False,0
2026-10-04T02:11:38.3135749Z,14CA0000,40118,1100,533,340,700,340,700,2,340,110,True,False,0
2026-10-04T02:11:38.3296896Z,14CA0000,40118,1100,533,340,700,340,700,2,340,110,True,False,0
2026-10-04T02:11:38.3455023Z,14CA0000,40118,1100,533,340,700,340,700,2,340,110,True,False,0
2026-10-04T02:11:38.3614891Z,14CA0000,40118,1100,533,340,700,340,700,2,340,110,True,False,0
2026-10-04T02:11:38.3775046Z,14CA0000,40118,1100,533,340,700,340,700,2,340,110,True,False,0
2026-10-04T02:11:38.3935000Z,14CA0000,40118,1100,533,340,700,340,700,2,340,110,True,False,0
2026-10-04T02:11:38.4095290Z,14CA0000,40118,1100,533,340,700,340,700,2,340,110,True,False,0
2026-10-04T02:11:38.4255293Z,14CA0000,40118,1100,533,340,700,340,700,2,340,110,True,False,0
2026-10-04T02:11:38.4415471Z,14CA0000,40118,1100,533,340,700,340,700,2,340,110,True,False,0
2026-10-04T02:11:38.4575150Z,14CA0000,40118,1100,533,340,700,340,700,2,340,110,True,False,0
2026-10-04T02:11:38.4735705Z,14CA0000,40118,1100,533,340,700,340,700,2,340,110,True,False,0
2026-10-04T02:11:38.4890842Z,14CA0000,40118,1100,533,340,700,340,700,2,340,110,True,False,0
2026-10-04T02:11:38.5052254Z,14CA0000,40118,1100,533,340,700,340,700,2,340,110,True,False,0
2026-10-04T02:11:38.5210604Z,14CA0000,40118,1100,533,340,700,340,700,2,340,110,True,False,0
2026-10-04T02:11:38.5361868Z,14CA0000,40118,1100,533,340,700,340,700,2,340,110,True,False,0
2026-10-04T02:11:38.5518063Z,14CA0000,40118,1100,533,340,700,340,700,2,340,110,True,False,0
2026-10-04T02:11:38.5665805Z,14CA0000,40118,1100,533,340,700,340,700,2,340,110,True,False,0
2026-10-04T02:11:38.5825435Z,14CA0000,40118,1100,533,340,700,340,700,2,340,110,True,False,0
2026-10-04T02:11:38.5976442Z,14CA0000,40118,1100,533,340,700,340,700,2,340,110,True,False,0
2026-10-04T02:11:38.6136324Z,14CA0000,40118,1100,533,340,700,340,700,2,340,110,True,False,0
2026-10-04T02:11:38.6295524Z,14CA0000,40118,1100,533,340,700,340,700,2,340,110,True,False,0
2026-10-04T02:11:38.6455733Z,14CA0000,40118,1100,533,340,700,340,700,2,340,110,True,False,0
2026-10-04T02:11:38.6608220Z,14CA0000,40118,1100,533,340,700,340,700,2,340,110,True,False,0
2026-10-04T02:11:38.6756170Z,14CA0000,40118,1100,533,340,700,340,700,2,340,110,True,False,0
2026-10-04T02:11:38.6915572Z,14CA0000,40118,1100,533,340,700,340,700,2,340,110,True,False,0
2026-10-04T02:11:38.7065536Z,14CA0000,40118,1100,533,340,700,340,700,2,340,110,True,False,0
2026-10-04T02:11:38.7216044Z,14CA0000,40118,1100,533,340,700,340,700,2,340,110,True,False,0
2026-10-04T02:11:38.7376861Z,14CA0000,40118,1100,533,340,700,340,700,2,340,110,True,False,0
2026-10-04T02:11:38.7531002Z,14CA0000,40118,1100,533,340,700,340,700,2,340,110,True,False,0
2026-10-04T02:11:38.7692134Z,14CA0000,40118,1100,533,340,700,340,700,2,340,110,True,False,0
2026-10-04T02:11:38.7840748Z,14CA0000,40118,1100,533,340,700,340,700,2,340,110,True,False,0
2026-10-04T02:11:38.7990650Z,14CA0000,40118,1100,533,340,700,340,700,2,340,110,True,False,0
2026-10-04T02:11:38.8150898Z,14CA0000,40118,1100,533,340,700,340,700,2,340,110,True,False,0
2026-10-04T02:11:38.8300477Z,14CA0000,40118,1100,533,340,700,340,700,2,340,110,True,False,0
2026-10-04T02:11:38.8450658Z,14CA0000,40118,1100,533,340,700,340,700,2,340,110,True,False,0
2026-10-04T02:11:38.8600822Z,14CA0000,40118,1100,533,340,700,340,700,2,340,110,True,False,0
2026-10-04T02:11:38.8762460Z,14CA0000,40118,1100,533,340,700,340,700,2,340,110,True,False,0
2026-10-04T02:11:38.8911021Z,14CA0000,40118,1100,533,340,700,340,700,2,340,110,True,False,0
2026-10-04T02:11:38.9060690Z,14CA0000,40118,1100,533,340,700,340,700,2,340,110,True,False,0
2026-10-04T02:11:38.9221071Z,14CA0000,40118,1100,533,340,700,340,700,2,340,110,True,False,0
2026-10-04T02:11:38.9370571Z,14CA0000,40118,1100,533,340,700,340,700,2,340,110,True,False,0
2026-10-04T02:11:38.9530618Z,14CA0000,40118,1100,533,340,700,340,700,2,340,110,True,False,0
2026-10-04T02:11:38.9681156Z,14CA0000,40118,1100,533,340,700,340,700,2,340,110,True,False,0
2026-10-04T02:11:38.9830780Z,14CA0000,40118,1100,533,340,700,340,700,2,340,110,True,False,0
2026-10-04T02:11:38.9992612Z,14CA0000,40118,1100,533,340,700,340,700,2,340,110,True,False,0
2026-10-04T02:11:39.0150383Z,14CA0000,40118,1100,533,340,700,340,700,2,340,110,True,False,0
2026-10-04T02:11:39.0310824Z,14CA0000,40118,1100,533,340,700,340,700,2,340,110,True,False,0
2026-10-04T02:11:39.0461941Z,14CA0000,40118,1100,533,340,700,340,700,2,340,110,True,False,0
2026-10-04T02:11:39.0612173Z,14CA0000,40118,1100,533,340,700,340,700,2,340,110,True,False,0
2026-10-04T02:11:39.0772020Z,14CA0000,40118,1100,533,340,700,340,700,2,340,110,True,False,0
2026-10-04T02:11:39.0932849Z,14CA0000,40118,1100,533,340,700,340,700,2,340,110,True,False,0
2026-10-04T02:11:39.1092606Z,14CA0000,40118,1100,533,340,700,340,700,2,340,110,True,False,0
2026-10-04T02:11:39.1252179Z,14CA0000,40118,1100,533,340,700,340,700,2,340,110,True,False,0
2026-10-04T02:11:39.1411959Z,14CA0000,40118,1100,533,340,700,340,700,2,340,110,True,False,0
2026-10-04T02:11:39.1572751Z,14CA0000,40118,1100,533,340,700,340,700,2,340,110,True,False,0
2026-10-04T02:11:39.1732660Z,14CA0000,40118,1100,533,340,700,340,700,2,340,110,True,False,0
2026-10-04T02:11:39.1893200Z,14CA0000,40118,1100,533,340,700,340,700,2,340,110,True,False,0
2026-10-04T02:11:39.2054938Z,14CA0000,40118,1100,533,340,700,340,700,2,340,110,True,False,0
2026-10-04T02:11:39.2212889Z,14CA0000,40118,1100,533,340,700,340,700,2,340,110,True,False,0
2026-10-04T02:11:39.2371701Z,14CA0000,40118,1100,533,340,700,340,700,2,340,110,True,False,0
2026-10-04T02:11:39.2532400Z,14CA0000,40118,1100,533,340,700,340,700,2,340,110,True,False,0
2026-10-04T02:11:39.2682308Z,14CA0000,40118,1100,533,340,700,340,700,2,340,110,True,False,0
2026-10-04T02:11:39.2832233Z,14CA0000,40118,1100,533,340,700,340,700,2,340,110,True,False,0
2026-10-04T02:11:39.2992294Z,14CA0000,40118,1100,533,340,700,340,700,2,340,110,True,False,0
2026-10-04T02:11:39.3154824Z,14CA0000,40118,1100,533,340,700,340,700,2,340,110,True,False,0
2026-10-04T02:11:39.3312571Z,14CA0000,40118,1100,533,340,700,340,700,2,340,110,True,False,0
2026-10-04T02:11:39.3472110Z,14CA0000,40118,1100,533,340,700,340,700,2,340,110,True,False,0
2026-10-04T02:11:39.3632080Z,14CA0000,40118,1100,533,340,700,340,700,2,340,110,True,False,0
2026-10-04T02:11:39.3792107Z,14CA0000,40118,1100,533,340,700,340,700,2,340,110,True,False,0
2026-10-04T02:11:39.3952650Z,14CA0000,40118,1100,533,340,700,340,700,2,340,110,True,False,0
2026-10-04T02:11:39.4112513Z,14CA0000,40118,1100,533,340,700,340,700,2,340,110,True,False,0
2026-10-04T02:11:39.4274084Z,14CA0000,40118,1100,533,340,700,340,700,2,340,110,True,False,0
2026-10-04T02:11:39.4432152Z,14CA0000,40118,1100,533,340,700,340,700,2,340,110,True,False,0
2026-10-04T02:11:39.4592990Z,14CA0000,40118,1100,533,340,700,340,700,2,340,110,True,False,0
2026-10-04T02:11:39.4752133Z,14CA0000,40118,1100,533,340,700,340,700,2,340,110,True,False,0
2026-10-04T02:11:39.4902704Z,14CA0000,40118,1100,533,340,700,340,700,2,340,110,True,False,0
2026-10-04T02:11:39.5052220Z,14CA0000,40118,1100,533,340,700,340,700,2,340,110,True,False,0
2026-10-04T02:11:39.5213938Z,14CA0000,40118,1100,533,340,700,340,700,2,340,110,True,False,0
2026-10-04T02:11:39.5364372Z,14CA0000,40118,1100,533,340,700,340,700,2,340,110,True,False,0
2026-10-04T02:11:39.5512684Z,14CA0000,40118,1100,533,340,700,340,700,2,340,110,True,False,0
2026-10-04T02:11:39.5662583Z,14CA0000,40118,1100,533,340,700,340,700,2,340,110,True,False,0
2026-10-04T02:11:39.5822712Z,14CA0000,40118,1100,533,340,700,340,700,2,340,110,True,False,0
2026-10-04T02:11:39.5972935Z,14CA0000,40118,1100,533,340,700,340,700,2,340,110,True,False,0
2026-10-04T02:11:39.6132567Z,14CA0000,40118,1100,533,340,700,340,700,2,340,110,True,False,0
2026-10-04T02:11:39.6292103Z,14CA0000,40118,1100,533,340,700,340,700,2,340,110,True,False,0
2026-10-04T02:11:39.6452319Z,14CA0000,40118,1100,533,340,700,340,700,2,340,110,True,False,0
2026-10-04T02:11:39.6610835Z,14CA0000,40118,1100,533,340,700,340,700,2,340,110,True,False,0
2026-10-04T02:11:39.6770714Z,14CA0000,40118,1100,533,340,700,340,700,2,340,110,True,False,0
2026-10-04T02:11:39.6931050Z,14CA0000,40118,1100,533,340,700,340,700,2,340,110,True,False,0
2026-10-04T02:11:39.7092373Z,14CA0000,40118,1100,533,340,700,340,700,2,340,110,True,False,0
2026-10-04T02:11:39.7250936Z,14CA0000,40118,1100,533,340,700,340,700,2,340,110,True,False,0
2026-10-04T02:11:39.7411247Z,14CA0000,40118,1100,533,340,700,340,700,2,340,110,True,False,0
2026-10-04T02:11:39.7566267Z,14CA0000,40118,1100,533,340,700,340,700,2,340,110,True,False,0
2026-10-04T02:11:39.7726051Z,14CA0000,40118,1100,533,340,700,340,700,2,340,110,True,False,0
2026-10-04T02:11:39.7886147Z,14CA0000,40118,1100,533,340,700,340,700,2,340,110,True,False,0
2026-10-04T02:11:39.8047230Z,14CA0000,40118,1100,533,340,700,340,700,2,340,110,True,False,0
2026-10-04T02:11:39.8201371Z,14CA0000,40118,1100,533,340,700,340,700,2,340,110,True,False,0
2026-10-04T02:11:39.8361395Z,14CA0000,40118,1100,533,340,700,340,700,2,340,110,True,False,0
2026-10-04T02:11:39.8511899Z,14CA0000,40118,1100,533,340,700,340,700,2,340,110,True,False,0
2026-10-04T02:11:39.8661399Z,14CA0000,40118,1100,533,340,700,340,700,2,340,110,True,False,0
2026-10-04T02:11:39.8811460Z,14CA0000,40118,1100,533,340,700,340,700,2,340,110,True,False,0
2026-10-04T02:11:39.8971202Z,14CA0000,40118,1100,533,340,700,340,700,2,340,110,True,False,0
2026-10-04T02:11:39.9122134Z,14CA0000,40118,1100,533,340,700,340,700,2,340,110,True,False,0
2026-10-04T02:11:39.9282125Z,14CA0000,40118,1100,533,340,700,340,700,2,340,110,True,False,0
2026-10-04T02:11:39.9441761Z,14CA0000,40118,1100,533,340,700,340,700,2,340,110,True,False,0
2026-10-04T02:11:39.9601916Z,14CA0000,40118,1100,533,340,700,340,700,2,340,110,True,False,0
2026-10-04T02:11:39.9763524Z,14CA0000,40118,1100,533,340,700,340,700,2,340,110,True,False,0
2026-10-04T02:11:39.9921791Z,14CA0000,40118,1100,533,340,700,340,700,2,340,110,True,False,0
2026-10-04T02:11:40.0081977Z,14CA0000,40118,1100,533,340,700,340,700,2,340,110,True,False,0
2026-10-04T02:11:40.0231588Z,14CA0000,40118,1100,533,340,700,340,700,2,340,110,True,False,0
2026-10-04T02:11:40.0386674Z,14CA0000,40118,1100,533,340,700,340,700,2,340,110,True,False,0
2026-10-04T02:11:40.0547169Z,14CA0000,40118,1100,533,340,700,340,700,2,340,110,True,False,0
2026-10-04T02:11:40.0707368Z,14CA0000,40118,1100,533,340,700,340,700,2,340,110,True,False,0
2026-10-04T02:11:40.0869108Z,14CA0000,40118,1100,533,340,700,340,700,2,340,110,True,False,0
2026-10-04T02:11:40.1026751Z,14CA0000,40118,1100,533,340,700,340,700,2,340,110,True,False,0
2026-10-04T02:11:40.1186924Z,14CA0000,40118,1100,533,340,700,340,700,2,340,110,True,False,0
2026-10-04T02:11:40.1346705Z,14CA0000,40118,1100,533,340,700,340,700,2,340,110,True,False,0
2026-10-04T02:11:40.1496475Z,14CA0000,40118,1100,533,340,700,340,700,2,340,110,True,False,0
2026-10-04T02:11:40.1646836Z,14CA0000,40118,1100,533,340,700,340,700,2,340,110,True,False,0
2026-10-04T02:11:40.1806928Z,14CA0000,40118,1100,533,340,700,340,700,2,340,110,True,False,0
2026-10-04T02:11:40.1958678Z,14CA0000,40118,1100,533,340,700,340,700,2,340,110,True,False,0
2026-10-04T02:11:40.2107789Z,14CA0000,40118,1100,533,340,700,340,700,2,340,110,True,False,0
2026-10-04T02:11:40.2266698Z,14CA0000,40118,1100,533,340,700,340,700,2,340,110,True,False,0
2026-10-04T02:11:40.2427532Z,14CA0000,40118,1100,533,340,700,340,700,2,340,110,True,False,0
2026-10-04T02:11:40.2586743Z,14CA0000,40118,1100,533,340,700,340,700,2,340,110,True,False,0
2026-10-04T02:11:40.2746754Z,14CA0000,40118,1100,533,340,700,340,700,2,340,110,True,False,0
2026-10-04T02:11:40.2902522Z,14CA0000,40118,1100,533,340,700,340,700,2,340,110,True,False,0
2026-10-04T02:11:40.3063748Z,14CA0000,40118,1100,533,340,700,340,700,2,340,110,True,False,0
2026-10-04T02:11:40.3222227Z,14CA0000,40118,1100,533,340,700,340,700,2,340,110,True,False,0
2026-10-04T02:11:40.3382077Z,14CA0000,40118,1100,533,340,700,340,700,2,340,110,True,False,0
2026-10-04T02:11:40.3542260Z,14CA0000,40118,1100,533,340,700,340,700,2,340,110,True,False,0
2026-10-04T02:11:40.3702189Z,14CA0000,40118,1100,533,340,700,340,700,2,340,110,True,False,0
2026-10-04T02:11:40.3862029Z,14CA0000,40118,1100,533,340,700,340,700,2,340,110,True,False,0
2026-10-04T02:11:40.4012185Z,14CA0000,40118,1100,533,340,700,340,700,2,340,110,True,False,0
2026-10-04T02:11:40.4162123Z,14CA0000,40118,1100,533,340,700,340,700,2,340,110,True,False,0
2026-10-04T02:11:40.4321926Z,14CA0000,40118,1100,533,340,700,340,700,2,340,110,True,False,0
2026-10-04T02:11:40.4481880Z,14CA0000,40118,1100,533,340,700,340,700,2,340,110,True,False,0
2026-10-04T02:11:40.4641944Z,14CA0000,40118,1100,533,340,700,340,700,2,340,110,True,False,0
2026-10-04T02:11:40.4802051Z,14CA0000,40118,1100,533,340,700,340,700,2,340,110,True,False,0
2026-10-04T02:11:40.4961880Z,14CA0000,40118,1100,533,340,700,340,700,2,340,110,True,False,0
2026-10-04T02:11:40.5122069Z,14CA0000,40118,1100,533,340,700,340,700,2,340,110,True,False,0
2026-10-04T02:11:40.5281834Z,14CA0000,40118,1100,533,340,700,340,700,2,340,110,True,False,0
2026-10-04T02:11:40.5441944Z,14CA0000,40118,1100,533,340,700,340,700,2,340,110,True,False,0
2026-10-04T02:11:40.5601843Z,14CA0000,40118,1100,533,340,700,340,700,2,340,110,True,False,0
2026-10-04T02:11:40.5762343Z,14CA0000,40118,1100,533,340,700,340,700,2,340,110,True,False,0
2026-10-04T02:11:40.5922485Z,14CA0000,40118,1100,533,340,700,340,700,2,340,110,True,False,0
2026-10-04T02:11:40.6082262Z,14CA0000,40118,1100,533,340,700,340,700,2,340,110,True,False,0
2026-10-04T02:11:40.6242240Z,14CA0000,40118,1100,533,340,700,340,700,2,340,110,True,False,0
2026-10-04T02:11:40.6402495Z,14CA0000,40118,1100,533,340,700,340,700,2,340,110,True,False,0
2026-10-04T02:11:40.6561630Z,14CA0000,40118,1100,533,340,700,340,700,2,340,110,True,False,0
2026-10-04T02:11:40.6721582Z,14CA0000,40118,1100,533,340,700,340,700,2,340,110,True,False,0
2026-10-04T02:11:40.6882519Z,14CA0000,40118,1100,533,340,700,340,700,2,340,110,True,False,0
2026-10-04T02:11:40.7041857Z,14CA0000,40118,1100,533,340,700,340,700,2,340,110,True,False,0
2026-10-04T02:11:40.7201664Z,14CA0000,40118,1100,533,340,700,340,700,2,340,110,True,False,0
2026-10-04T02:11:40.7363765Z,14CA0000,40118,1100,533,340,700,340,700,2,340,110,True,False,0
2026-10-04T02:11:40.7521902Z,14CA0000,40118,1100,533,340,700,340,700,2,340,110,True,False,0
2026-10-04T02:11:40.7677024Z,14CA0000,40118,1100,533,340,700,340,700,2,340,110,True,False,0
2026-10-04T02:11:40.7836979Z,14CA0000,40118,1100,533,340,700,340,700,2,340,110,True,False,0
2026-10-04T02:11:40.7997430Z,14CA0000,40118,1100,533,340,700,340,700,2,340,110,True,False,0
2026-10-04T02:11:40.8149347Z,14CA0000,40118,1100,533,340,700,340,700,2,340,110,True,False,0
2026-10-04T02:11:40.8308403Z,14CA0000,40118,1100,533,340,700,340,700,2,340,110,True,False,0
2026-10-04T02:11:40.8459625Z,14CA0000,40118,1100,533,340,700,340,700,2,340,110,True,False,0
2026-10-04T02:11:40.8609684Z,14CA0000,40118,1100,533,340,700,340,700,2,340,110,True,False,0
2026-10-04T02:11:40.8770184Z,14CA0000,40118,1100,533,340,700,340,700,2,340,110,True,False,0
2026-10-04T02:11:40.8920068Z,14CA0000,40118,1100,533,340,700,340,700,2,340,110,True,False,0
2026-10-04T02:11:40.9080200Z,14CA0000,40118,1100,533,340,700,340,700,2,340,110,True,False,0
2026-10-04T02:11:40.9230861Z,14CA0000,40118,1100,533,340,700,340,700,2,340,110,True,False,0
2026-10-04T02:11:40.9380437Z,14CA0000,40118,1100,533,340,700,340,700,2,340,110,True,False,0
2026-10-04T02:11:40.9542296Z,14CA0000,40118,1100,533,340,700,340,700,2,340,110,True,False,0
2026-10-04T02:11:40.9699907Z,14CA0000,40118,1100,533,340,700,340,700,2,340,110,True,False,0
2026-10-04T02:11:40.9860079Z,14CA0000,40118,1100,533,340,700,340,700,2,340,110,True,False,0
2026-10-04T02:11:41.0020068Z,14CA0000,40118,1100,533,340,700,340,700,2,340,110,True,False,0
2026-10-04T02:11:41.0179966Z,14CA0000,40118,1100,533,340,700,340,700,2,340,110,True,False,0
2026-10-04T02:11:41.0339852Z,14CA0000,40118,1100,533,340,700,340,700,2,340,110,True,False,0
2026-10-04T02:11:41.0500024Z,14CA0000,40118,1100,533,340,700,340,700,2,340,110,True,False,0
2026-10-04T02:11:41.0660129Z,14CA0000,40118,1100,533,340,700,340,700,2,340,110,True,False,0
2026-10-04T02:11:41.0820093Z,14CA0000,40118,1100,533,340,700,340,700,2,340,110,True,False,0
2026-10-04T02:11:41.0980231Z,14CA0000,40118,1100,533,340,700,340,700,2,340,110,True,False,0
2026-10-04T02:11:41.1140103Z,14CA0000,40118,1100,533,340,700,340,700,2,340,110,True,False,0
2026-10-04T02:11:41.1299567Z,14CA0000,40118,1100,533,340,700,340,700,2,340,110,True,False,0
2026-10-04T02:11:41.1449939Z,14CA0000,40118,1100,533,340,700,340,700,2,340,110,True,False,0
2026-10-04T02:11:41.1609950Z,14CA0000,40118,1100,533,340,700,340,700,2,340,110,True,False,0
2026-10-04T02:11:41.1762588Z,14CA0000,40118,1100,533,340,700,340,700,2,340,110,True,False,0
2026-10-04T02:11:41.1921108Z,14CA0000,40118,1100,533,340,700,340,700,2,340,110,True,False,0
2026-10-04T02:11:41.2072457Z,14CA0000,40118,1100,533,340,700,340,700,2,340,110,True,False,0
2026-10-04T02:11:41.2220097Z,14CA0000,40118,1100,533,340,700,340,700,2,340,110,True,False,0
2026-10-04T02:11:41.2380525Z,14CA0000,40118,1100,533,340,700,340,700,2,340,110,True,False,0
2026-10-04T02:11:41.2530206Z,14CA0000,40118,1100,533,340,700,340,700,2,340,110,True,False,0
2026-10-04T02:11:41.2680060Z,14CA0000,40118,1100,533,340,700,340,700,2,340,110,True,False,0
2026-10-04T02:11:41.2842337Z,14CA0000,40118,1100,533,340,700,340,700,2,340,110,True,False,0
2026-10-04T02:11:41.2999900Z,14CA0000,40118,1100,533,340,700,340,700,2,340,110,True,False,0
2026-10-04T02:11:41.3160372Z,14CA0000,40118,1100,533,340,700,340,700,2,340,110,True,False,0
2026-10-04T02:11:41.3320156Z,14CA0000,40118,1100,533,340,700,340,700,2,340,110,True,False,0
2026-10-04T02:11:41.3480028Z,14CA0000,40118,1100,533,340,700,340,700,2,340,110,True,False,0
2026-10-04T02:11:41.3640107Z,14CA0000,40118,1100,533,340,700,340,700,2,340,110,True,False,0
2026-10-04T02:11:41.3799952Z,14CA0000,40118,1100,533,340,700,340,700,2,340,110,True,False,0
2026-10-04T02:11:41.3952276Z,14CA0000,40118,1100,533,340,700,340,700,2,340,110,True,False,0
2026-10-04T02:11:41.4100228Z,14CA0000,40118,1100,533,340,700,340,700,2,340,110,True,False,0
2026-10-04T02:11:41.4260501Z,14CA0000,40118,1100,533,340,700,340,700,2,340,110,True,False,0
2026-10-04T02:11:41.4419978Z,14CA0000,40118,1100,533,340,700,340,700,2,340,110,True,False,0
2026-10-04T02:11:41.4570267Z,14CA0000,40118,1100,533,340,700,340,700,2,340,110,True,False,0
2026-10-04T02:11:41.4729594Z,14CA0000,40118,1100,533,340,700,340,700,2,340,110,True,False,0
2026-10-04T02:11:41.4880555Z,14CA0000,40118,1100,533,340,700,340,700,2,340,110,True,False,0
2026-10-04T02:11:41.5042086Z,14CA0000,40118,1100,533,340,700,340,700,2,340,110,True,False,0
2026-10-04T02:11:41.5200155Z,14CA0000,40118,1100,533,340,700,340,700,2,340,110,True,False,0
2026-10-04T02:11:41.5360006Z,14CA0000,40118,1100,533,340,700,340,700,2,340,110,True,False,0
2026-10-04T02:11:41.5510038Z,14CA0000,40118,1100,533,340,700,340,700,2,340,110,True,False,0
2026-10-04T02:11:41.5659910Z,14CA0000,40118,1100,533,340,700,340,700,2,340,110,True,False,0
2026-10-04T02:11:41.5810075Z,14CA0000,40118,1100,533,340,700,340,700,2,340,110,True,False,0
2026-10-04T02:11:41.5970280Z,14CA0000,40118,1100,533,340,700,340,700,2,340,110,True,False,0
2026-10-04T02:11:41.6120290Z,14CA0000,40118,1100,533,340,700,340,700,2,340,110,True,False,0
2026-10-04T02:11:41.6280092Z,14CA0000,40118,1100,533,340,700,340,700,2,340,110,True,False,0
2026-10-04T02:11:41.6440102Z,14CA0000,40118,1100,533,340,700,340,700,2,340,110,True,False,0
2026-10-04T02:11:41.6599772Z,14CA0000,40118,1100,533,340,700,340,700,2,340,110,True,False,0
2026-10-04T02:11:41.6760956Z,14CA0000,40118,1100,533,340,700,340,700,2,340,110,True,False,0
2026-10-04T02:11:41.6920447Z,14CA0000,40118,1100,533,340,700,340,700,2,340,110,True,False,0
2026-10-04T02:11:41.7080664Z,14CA0000,40118,1100,533,340,700,340,700,2,340,110,True,False,0
2026-10-04T02:11:41.7230828Z,14CA0000,40118,1100,533,340,700,340,700,2,340,110,True,False,0
2026-10-04T02:11:41.7390314Z,14CA0000,40118,1100,533,340,700,340,700,2,340,110,True,False,0
2026-10-04T02:11:41.7540855Z,14CA0000,40118,1100,533,340,700,340,700,2,340,110,True,False,0
2026-10-04T02:11:41.7700647Z,14CA0000,40118,1100,533,340,700,340,700,2,340,110,True,False,0
2026-10-04T02:11:41.7860813Z,14CA0000,40118,1100,533,340,700,340,700,2,340,110,True,False,0
2026-10-04T02:11:41.8021329Z,14CA0000,40118,1100,533,340,700,340,700,2,340,110,True,False,0
2026-10-04T02:11:41.8173273Z,14CA0000,40118,1100,533,340,700,340,700,2,340,110,True,False,0
2026-10-04T02:11:41.8332837Z,14CA0000,40118,1100,533,340,700,340,700,2,340,110,True,False,0
2026-10-04T02:11:41.8492838Z,14CA0000,40118,1100,533,340,700,340,700,2,340,110,True,False,0
2026-10-04T02:11:41.8643755Z,14CA0000,40118,1100,533,340,700,340,700,2,340,110,True,False,0
2026-10-04T02:11:41.8803505Z,14CA0000,40118,1100,533,340,700,340,700,2,340,110,True,False,0
2026-10-04T02:11:41.8953439Z,14CA0000,40118,1100,533,340,700,340,700,2,340,110,True,False,0
2026-10-04T02:11:41.9112863Z,14CA0000,40118,1100,533,340,700,340,700,2,340,110,True,False,0
2026-10-04T02:11:41.9273530Z,14CA0000,40118,1100,533,340,700,340,700,2,340,110,True,False,0
2026-10-04T02:11:41.9436409Z,14CA0000,40118,1100,533,340,700,340,700,2,340,110,True,False,0
2026-10-04T02:11:41.9593001Z,14CA0000,40118,1100,533,340,700,340,700,2,340,110,True,False,0
2026-10-04T02:11:41.9748079Z,14CA0000,40118,1100,533,340,700,340,700,2,340,110,True,False,0
2026-10-04T02:11:41.9898159Z,14CA0000,40118,1100,533,340,700,340,700,2,340,110,True,False,0
2026-10-04T02:11:42.0048456Z,14CA0000,40118,1100,533,340,700,340,700,2,340,110,True,False,0
2026-10-04T02:11:42.0208581Z,14CA0000,40118,1100,533,340,700,340,700,2,340,110,True,False,0
2026-10-04T02:11:42.0368214Z,14CA0000,40118,1100,533,340,700,340,700,2,340,110,True,False,0
2026-10-04T02:11:42.0529708Z,14CA0000,40118,1100,533,340,700,340,700,2,340,110,True,False,0
2026-10-04T02:11:42.0683118Z,14CA0000,40118,1100,533,340,700,340,700,2,340,110,True,False,0
2026-10-04T02:11:42.0843320Z,14CA0000,40118,1100,533,340,700,340,700,2,340,110,True,False,0
2026-10-04T02:11:42.1003410Z,14CA0000,40118,1100,533,340,700,340,700,2,340,110,True,False,0
2026-10-04T02:11:42.1163386Z,14CA0000,40118,1100,533,340,700,340,700,2,340,110,True,False,0
2026-10-04T02:11:42.1323546Z,14CA0000,40118,1100,533,340,700,340,700,2,340,110,True,False,0
2026-10-04T02:11:42.1483383Z,14CA0000,40118,1100,533,340,700,340,700,2,340,110,True,False,0
2026-10-04T02:11:42.1645961Z,14CA0000,40118,1100,533,340,700,340,700,2,340,110,True,False,0
2026-10-04T02:11:42.1803421Z,14CA0000,40118,1100,533,340,700,340,700,2,340,110,True,False,0
2026-10-04T02:11:42.1963825Z,14CA0000,40118,1100,533,340,700,340,700,2,340,110,True,False,0
2026-10-04T02:11:42.2123900Z,14CA0000,40118,1100,533,340,700,340,700,2,340,110,True,False,0
2026-10-04T02:11:42.2283279Z,14CA0000,40118,1100,533,340,700,340,700,2,340,110,True,False,0
2026-10-04T02:11:42.2443413Z,14CA0000,40118,1100,533,340,700,340,700,2,340,110,True,False,0
2026-10-04T02:11:42.2602793Z,14CA0000,40118,1100,533,340,700,340,700,2,340,110,True,False,0
2026-10-04T02:11:42.2765263Z,14CA0000,40118,1100,533,340,700,340,700,2,340,110,True,False,0
2026-10-04T02:11:42.2923174Z,14CA0000,40118,1100,533,340,700,340,700,2,340,110,True,False,0
2026-10-04T02:11:42.3083714Z,14CA0000,40118,1100,533,340,700,340,700,2,340,110,True,False,0
2026-10-04T02:11:42.3233466Z,14CA0000,40118,1100,533,340,700,340,700,2,340,110,True,False,0
2026-10-04T02:11:42.3383809Z,14CA0000,40118,1100,533,340,700,340,700,2,340,110,True,False,0
2026-10-04T02:11:42.3544376Z,14CA0000,40118,1100,533,340,700,340,700,2,340,110,True,False,0
2026-10-04T02:11:42.3703453Z,14CA0000,40118,1100,533,340,700,340,700,2,340,110,True,False,0
2026-10-04T02:11:42.3863674Z,14CA0000,40118,1100,533,340,700,340,700,2,340,110,True,False,0
2026-10-04T02:11:42.4013614Z,14CA0000,40118,1100,533,340,700,340,700,2,340,110,True,False,0
2026-10-04T02:11:42.4163426Z,14CA0000,40118,1100,533,340,700,340,700,2,340,110,True,False,0
2026-10-04T02:11:42.4323420Z,14CA0000,40118,1100,533,340,700,340,700,2,340,110,True,False,0
2026-10-04T02:11:42.4483292Z,14CA0000,40118,1100,533,340,700,340,700,2,340,110,True,False,0
2026-10-04T02:11:42.4643259Z,14CA0000,40118,1100,533,340,700,340,700,2,340,110,True,False,0
2026-10-04T02:11:42.4803742Z,14CA0000,40118,1100,533,340,700,340,700,2,340,110,True,False,0
2026-10-04T02:11:42.4963611Z,14CA0000,40118,1100,533,340,700,340,700,2,340,110,True,False,0
2026-10-04T02:11:42.5123301Z,14CA0000,40118,1100,533,340,700,340,700,2,340,110,True,False,0
2026-10-04T02:11:42.5283683Z,14CA0000,40118,1100,533,340,700,340,700,2,340,110,True,False,0
2026-10-04T02:11:42.5443270Z,14CA0000,40118,1100,533,340,700,340,700,2,340,110,True,False,0
2026-10-04T02:11:42.5603366Z,14CA0000,40118,1100,533,340,700,340,700,2,340,110,True,False,0
2026-10-04T02:11:42.5763286Z,14CA0000,40118,1100,533,340,700,340,700,2,340,110,True,False,0
2026-10-04T02:11:42.5924409Z,14CA0000,40118,1100,533,340,700,340,700,2,340,110,True,False,0
2026-10-04T02:11:42.6083755Z,14CA0000,40118,1100,533,340,700,340,700,2,340,110,True,False,0
2026-10-04T02:11:42.6234161Z,14CA0000,40118,1100,533,340,700,340,700,2,340,110,True,False,0
2026-10-04T02:11:42.6393029Z,14CA0000,40118,1100,533,340,700,340,700,2,340,110,True,False,0
2026-10-04T02:11:42.6544477Z,14CA0000,40118,1100,533,340,700,340,700,2,340,110,True,False,0
2026-10-04T02:11:42.6703719Z,14CA0000,40118,1100,533,340,700,340,700,2,340,110,True,False,0
2026-10-04T02:11:42.6863441Z,14CA0000,40118,1100,533,340,700,340,700,2,340,110,True,False,0
2026-10-04T02:11:42.7023537Z,14CA0000,40118,1100,533,340,700,340,700,2,340,110,True,False,0
2026-10-04T02:11:42.7174006Z,14CA0000,40118,1100,533,340,700,340,700,2,340,110,True,False,0
2026-10-04T02:11:42.7323347Z,14CA0000,40118,1100,533,340,700,340,700,2,340,110,True,False,0
2026-10-04T02:11:42.7483459Z,14CA0000,40118,1100,533,340,700,340,700,2,340,110,True,False,0
2026-10-04T02:11:42.7643873Z,14CA0000,40118,1100,533,340,700,340,700,2,340,110,True,False,0
2026-10-04T02:11:42.7803384Z,14CA0000,40118,1100,533,340,700,340,700,2,340,110,True,False,0
2026-10-04T02:11:42.7963162Z,14CA0000,40118,1100,533,340,700,340,700,2,340,110,True,False,0
2026-10-04T02:11:42.8124097Z,14CA0000,40118,1100,533,340,700,340,700,2,340,110,True,False,0
2026-10-04T02:11:42.8284856Z,14CA0000,40118,1100,533,340,700,340,700,2,340,110,True,False,0
2026-10-04T02:11:42.8444866Z,14CA0000,40118,1100,533,340,700,340,700,2,340,110,True,False,0
2026-10-04T02:11:42.8604813Z,14CA0000,40118,1100,533,340,700,340,700,2,340,110,True,False,0
2026-10-04T02:11:42.8765088Z,14CA0000,40118,1100,533,340,700,340,700,2,340,110,True,False,0
2026-10-04T02:11:42.8925114Z,14CA0000,40118,1100,533,340,700,340,700,2,340,110,True,False,0
2026-10-04T02:11:42.9084980Z,14CA0000,40118,1100,533,340,700,340,700,2,340,110,True,False,0
2026-10-04T02:11:42.9236242Z,14CA0000,40118,1100,533,340,700,340,700,2,340,110,True,False,0
2026-10-04T02:11:42.9385162Z,14CA0000,40118,1100,533,340,700,340,700,2,340,110,True,False,0
2026-10-04T02:11:42.9545705Z,14CA0000,40118,1100,533,340,700,340,700,2,340,110,True,False,0
2026-10-04T02:11:42.9704845Z,14CA0000,40118,1100,533,340,700,340,700,2,340,110,True,False,0
2026-10-04T02:11:42.9854953Z,14CA0000,40118,1100,533,340,700,340,700,2,340,110,True,False,0
2026-10-04T02:11:43.0005230Z,14CA0000,40118,1100,533,340,700,340,700,2,340,110,True,False,0
2026-10-04T02:11:43.0164957Z,14CA0000,40118,1100,533,340,700,340,700,2,340,110,True,False,0
2026-10-04T02:11:43.0325009Z,14CA0000,40118,1100,533,340,700,340,700,2,340,110,True,False,0
2026-10-04T02:11:43.0485025Z,14CA0000,40118,1100,533,340,700,340,700,2,340,110,True,False,0
2026-10-04T02:11:43.0645361Z,14CA0000,40118,1100,533,340,700,340,700,2,340,110,True,False,0
2026-10-04T02:11:43.0805377Z,14CA0000,40118,1100,533,340,700,340,700,2,340,110,True,False,0
2026-10-04T02:11:43.0965417Z,14CA0000,40118,1100,533,340,700,340,700,2,340,110,True,False,0
2026-10-04T02:11:43.1125174Z,14CA0000,40118,1100,533,340,700,340,700,2,340,110,True,False,0
2026-10-04T02:11:43.1285393Z,14CA0000,40118,1100,533,340,700,340,700,2,340,110,True,False,0
2026-10-04T02:11:43.1445375Z,14CA0000,40118,1100,533,340,700,340,700,2,340,110,True,False,0
2026-10-04T02:11:43.1605434Z,14CA0000,40118,1100,533,340,700,340,700,2,340,110,True,False,0
2026-10-04T02:11:43.1761438Z,14CA0000,40118,1100,533,340,700,340,700,2,340,110,True,False,0
2026-10-04T02:11:43.1921974Z,14CA0000,40118,1100,533,340,700,340,700,2,340,110,True,False,0
2026-10-04T02:11:43.2071620Z,14CA0000,40118,1100,533,340,700,340,700,2,340,110,True,False,0
2026-10-04T02:11:43.2221068Z,14CA0000,40118,1100,533,340,700,340,700,2,340,110,True,False,0
2026-10-04T02:11:43.2380710Z,14CA0000,40118,1100,533,340,700,340,700,2,340,110,True,False,0
2026-10-04T02:11:43.2542953Z,14CA0000,40118,1100,533,340,700,340,700,2,340,110,True,False,0
2026-10-04T02:11:43.2701887Z,14CA0000,40118,1100,533,340,700,340,700,2,340,110,True,False,0
2026-10-04T02:11:43.2861013Z,14CA0000,40118,1100,533,340,700,340,700,2,340,110,True,False,0
2026-10-04T02:11:43.3021230Z,14CA0000,40118,1100,533,340,700,340,700,2,340,110,True,False,0
2026-10-04T02:11:43.3181305Z,14CA0000,40118,1100,533,340,700,340,700,2,340,110,True,False,0
2026-10-04T02:11:43.3340772Z,14CA0000,40118,1100,533,340,700,340,700,2,340,110,True,False,0
2026-10-04T02:11:43.3500873Z,14CA0000,40118,1100,533,340,700,340,700,2,340,110,True,False,0
2026-10-04T02:11:43.3662575Z,14CA0000,40118,1100,533,340,700,340,700,2,340,110,True,False,0
2026-10-04T02:11:43.3821130Z,14CA0000,40118,1100,533,340,700,340,700,2,340,110,True,False,0
2026-10-04T02:11:43.3980845Z,14CA0000,40118,1100,533,340,700,340,700,2,340,110,True,False,0
2026-10-04T02:11:43.4140898Z,14CA0000,40118,1100,533,340,700,340,700,2,340,110,True,False,0
2026-10-04T02:11:43.4300713Z,14CA0000,40118,1100,533,340,700,340,700,2,340,110,True,False,0
2026-10-04T02:11:43.4461111Z,14CA0000,40118,1100,533,340,700,340,700,2,340,110,True,False,0
2026-10-04T02:11:43.4620871Z,14CA0000,40118,1100,533,340,700,340,700,2,340,110,True,False,0
2026-10-04T02:11:43.4782186Z,14CA0000,40118,1100,533,340,700,340,700,2,340,110,True,False,0
2026-10-04T02:11:43.4940895Z,14CA0000,40118,1100,533,340,700,340,700,2,340,110,True,False,0
2026-10-04T02:11:43.5100835Z,14CA0000,40118,1100,533,340,700,340,700,2,340,110,True,False,0
2026-10-04T02:11:43.5261085Z,14CA0000,40118,1100,533,340,700,340,700,2,340,110,True,False,0
2026-10-04T02:11:43.5420950Z,14CA0000,40118,1100,533,340,700,340,700,2,340,110,True,False,0
2026-10-04T02:11:43.5571172Z,14CA0000,40118,1100,533,340,700,340,700,2,340,110,True,False,0
2026-10-04T02:11:43.5731256Z,14CA0000,40118,1100,533,340,700,340,700,2,340,110,True,False,0
2026-10-04T02:11:43.5884259Z,14CA0000,40118,1100,533,340,700,340,700,2,340,110,True,False,0
2026-10-04T02:11:43.6040999Z,14CA0000,40118,1100,533,340,700,340,700,2,340,110,True,False,0
2026-10-04T02:11:43.6201124Z,14CA0000,40118,1100,533,340,700,340,700,2,340,110,True,False,0
2026-10-04T02:11:43.6351196Z,14CA0000,40118,1100,533,340,700,340,700,2,340,110,True,False,0
2026-10-04T02:11:43.6511034Z,14CA0000,40118,1100,533,340,700,340,700,2,340,110,True,False,0
2026-10-04T02:11:43.6661124Z,14CA0000,40118,1100,533,340,700,340,700,2,340,110,True,False,0
2026-10-04T02:11:43.6821058Z,14CA0000,40118,1100,533,340,700,340,700,2,340,110,True,False,0
2026-10-04T02:11:43.6970885Z,14CA0000,40118,1100,533,340,700,340,700,2,340,110,True,False,0
2026-10-04T02:11:43.7120781Z,14CA0000,40118,1100,533,340,700,340,700,2,340,110,True,False,0
2026-10-04T02:11:43.7280729Z,14CA0000,40118,1100,533,340,700,340,700,2,340,110,True,False,0
2026-10-04T02:11:43.7440690Z,14CA0000,40118,1100,533,340,700,340,700,2,340,110,True,False,0
2026-10-04T02:11:43.7600713Z,14CA0000,40118,1100,533,340,700,340,700,2,340,110,True,False,0
2026-10-04T02:11:43.7760758Z,14CA0000,40118,1100,533,340,700,340,700,2,340,110,True,False,0
2026-10-04T02:11:43.7921331Z,14CA0000,40118,1100,533,340,700,340,700,2,340,110,True,False,0
2026-10-04T02:11:43.8071588Z,14CA0000,40118,1100,533,340,700,340,700,2,340,110,True,False,0
2026-10-04T02:11:43.8221239Z,14CA0000,40118,1100,533,340,700,340,700,2,340,110,True,False,0
2026-10-04T02:11:43.8370838Z,14CA0000,40118,1100,533,340,700,340,700,2,340,110,True,False,0
2026-10-04T02:11:43.8530750Z,14CA0000,40118,1100,533,340,700,340,700,2,340,110,True,False,0
2026-10-04T02:11:43.8680722Z,14CA0000,40118,1100,533,340,700,340,700,2,340,110,True,False,0
2026-10-04T02:11:43.8840960Z,14CA0000,40118,1100,533,340,700,340,700,2,340,110,True,False,0
2026-10-04T02:11:43.9000904Z,14CA0000,40118,1100,533,340,700,340,700,2,340,110,True,False,0
2026-10-04T02:11:43.9161246Z,14CA0000,40118,1100,533,340,700,340,700,2,340,110,True,False,0
2026-10-04T02:11:43.9320556Z,14CA0000,40118,1100,533,340,700,340,700,2,340,110,True,False,0
2026-10-04T02:11:43.9480931Z,14CA0000,40118,1100,533,340,700,340,700,2,340,110,True,False,0
2026-10-04T02:11:43.9640909Z,14CA0000,40118,1100,533,340,700,340,700,2,340,110,True,False,0
2026-10-04T02:11:43.9800959Z,14CA0000,40118,1100,533,340,700,340,700,2,340,110,True,False,0
2026-10-04T02:11:43.9961121Z,14CA0000,40118,1100,533,340,700,340,700,2,340,110,True,False,0
2026-10-04T02:11:44.0120848Z,14CA0000,40118,1100,533,340,700,340,700,2,340,110,True,False,0
2026-10-04T02:11:44.0280799Z,14CA0000,40118,1100,533,340,700,340,700,2,340,110,True,False,0
2026-10-04T02:11:44.0440951Z,14CA0000,40118,1100,533,340,700,340,700,2,340,110,True,False,0
2026-10-04T02:11:44.0600901Z,14CA0000,40118,1100,533,340,700,340,700,2,340,110,True,False,0
2026-10-04T02:11:44.0761105Z,14CA0000,40118,1100,533,340,700,340,700,2,340,110,True,False,0
2026-10-04T02:11:44.0920871Z,14CA0000,40118,1100,533,340,700,340,700,2,340,110,True,False,0
2026-10-04T02:11:44.1071440Z,14CA0000,40118,1100,533,340,700,340,700,2,340,110,True,False,0
2026-10-04T02:11:44.1230852Z,14CA0000,40118,1100,533,340,700,340,700,2,340,110,True,False,0
2026-10-04T02:11:44.1381566Z,14CA0000,40118,1100,533,340,700,340,700,2,340,110,True,False,0
2026-10-04T02:11:44.1541227Z,14CA0000,40118,1100,533,340,700,340,700,2,340,110,True,False,0
2026-10-04T02:11:44.1701155Z,14CA0000,40118,1100,533,340,700,340,700,2,340,110,True,False,0
2026-10-04T02:11:44.1856720Z,14CA0000,40118,1100,533,340,700,340,700,2,340,110,True,False,0
2026-10-04T02:11:44.2006840Z,14CA0000,40118,1100,533,340,700,340,700,2,340,110,True,False,0
2026-10-04T02:11:44.2166669Z,14CA0000,40118,1100,533,340,700,340,700,2,340,110,True,False,0
2026-10-04T02:11:44.2326298Z,14CA0000,40118,1100,533,340,700,340,700,2,340,110,True,False,0
2026-10-04T02:11:44.2486047Z,14CA0000,40118,1100,533,340,700,340,700,2,340,110,True,False,0
2026-10-04T02:11:44.2646348Z,14CA0000,40118,1100,533,340,700,340,700,2,340,110,True,False,0
2026-10-04T02:11:44.2806312Z,14CA0000,40118,1100,533,340,700,340,700,2,340,110,True,False,0
2026-10-04T02:11:44.2966696Z,14CA0000,40118,1100,533,340,700,340,700,2,340,110,True,False,0
2026-10-04T02:11:44.3126905Z,14CA0000,40118,1100,533,340,700,340,700,2,340,110,True,False,0
2026-10-04T02:11:44.3286828Z,14CA0000,40118,1100,533,340,700,340,700,2,340,110,True,False,0
2026-10-04T02:11:44.3446487Z,14CA0000,40118,1100,533,340,700,340,700,2,340,110,True,False,0
2026-10-04T02:11:44.3606568Z,14CA0000,40118,1100,533,340,700,340,700,2,340,110,True,False,0
2026-10-04T02:11:44.3766521Z,14CA0000,40118,1100,533,340,700,340,700,2,340,110,True,False,0
2026-10-04T02:11:44.3926772Z,14CA0000,40118,1100,533,340,700,340,700,2,340,110,True,False,0
2026-10-04T02:11:44.4086725Z,14CA0000,40118,1100,533,340,700,340,700,2,340,110,True,False,0
2026-10-04T02:11:44.4238248Z,14CA0000,40118,1100,533,340,700,340,700,2,340,110,True,False,0
2026-10-04T02:11:44.4397433Z,14CA0000,40118,1100,533,340,700,340,700,2,340,110,True,False,0
2026-10-04T02:11:44.4549587Z,14CA0000,40118,1100,533,340,700,340,700,2,340,110,True,False,0
2026-10-04T02:11:44.4707303Z,14CA0000,40118,1100,533,340,700,340,700,2,340,110,True,False,0
2026-10-04T02:11:44.4867389Z,14CA0000,40118,1100,533,340,700,340,700,2,340,110,True,False,0
2026-10-04T02:11:44.5026949Z,14CA0000,40118,1100,533,340,700,340,700,2,340,110,True,False,0
2026-10-04T02:11:44.5187185Z,14CA0000,40118,1100,533,340,700,340,700,2,340,110,True,False,0
2026-10-04T02:11:44.5346969Z,14CA0000,40118,1100,533,340,700,340,700,2,340,110,True,False,0
2026-10-04T02:11:44.5507728Z,14CA0000,40118,1100,533,340,700,340,700,2,340,110,True,False,0
2026-10-04T02:11:44.5668836Z,14CA0000,40118,1100,533,340,700,340,700,2,340,110,True,False,0
2026-10-04T02:11:44.5827066Z,14CA0000,40118,1100,533,340,700,340,700,2,340,110,True,False,0
2026-10-04T02:11:44.5987025Z,14CA0000,40118,1100,533,340,700,340,700,2,340,110,True,False,0
2026-10-04T02:11:44.6147433Z,14CA0000,40118,1100,533,340,700,340,700,2,340,110,True,False,0
2026-10-04T02:11:44.6296861Z,14CA0000,40118,1100,533,340,700,340,700,2,340,110,True,False,0
2026-10-04T02:11:44.6456947Z,14CA0000,40118,1100,533,340,700,340,700,2,340,110,True,False,0
2026-10-04T02:11:44.6607140Z,14CA0000,40118,1100,533,340,700,340,700,2,340,110,True,False,0
2026-10-04T02:11:44.6768814Z,14CA0000,40118,1100,533,340,700,340,700,2,340,110,True,False,0
2026-10-04T02:11:44.6926977Z,14CA0000,40118,1100,533,340,700,340,700,2,340,110,True,False,0
2026-10-04T02:11:44.7087994Z,14CA0000,40118,1100,533,340,700,340,700,2,340,110,True,False,0
2026-10-04T02:11:44.7237509Z,14CA0000,40118,1100,533,340,700,340,700,2,340,110,True,False,0
2026-10-04T02:11:44.7387182Z,14CA0000,40118,1100,533,340,700,340,700,2,340,110,True,False,0
2026-10-04T02:11:44.7547487Z,14CA0000,40118,1100,533,340,700,340,700,2,340,110,True,False,0
2026-10-04T02:11:44.7707148Z,14CA0000,40118,1100,533,340,700,340,700,2,340,110,True,False,0
2026-10-04T02:11:44.7869774Z,14CA0000,40118,1100,533,340,700,340,700,2,340,110,True,False,0
2026-10-04T02:11:44.8027369Z,14CA0000,40118,1100,533,340,700,340,700,2,340,110,True,False,0
2026-10-04T02:11:44.8178686Z,14CA0000,40118,1100,533,340,700,340,700,2,340,110,True,False,0
2026-10-04T02:11:44.8338557Z,14CA0000,40118,1100,533,340,700,340,700,2,340,110,True,False,0
2026-10-04T02:11:44.8488370Z,14CA0000,40118,1100,533,340,700,340,700,2,340,110,True,False,0
2026-10-04T02:11:44.8648374Z,14CA0000,40118,1100,533,340,700,340,700,2,340,110,True,False,0
2026-10-04T02:11:44.8808243Z,14CA0000,40118,1100,533,340,700,340,700,2,340,110,True,False,0
2026-10-04T02:11:44.8969639Z,14CA0000,40118,1100,533,340,700,340,700,2,340,110,True,False,0
2026-10-04T02:11:44.9128345Z,14CA0000,40118,1100,533,340,700,340,700,2,340,110,True,False,0
2026-10-04T02:11:44.9288914Z,14CA0000,40118,1100,533,340,700,340,700,2,340,110,True,False,0
2026-10-04T02:11:44.9448376Z,14CA0000,40118,1100,533,340,700,340,700,2,340,110,True,False,0
2026-10-04T02:11:44.9608238Z,14CA0000,40118,1100,533,340,700,340,700,2,340,110,True,False,0
2026-10-04T02:11:44.9768256Z,14CA0000,40118,1100,533,340,700,340,700,2,340,110,True,False,0
2026-10-04T02:11:44.9928276Z,14CA0000,40118,1100,533,340,700,340,700,2,340,110,True,False,0
2026-10-04T02:11:45.0088432Z,14CA0000,40118,1100,533,340,700,340,700,2,340,110,True,False,0
2026-10-04T02:11:45.0248199Z,14CA0000,40118,1100,533,340,700,340,700,2,340,110,True,False,0
2026-10-04T02:11:45.0408912Z,14CA0000,40118,1100,533,340,700,340,700,2,340,110,True,False,0
2026-10-04T02:11:45.0568880Z,14CA0000,40118,1100,533,340,700,340,700,2,340,110,True,False,0
2026-10-04T02:11:45.0728607Z,14CA0000,40118,1100,533,340,700,340,700,2,340,110,True,False,0
2026-10-04T02:11:45.0888224Z,14CA0000,40118,1100,533,340,700,340,700,2,340,110,True,False,0
2026-10-04T02:11:45.1048864Z,14CA0000,40118,1100,533,340,700,340,700,2,340,110,True,False,0
2026-10-04T02:11:45.1208713Z,14CA0000,40118,1100,533,340,700,340,700,2,340,110,True,False,0
2026-10-04T02:11:45.1368214Z,14CA0000,40118,1100,533,340,700,340,700,2,340,110,True,False,0
2026-10-04T02:11:45.1528432Z,14CA0000,40118,1100,533,340,700,340,700,2,340,110,True,False,0
2026-10-04T02:11:45.1688188Z,14CA0000,40118,1100,533,340,700,340,700,2,340,110,True,False,0
2026-10-04T02:11:45.1839097Z,14CA0000,40118,1100,533,340,700,340,700,2,340,110,True,False,0
2026-10-04T02:11:45.1993840Z,14CA0000,40118,1100,533,340,700,340,700,2,340,110,True,False,0
2026-10-04T02:11:45.2153892Z,14CA0000,40118,1100,533,340,700,340,700,2,340,110,True,False,0
2026-10-04T02:11:45.2313719Z,14CA0000,40118,1100,533,340,700,340,700,2,340,110,True,False,0
2026-10-04T02:11:45.2473597Z,14CA0000,40118,1100,533,340,700,340,700,2,340,110,True,False,0
2026-10-04T02:11:45.2633616Z,14CA0000,40118,1100,533,340,700,340,700,2,340,110,True,False,0
2026-10-04T02:11:45.2793560Z,14CA0000,40118,1100,533,340,700,340,700,2,340,110,True,False,0
2026-10-04T02:11:45.2953680Z,14CA0000,40118,1100,533,340,700,340,700,2,340,110,True,False,0
2026-10-04T02:11:45.3104606Z,14CA0000,40118,1100,533,340,700,340,700,2,340,110,True,False,0
2026-10-04T02:11:45.3254190Z,14CA0000,40118,1100,533,340,700,340,700,2,340,110,True,False,0
2026-10-04T02:11:45.3413589Z,14CA0000,40118,1100,533,340,700,340,700,2,340,110,True,False,0
2026-10-04T02:11:45.3563642Z,14CA0000,40118,1100,533,340,700,340,700,2,340,110,True,False,0
2026-10-04T02:11:45.3715099Z,14CA0000,40118,1100,533,340,700,340,700,2,340,110,True,False,0
2026-10-04T02:11:45.3873656Z,14CA0000,40118,1100,533,340,700,340,700,2,340,110,True,False,0
2026-10-04T02:11:45.4033287Z,14CA0000,40118,1100,533,340,700,340,700,2,340,110,True,False,0
2026-10-04T02:11:45.4193579Z,14CA0000,40118,1100,533,340,700,340,700,2,340,110,True,False,0
2026-10-04T02:11:45.4353568Z,14CA0000,40118,1100,533,340,700,340,700,2,340,110,True,False,0
2026-10-04T02:11:45.4513651Z,14CA0000,40118,1100,533,340,700,340,700,2,340,110,True,False,0
2026-10-04T02:11:45.4673624Z,14CA0000,40118,1100,533,340,700,340,700,2,340,110,True,False,0
2026-10-04T02:11:45.4833589Z,14CA0000,40118,1100,533,340,700,340,700,2,340,110,True,False,0
2026-10-04T02:11:45.4987264Z,14CA0000,40118,1100,533,340,700,340,700,2,340,110,True,False,0
2026-10-04T02:11:45.5147998Z,14CA0000,40118,1100,533,340,700,340,700,2,340,110,True,False,0
2026-10-04T02:11:45.5307359Z,14CA0000,40118,1100,533,340,700,340,700,2,340,110,True,False,0
2026-10-04T02:11:45.5457601Z,14CA0000,40118,1100,533,340,700,340,700,2,340,110,True,False,0
2026-10-04T02:11:45.5607246Z,14CA0000,40118,1100,533,340,700,340,700,2,340,110,True,False,0
2026-10-04T02:11:45.5763974Z,14CA0000,40118,1100,533,340,700,340,700,2,340,110,True,False,0
2026-10-04T02:11:45.5923458Z,14CA0000,40118,1100,533,340,700,340,700,2,340,110,True,False,0
2026-10-04T02:11:45.6082981Z,14CA0000,40118,1100,533,340,700,340,700,2,340,110,True,False,0
2026-10-04T02:11:45.6232824Z,14CA0000,40118,1100,533,340,700,340,700,2,340,110,True,False,0
2026-10-04T02:11:45.6382603Z,14CA0000,40118,1100,533,340,700,340,700,2,340,110,True,False,0
2026-10-04T02:11:45.6542863Z,14CA0000,40118,1100,533,340,700,340,700,2,340,110,True,False,0
2026-10-04T02:11:45.6702816Z,14CA0000,40118,1100,533,340,700,340,700,2,340,110,True,False,0
2026-10-04T02:11:45.6862602Z,14CA0000,40118,1100,533,340,700,340,700,2,340,110,True,False,0
2026-10-04T02:11:45.7012827Z,14CA0000,40118,1100,533,340,700,340,700,2,340,110,True,False,0
2026-10-04T02:11:45.7163462Z,14CA0000,40118,1100,533,340,700,340,700,2,340,110,True,False,0
2026-10-04T02:11:45.7323038Z,14CA0000,40118,1100,533,340,700,340,700,2,340,110,True,False,0
2026-10-04T02:11:45.7482308Z,14CA0000,40118,1100,533,340,700,340,700,2,340,110,True,False,0
2026-10-04T02:11:45.7642734Z,14CA0000,40118,1100,533,340,700,340,700,2,340,110,True,False,0
2026-10-04T02:11:45.7803013Z,14CA0000,40118,1100,533,340,700,340,700,2,340,110,True,False,0
2026-10-04T02:11:45.7963087Z,14CA0000,40118,1100,533,340,700,340,700,2,340,110,True,False,0
2026-10-04T02:11:45.8122880Z,14CA0000,40118,1100,533,340,700,340,700,2,340,110,True,False,0
2026-10-04T02:11:45.8275136Z,14CA0000,40118,1100,533,340,700,340,700,2,340,110,True,False,0
2026-10-04T02:11:45.8424924Z,14CA0000,40118,1100,533,340,700,340,700,2,340,110,True,False,0
2026-10-04T02:11:45.8585182Z,14CA0000,40118,1100,533,340,700,340,700,2,340,110,True,False,0
2026-10-04T02:11:45.8735047Z,14CA0000,40118,1100,533,340,700,340,700,2,340,110,True,False,0
2026-10-04T02:11:45.8884743Z,14CA0000,40118,1100,533,340,700,340,700,2,340,110,True,False,0
2026-10-04T02:11:45.9045553Z,14CA0000,40118,1100,533,340,700,340,700,2,340,110,True,False,0
2026-10-04T02:11:45.9206177Z,14CA0000,40118,1100,533,340,700,340,700,2,340,110,True,False,0
2026-10-04T02:11:45.9364901Z,14CA0000,40118,1100,533,340,700,340,700,2,340,110,True,False,0
2026-10-04T02:11:45.9519879Z,14CA0000,40118,1100,533,340,700,340,700,2,340,110,True,False,0
2026-10-04T02:11:45.9680079Z,14CA0000,40118,1100,533,340,700,340,700,2,340,110,True,False,0
2026-10-04T02:11:45.9830271Z,14CA0000,40118,1100,533,340,700,340,700,2,340,110,True,False,0
2026-10-04T02:11:45.9980267Z,14CA0000,40118,1100,533,340,700,340,700,2,340,110,True,False,0
2026-10-04T02:11:46.0140156Z,14CA0000,40118,1100,533,340,700,340,700,2,340,110,True,False,0
2026-10-04T02:11:46.0299973Z,14CA0000,40118,1100,533,340,700,340,700,2,340,110,True,False,0
2026-10-04T02:11:46.0460455Z,14CA0000,40118,1100,533,340,700,340,700,2,340,110,True,False,0
2026-10-04T02:11:46.0619972Z,14CA0000,40118,1100,533,340,700,340,700,2,340,110,True,False,0
2026-10-04T02:11:46.0779525Z,14CA0000,40118,1100,533,340,700,340,700,2,340,110,True,False,0
2026-10-04T02:11:46.0939684Z,14CA0000,40118,1100,533,340,700,340,700,2,340,110,True,False,0
2026-10-04T02:11:46.1100036Z,14CA0000,40118,1100,533,340,700,340,700,2,340,110,True,False,0
2026-10-04T02:11:46.1260061Z,14CA0000,40118,1100,533,340,700,340,700,2,340,110,True,False,0
2026-10-04T02:11:46.1420133Z,14CA0000,40118,1100,533,340,700,340,700,2,340,110,True,False,0
2026-10-04T02:11:46.1580006Z,14CA0000,40118,1100,533,340,700,340,700,2,340,110,True,False,0
2026-10-04T02:11:46.1729762Z,14CA0000,40118,1100,533,340,700,340,700,2,340,110,True,False,0
2026-10-04T02:11:46.1890593Z,14CA0000,40118,1100,533,340,700,340,700,2,340,110,True,False,0
2026-10-04T02:11:46.2040553Z,14CA0000,40118,1100,533,340,700,340,700,2,340,110,True,False,0
2026-10-04T02:11:46.2200223Z,14CA0000,40118,1100,533,340,700,340,700,2,340,110,True,False,0
2026-10-04T02:11:46.2360150Z,14CA0000,40118,1100,533,340,700,340,700,2,340,110,True,False,0
2026-10-04T02:11:46.2520628Z,14CA0000,40118,1100,533,340,700,340,700,2,340,110,True,False,0
2026-10-04T02:11:46.2680086Z,14CA0000,40118,1100,533,340,700,340,700,2,340,110,True,False,0
2026-10-04T02:11:46.2840410Z,14CA0000,40118,1100,533,340,700,340,700,2,340,110,True,False,0
2026-10-04T02:11:46.3000400Z,14CA0000,40118,1100,533,340,700,340,700,2,340,110,True,False,0
2026-10-04T02:11:46.3162571Z,14CA0000,40118,1100,533,340,700,340,700,2,340,110,True,False,0
2026-10-04T02:11:46.3320137Z,14CA0000,40118,1100,533,340,700,340,700,2,340,110,True,False,0
2026-10-04T02:11:46.3480244Z,14CA0000,40118,1100,533,340,700,340,700,2,340,110,True,False,0
2026-10-04T02:11:46.3640451Z,14CA0000,40118,1100,533,340,700,340,700,2,340,110,True,False,0
2026-10-04T02:11:46.3800594Z,14CA0000,40118,1100,533,340,700,340,700,2,340,110,True,False,0
2026-10-04T02:11:46.3961238Z,14CA0000,40118,1100,533,340,700,340,700,2,340,110,True,False,0
2026-10-04T02:11:46.4120643Z,14CA0000,40118,1100,533,340,700,340,700,2,340,110,True,False,0
2026-10-04T02:11:46.4280600Z,14CA0000,40118,1100,533,340,700,340,700,2,340,110,True,False,0
2026-10-04T02:11:46.4440834Z,14CA0000,40118,1100,533,340,700,340,700,2,340,110,True,False,0
2026-10-04T02:11:46.4600641Z,14CA0000,40118,1100,533,340,700,340,700,2,340,110,True,False,0
2026-10-04T02:11:46.4760949Z,14CA0000,40118,1100,533,340,700,340,700,2,340,110,True,False,0
2026-10-04T02:11:46.4920722Z,14CA0000,40118,1100,533,340,700,340,700,2,340,110,True,False,0
2026-10-04T02:11:46.5080741Z,14CA0000,40118,1100,533,340,700,340,700,2,340,110,True,False,0
2026-10-04T02:11:46.5230757Z,14CA0000,40118,1100,533,340,700,340,700,2,340,110,True,False,0
2026-10-04T02:11:46.5381412Z,14CA0000,40118,1100,533,340,700,340,700,2,340,110,True,False,0
2026-10-04T02:11:46.5540886Z,14CA0000,40118,1100,533,340,700,340,700,2,340,110,True,False,0
2026-10-04T02:11:46.5700749Z,14CA0000,40118,1100,533,340,700,340,700,2,340,110,True,False,0
2026-10-04T02:11:46.5861021Z,14CA0000,40118,1100,533,340,700,340,700,2,340,110,True,False,0
2026-10-04T02:11:46.6010865Z,14CA0000,40118,1100,533,340,700,340,700,2,340,110,True,False,0
2026-10-04T02:11:46.6161513Z,14CA0000,40118,1100,533,340,700,340,700,2,340,110,True,False,0
2026-10-04T02:11:46.6310764Z,14CA0000,40118,1100,533,340,700,340,700,2,340,110,True,False,0
2026-10-04T02:11:46.6472870Z,14CA0000,40118,1100,533,340,700,340,700,2,340,110,True,False,0
2026-10-04T02:11:46.6621056Z,14CA0000,40118,1100,533,340,700,340,700,2,340,110,True,False,0
2026-10-04T02:11:46.6781087Z,14CA0000,40118,1100,533,340,700,340,700,2,340,110,True,False,0
2026-10-04T02:11:46.6931202Z,14CA0000,40118,1100,533,340,700,340,700,2,340,110,True,False,0
2026-10-04T02:11:46.7080107Z,14CA0000,40118,1100,533,340,700,340,700,2,340,110,True,False,0
2026-10-04T02:11:46.7230215Z,14CA0000,40118,1100,533,340,700,340,700,2,340,110,True,False,0
2026-10-04T02:11:46.7389973Z,14CA0000,40118,1100,533,340,700,340,700,2,340,110,True,False,0
2026-10-04T02:11:46.7542111Z,14CA0000,40118,1100,533,340,700,340,700,2,340,110,True,False,0
2026-10-04T02:11:46.7690022Z,14CA0000,40118,1100,533,340,700,340,700,2,340,110,True,False,0
2026-10-04T02:11:46.7850224Z,14CA0000,40118,1100,533,340,700,340,700,2,340,110,True,False,0
2026-10-04T02:11:46.8000084Z,14CA0000,40118,1100,533,340,700,340,700,2,340,110,True,False,0
2026-10-04T02:11:46.8161229Z,14CA0000,40118,1100,533,340,700,340,700,2,340,110,True,False,0
2026-10-04T02:11:46.8315571Z,14CA0000,40118,1100,533,340,700,340,700,2,340,110,True,False,0
2026-10-04T02:11:46.8475535Z,14CA0000,40118,1100,533,340,700,340,700,2,340,110,True,False,0
2026-10-04T02:11:46.8637112Z,14CA0000,40118,1100,533,340,700,340,700,2,340,110,True,False,0
2026-10-04T02:11:46.8795908Z,14CA0000,40118,1100,533,340,700,340,700,2,340,110,True,False,0
2026-10-04T02:11:46.8955771Z,14CA0000,40118,1100,533,340,700,340,700,2,340,110,True,False,0
2026-10-04T02:11:46.9116921Z,14CA0000,40118,1100,533,340,700,340,700,2,340,110,True,False,0
2026-10-04T02:11:46.9276540Z,14CA0000,40118,1100,533,340,700,340,700,2,340,110,True,False,0
2026-10-04T02:11:46.9436068Z,14CA0000,40118,1100,533,340,700,340,700,2,340,110,True,False,0
2026-10-04T02:11:46.9595705Z,14CA0000,40118,1100,533,340,700,340,700,2,340,110,True,False,0
2026-10-04T02:11:46.9757801Z,14CA0000,40118,1100,533,340,700,340,700,2,340,110,True,False,0
2026-10-04T02:11:46.9916231Z,14CA0000,40118,1100,533,340,700,340,700,2,340,110,True,False,0
2026-10-04T02:11:47.0066293Z,14CA0000,40118,1100,533,340,700,340,700,2,340,110,True,False,0
2026-10-04T02:11:47.0226350Z,14CA0000,40118,1100,533,340,700,340,700,2,340,110,True,False,0
2026-10-04T02:11:47.0376636Z,14CA0000,40118,1100,533,340,700,340,700,2,340,110,True,False,0
2026-10-04T02:11:47.0525962Z,14CA0000,40118,1100,533,340,700,340,700,2,340,110,True,False,0
2026-10-04T02:11:47.0685914Z,14CA0000,40118,1100,533,340,700,340,700,2,340,110,True,False,0
2026-10-04T02:11:47.0835934Z,14CA0000,40118,1100,533,340,700,340,700,2,340,110,True,False,0
2026-10-04T02:11:47.0996228Z,14CA0000,40118,1100,533,340,700,340,700,2,340,110,True,False,0
2026-10-04T02:11:47.1156015Z,14CA0000,40118,1100,533,340,700,340,700,2,340,110,True,False,0
2026-10-04T02:11:47.1316383Z,14CA0000,40118,1100,533,340,700,340,700,2,340,110,True,False,0
2026-10-04T02:11:47.1476022Z,14CA0000,40118,1100,533,340,700,340,700,2,340,110,True,False,0
2026-10-04T02:11:47.1630759Z,14CA0000,40118,1100,533,340,700,340,700,2,340,110,True,False,0
2026-10-04T02:11:47.1791289Z,14CA0000,40118,1100,533,340,700,340,700,2,340,110,True,False,0
2026-10-04T02:11:47.1951433Z,14CA0000,40118,1100,533,340,700,340,700,2,340,110,True,False,0
2026-10-04T02:11:47.2110794Z,14CA0000,40118,1100,533,340,700,340,700,2,340,110,True,False,0
2026-10-04T02:11:47.2270910Z,14CA0000,40118,1100,533,340,700,340,700,2,340,110,True,False,0
2026-10-04T02:11:47.2431167Z,14CA0000,40118,1100,533,340,700,340,700,2,340,110,True,False,0
2026-10-04T02:11:47.2590806Z,14CA0000,40118,1100,533,340,700,340,700,2,340,110,True,False,0
2026-10-04T02:11:47.2750821Z,14CA0000,40118,1100,533,340,700,340,700,2,340,110,True,False,0
2026-10-04T02:11:47.2901103Z,14CA0000,40118,1100,533,340,700,340,700,2,340,110,True,False,0
2026-10-04T02:11:47.3061351Z,14CA0000,40118,1100,533,340,700,340,700,2,340,110,True,False,0
2026-10-04T02:11:47.3211017Z,14CA0000,40118,1100,533,340,700,340,700,2,340,110,True,False,0
2026-10-04T02:11:47.3370921Z,14CA0000,40118,1100,533,340,700,340,700,2,340,110,True,False,0
2026-10-04T02:11:47.3531085Z,14CA0000,40118,1100,533,340,700,340,700,2,340,110,True,False,0
2026-10-04T02:11:47.3690590Z,14CA0000,40118,1100,533,340,700,340,700,2,340,110,True,False,0
2026-10-04T02:11:47.3850849Z,14CA0000,40118,1100,533,340,700,340,700,2,340,110,True,False,0
2026-10-04T02:11:47.4010738Z,14CA0000,40118,1100,533,340,700,340,700,2,340,110,True,False,0
2026-10-04T02:11:47.4170438Z,14CA0000,40118,1100,533,340,700,340,700,2,340,110,True,False,0
2026-10-04T02:11:47.4330716Z,14CA0000,40118,1100,533,340,700,340,700,2,340,110,True,False,0
2026-10-04T02:11:47.4490924Z,14CA0000,40118,1100,533,340,700,340,700,2,340,110,True,False,0
2026-10-04T02:11:47.4650885Z,14CA0000,40118,1100,533,340,700,340,700,2,340,110,True,False,0
2026-10-04T02:11:47.4810909Z,14CA0000,40118,1100,533,340,700,340,700,2,340,110,True,False,0
2026-10-04T02:11:47.4970751Z,14CA0000,40118,1100,533,340,700,340,700,2,340,110,True,False,0
2026-10-04T02:11:47.5124314Z,14CA0000,40118,1100,533,340,700,340,700,2,340,110,True,False,0
2026-10-04T02:11:47.5274732Z,14CA0000,40118,1100,533,340,700,340,700,2,340,110,True,False,0
2026-10-04T02:11:47.5432966Z,14CA0000,40118,1100,533,340,700,340,700,2,340,110,True,False,0
2026-10-04T02:11:47.5593146Z,14CA0000,40118,1100,533,340,700,340,700,2,340,110,True,False,0
2026-10-04T02:11:47.5753496Z,14CA0000,40118,1100,533,340,700,340,700,2,340,110,True,False,0
2026-10-04T02:11:47.5903717Z,14CA0000,40118,1100,533,340,700,340,700,2,340,110,True,False,0
2026-10-04T02:11:47.6053464Z,14CA0000,40118,1100,533,340,700,340,700,2,340,110,True,False,0
2026-10-04T02:11:47.6214881Z,14CA0000,40118,1100,533,340,700,340,700,2,340,110,True,False,0
2026-10-04T02:11:47.6375814Z,14CA0000,40118,1100,533,340,700,340,700,2,340,110,True,False,0
2026-10-04T02:11:47.6533235Z,14CA0000,40118,1100,533,340,700,340,700,2,340,110,True,False,0
2026-10-04T02:11:47.6693200Z,14CA0000,40118,1100,533,340,700,340,700,2,340,110,True,False,0
2026-10-04T02:11:47.6843224Z,14CA0000,40118,1100,533,340,700,340,700,2,340,110,True,False,0
2026-10-04T02:11:47.7003423Z,14CA0000,40118,1100,533,340,700,340,700,2,340,110,True,False,0
2026-10-04T02:11:47.7154072Z,14CA0000,40118,1100,533,340,700,340,700,2,340,110,True,False,0
2026-10-04T02:11:47.7313592Z,14CA0000,40118,1100,533,340,700,340,700,2,340,110,True,False,0
2026-10-04T02:11:47.7467397Z,14CA0000,40118,1100,533,340,700,340,700,2,340,110,True,False,0
2026-10-04T02:11:47.7627316Z,14CA0000,40118,1100,533,340,700,340,700,2,340,110,True,False,0
2026-10-04T02:11:47.7787267Z,14CA0000,40118,1100,533,340,700,340,700,2,340,110,True,False,0
2026-10-04T02:11:47.7947520Z,14CA0000,40118,1100,533,340,700,340,700,2,340,110,True,False,0
2026-10-04T02:11:47.8107587Z,14CA0000,40118,1100,533,340,700,340,700,2,340,110,True,False,0
2026-10-04T02:11:47.8268551Z,14CA0000,40118,1100,533,340,700,340,700,2,340,110,True,False,0
2026-10-04T02:11:47.8428336Z,14CA0000,40118,1100,533,340,700,340,700,2,340,110,True,False,0
2026-10-04T02:11:47.8588700Z,14CA0000,40118,1100,533,340,700,340,700,2,340,110,True,False,0
2026-10-04T02:11:47.8748450Z,14CA0000,40118,1100,533,340,700,340,700,2,340,110,True,False,0
2026-10-04T02:11:47.8908974Z,14CA0000,40118,1100,533,340,700,340,700,2,340,110,True,False,0
2026-10-04T02:11:47.9068591Z,14CA0000,40118,1100,533,340,700,340,700,2,340,110,True,False,0
2026-10-04T02:11:47.9229382Z,14CA0000,40118,1100,533,340,700,340,700,2,340,110,True,False,0
2026-10-04T02:11:47.9388305Z,14CA0000,40118,1100,533,340,700,340,700,2,340,110,True,False,0
2026-10-04T02:11:47.9551015Z,14CA0000,40118,1100,533,340,700,340,700,2,340,110,True,False,0
2026-10-04T02:11:47.9708572Z,14CA0000,40118,1100,533,340,700,340,700,2,340,110,True,False,0
2026-10-04T02:11:47.9868598Z,14CA0000,40118,1100,533,340,700,340,700,2,340,110,True,False,0
2026-10-04T02:11:48.0018449Z,14CA0000,40118,1100,533,340,700,340,700,2,340,110,True,False,0
2026-10-04T02:11:48.0167585Z,14CA0000,40118,1100,533,340,700,340,700,2,340,110,True,False,0
2026-10-04T02:11:48.0327357Z,14CA0000,40118,1100,533,340,700,340,700,2,340,110,True,False,0
2026-10-04T02:11:48.0487567Z,14CA0000,40118,1100,533,340,700,340,700,2,340,110,True,False,0
2026-10-04T02:11:48.0649133Z,14CA0000,40118,1100,533,340,700,340,700,2,340,110,True,False,0
2026-10-04T02:11:48.0807566Z,14CA0000,40118,1100,533,340,700,340,700,2,340,110,True,False,0
2026-10-04T02:11:48.0967392Z,14CA0000,40118,1100,533,340,700,340,700,2,340,110,True,False,0
2026-10-04T02:11:48.1127531Z,14CA0000,40118,1100,533,340,700,340,700,2,340,110,True,False,0
2026-10-04T02:11:48.1282707Z,14CA0000,40118,1100,533,340,700,340,700,2,340,110,True,False,0
2026-10-04T02:11:48.1442796Z,14CA0000,40118,1100,533,340,700,340,700,2,340,110,True,False,0
2026-10-04T02:11:48.1602518Z,14CA0000,40118,1100,533,340,700,340,700,2,340,110,True,False,0
2026-10-04T02:11:48.1764802Z,14CA0000,40118,1100,533,340,700,340,700,2,340,110,True,False,0
2026-10-04T02:11:48.1923304Z,14CA0000,40118,1100,533,340,700,340,700,2,340,110,True,False,0
2026-10-04T02:11:48.2082606Z,14CA0000,40118,1100,533,340,700,340,700,2,340,110,True,False,0
2026-10-04T02:11:48.2242710Z,14CA0000,40118,1100,533,340,700,340,700,2,340,110,True,False,0
2026-10-04T02:11:48.2403095Z,14CA0000,40118,1100,533,340,700,340,700,2,340,110,True,False,0
2026-10-04T02:11:48.2558074Z,14CA0000,40118,1100,533,340,700,340,700,2,340,110,True,False,0
2026-10-04T02:11:48.2708031Z,14CA0000,40118,1100,533,340,700,340,700,2,340,110,True,False,0
2026-10-04T02:11:48.2869935Z,14CA0000,40118,1100,533,340,700,340,700,2,340,110,True,False,0
2026-10-04T02:11:48.3028490Z,14CA0000,40118,1100,533,340,700,340,700,2,340,110,True,False,0
2026-10-04T02:11:48.3187697Z,14CA0000,40118,1100,533,340,700,340,700,2,340,110,True,False,0
2026-10-04T02:11:48.3337756Z,14CA0000,40118,1100,533,340,700,340,700,2,340,110,True,False,0
2026-10-04T02:11:48.3497840Z,14CA0000,40118,1100,533,340,700,340,700,2,340,110,True,False,0
2026-10-04T02:11:48.3650252Z,14CA0000,40118,1100,533,340,700,340,700,2,340,110,True,False,0
2026-10-04T02:11:48.3800087Z,14CA0000,40118,1100,533,340,700,340,700,2,340,110,True,False,0
2026-10-04T02:11:48.3959881Z,14CA0000,40118,1100,533,340,700,340,700,2,340,110,True,False,0
2026-10-04T02:11:48.4109875Z,14CA0000,40118,1100,533,340,700,340,700,2,340,110,True,False,0
2026-10-04T02:11:48.4269960Z,14CA0000,40118,1100,533,340,700,340,700,2,340,110,True,False,0
2026-10-04T02:11:48.4429908Z,14CA0000,40118,1100,533,340,700,340,700,2,340,110,True,False,0
2026-10-04T02:11:48.4590575Z,14CA0000,40118,1100,533,340,700,340,700,2,340,110,True,False,0
2026-10-04T02:11:48.4749855Z,14CA0000,40118,1100,533,340,700,340,700,2,340,110,True,False,0
2026-10-04T02:11:48.4899815Z,14CA0000,40118,1100,533,340,700,340,700,2,340,110,True,False,0
2026-10-04T02:11:48.5060207Z,14CA0000,40118,1100,533,340,700,340,700,2,340,110,True,False,0
2026-10-04T02:11:48.5210293Z,14CA0000,40118,1100,533,340,700,340,700,2,340,110,True,False,0
2026-10-04T02:11:48.5370142Z,14CA0000,40118,1100,533,340,700,340,700,2,340,110,True,False,0
2026-10-04T02:11:48.5530104Z,14CA0000,40118,1100,533,340,700,340,700,2,340,110,True,False,0
2026-10-04T02:11:48.5689593Z,14CA0000,40118,1100,533,340,700,340,700,2,340,110,True,False,0
2026-10-04T02:11:48.5850236Z,14CA0000,40118,1100,533,340,700,340,700,2,340,110,True,False,0
2026-10-04T02:11:48.6010110Z,14CA0000,40118,1100,533,340,700,340,700,2,340,110,True,False,0
2026-10-04T02:11:48.6161897Z,14CA0000,40118,1100,533,340,700,340,700,2,340,110,True,False,0
2026-10-04T02:11:48.6309929Z,14CA0000,40118,1100,533,340,700,340,700,2,340,110,True,False,0
2026-10-04T02:11:48.6460420Z,14CA0000,40118,1100,533,340,700,340,700,2,340,110,True,False,0
2026-10-04T02:11:48.6619599Z,14CA0000,40118,1100,533,340,700,340,700,2,340,110,True,False,0
2026-10-04T02:11:48.6770309Z,14CA0000,40118,1100,533,340,700,340,700,2,340,110,True,False,0
2026-10-04T02:11:48.6930191Z,14CA0000,40118,1100,533,340,700,340,700,2,340,110,True,False,0
2026-10-04T02:11:48.7090223Z,14CA0000,40118,1100,533,340,700,340,700,2,340,110,True,False,0
2026-10-04T02:11:48.7251549Z,14CA0000,40118,1100,533,340,700,340,700,2,340,110,True,False,0
2026-10-04T02:11:48.7400768Z,14CA0000,40118,1100,533,340,700,340,700,2,340,110,True,False,0
2026-10-04T02:11:48.7550766Z,14CA0000,40118,1100,533,340,700,340,700,2,340,110,True,False,0
2026-10-04T02:11:48.7710498Z,14CA0000,40118,1100,533,340,700,340,700,2,340,110,True,False,0
2026-10-04T02:11:48.7869580Z,14CA0000,40118,1100,533,340,700,340,700,2,340,110,True,False,0
2026-10-04T02:11:48.8030211Z,14CA0000,40118,1100,533,340,700,340,700,2,340,110,True,False,0
2026-10-04T02:11:48.8190219Z,14CA0000,40118,1100,533,340,700,340,700,2,340,110,True,False,0
2026-10-04T02:11:48.8351406Z,14CA0000,40118,1100,533,340,700,340,700,2,340,110,True,False,0
2026-10-04T02:11:48.8510581Z,14CA0000,40118,1100,533,340,700,340,700,2,340,110,True,False,0
2026-10-04T02:11:48.8669723Z,14CA0000,40118,1100,533,340,700,340,700,2,340,110,True,False,0
2026-10-04T02:11:48.8830773Z,14CA0000,40118,1100,533,340,700,340,700,2,340,110,True,False,0
2026-10-04T02:11:48.8990225Z,14CA0000,40118,1100,533,340,700,340,700,2,340,110,True,False,0
2026-10-04T02:11:48.9149983Z,14CA0000,40118,1100,533,340,700,340,700,2,340,110,True,False,0
2026-10-04T02:11:48.9310677Z,14CA0000,40118,1100,533,340,700,340,700,2,340,110,True,False,0
2026-10-04T02:11:48.9471785Z,14CA0000,40118,1100,533,340,700,340,700,2,340,110,True,False,0
2026-10-04T02:11:48.9631186Z,14CA0000,40118,1100,533,340,700,340,700,2,340,110,True,False,0
2026-10-04T02:11:48.9790073Z,14CA0000,40118,1100,533,340,700,340,700,2,340,110,True,False,0
2026-10-04T02:11:48.9950095Z,14CA0000,40118,1100,533,340,700,340,700,2,340,110,True,False,0
2026-10-04T02:11:49.0110741Z,14CA0000,40118,1100,533,340,700,340,700,2,340,110,True,False,0
2026-10-04T02:11:49.0269298Z,14CA0000,40118,1100,533,340,700,340,700,2,340,110,True,False,0
2026-10-04T02:11:49.0429585Z,14CA0000,40118,1100,533,340,700,340,700,2,340,110,True,False,0
2026-10-04T02:11:49.0580329Z,14CA0000,40118,1100,533,340,700,340,700,2,340,110,True,False,0
2026-10-04T02:11:49.0740060Z,14CA0000,40118,1100,533,340,700,340,700,2,340,110,True,False,0
2026-10-04T02:11:49.0890127Z,14CA0000,40118,1100,533,340,700,340,700,2,340,110,True,False,0
2026-10-04T02:11:49.1039895Z,14CA0000,40118,1100,533,340,700,340,700,2,340,110,True,False,0
2026-10-04T02:11:49.1200182Z,14CA0000,40118,1100,533,340,700,340,700,2,340,110,True,False,0
2026-10-04T02:11:49.1349750Z,14CA0000,40118,1100,533,340,700,340,700,2,340,110,True,False,0
2026-10-04T02:11:49.1510515Z,14CA0000,40118,1100,533,340,700,340,700,2,340,110,True,False,0
2026-10-04T02:11:49.1669787Z,14CA0000,40118,1100,533,340,700,340,700,2,340,110,True,False,0
2026-10-04T02:11:49.1830175Z,14CA0000,40118,1100,533,340,700,340,700,2,340,110,True,False,0
2026-10-04T02:11:49.1990188Z,14CA0000,40118,1100,533,340,700,340,700,2,340,110,True,False,0
2026-10-04T02:11:49.2150537Z,14CA0000,40118,1100,533,340,700,340,700,2,340,110,True,False,0
2026-10-04T02:11:49.2310233Z,14CA0000,40118,1100,533,340,700,340,700,2,340,110,True,False,0
2026-10-04T02:11:49.2470311Z,14CA0000,40118,1100,533,340,700,340,700,2,340,110,True,False,0
2026-10-04T02:11:49.2629921Z,14CA0000,40118,1100,533,340,700,340,700,2,340,110,True,False,0
2026-10-04T02:11:49.2790311Z,14CA0000,40118,1100,533,340,700,340,700,2,340,110,True,False,0
2026-10-04T02:11:49.2950064Z,14CA0000,40118,1100,533,340,700,340,700,2,340,110,True,False,0
2026-10-04T02:11:49.3110515Z,14CA0000,40118,1100,533,340,700,340,700,2,340,110,True,False,0
2026-10-04T02:11:49.3265305Z,14CA0000,40118,1100,533,340,700,340,700,2,340,110,True,False,0
2026-10-04T02:11:49.3425651Z,14CA0000,40118,1100,533,340,700,340,700,2,340,110,True,False,0
2026-10-04T02:11:49.3580604Z,14CA0000,40118,1100,533,340,700,340,700,2,340,110,True,False,0
2026-10-04T02:11:49.3740835Z,14CA0000,40118,1100,533,340,700,340,700,2,340,110,True,False,0
2026-10-04T02:11:49.3900949Z,14CA0000,40118,1100,533,340,700,340,700,2,340,110,True,False,0
2026-10-04T02:11:49.4060697Z,14CA0000,40118,1100,533,340,700,340,700,2,340,110,True,False,0
2026-10-04T02:11:49.4220531Z,14CA0000,40118,1100,533,340,700,340,700,2,340,110,True,False,0
2026-10-04T02:11:49.4381456Z,14CA0000,40118,1100,533,340,700,340,700,2,340,110,True,False,0
2026-10-04T02:11:49.4540670Z,14CA0000,40118,1100,533,340,700,340,700,2,340,110,True,False,0
2026-10-04T02:11:49.4700948Z,14CA0000,40118,1100,533,340,700,340,700,2,340,110,True,False,0
2026-10-04T02:11:49.4860605Z,14CA0000,40118,1100,533,340,700,340,700,2,340,110,True,False,0
2026-10-04T02:11:49.5010489Z,14CA0000,40118,1100,533,340,700,340,700,2,340,110,True,False,0
2026-10-04T02:11:49.5170505Z,14CA0000,40118,1100,533,340,700,340,700,2,340,110,True,False,0
2026-10-04T02:11:49.5325824Z,14CA0000,40118,1100,533,340,700,340,700,2,340,110,True,False,0
2026-10-04T02:11:49.5485848Z,14CA0000,40118,1100,533,340,700,340,700,2,340,110,True,False,0
2026-10-04T02:11:49.5640317Z,14CA0000,40118,1100,533,340,700,340,700,2,340,110,True,False,0
2026-10-04T02:11:49.5800042Z,14CA0000,40118,1100,533,340,700,340,700,2,340,110,True,False,0
2026-10-04T02:11:49.5962207Z,14CA0000,40118,1100,533,340,700,340,700,2,340,110,True,False,0
2026-10-04T02:11:49.6120158Z,14CA0000,40118,1100,533,340,700,340,700,2,340,110,True,False,0
2026-10-04T02:11:49.6280028Z,14CA0000,40118,1100,533,340,700,340,700,2,340,110,True,False,0
2026-10-04T02:11:49.6440007Z,14CA0000,40118,1100,533,340,700,340,700,2,340,110,True,False,0
2026-10-04T02:11:49.6600304Z,14CA0000,40118,1100,533,340,700,340,700,2,340,110,True,False,0
2026-10-04T02:11:49.6760159Z,14CA0000,40118,1100,533,340,700,340,700,2,340,110,True,False,0
2026-10-04T02:11:49.6920104Z,14CA0000,40118,1100,533,340,700,340,700,2,340,110,True,False,0
2026-10-04T02:11:49.7080086Z,14CA0000,40118,1100,533,340,700,340,700,2,340,110,True,False,0
2026-10-04T02:11:49.7239893Z,14CA0000,40118,1100,533,340,700,340,700,2,340,110,True,False,0
2026-10-04T02:11:49.7399803Z,14CA0000,40118,1100,533,340,700,340,700,2,340,110,True,False,0
2026-10-04T02:11:49.7560083Z,14CA0000,40118,1100,533,340,700,340,700,2,340,110,True,False,0
2026-10-04T02:11:49.7720007Z,14CA0000,40118,1100,533,340,700,340,700,2,340,110,True,False,0
2026-10-04T02:11:49.7880688Z,14CA0000,40118,1100,533,340,700,340,700,2,340,110,True,False,0
2026-10-04T02:11:49.8041102Z,14CA0000,40118,1100,533,340,700,340,700,2,340,110,True,False,0
2026-10-04T02:11:49.8200024Z,14CA0000,40118,1100,533,340,700,340,700,2,340,110,True,False,0
2026-10-04T02:11:49.8349971Z,14CA0000,40118,1100,533,340,700,340,700,2,340,110,True,False,0
2026-10-04T02:11:49.8510124Z,14CA0000,40118,1100,533,340,700,340,700,2,340,110,True,False,0
2026-10-04T02:11:49.8659919Z,14CA0000,40118,1100,533,340,700,340,700,2,340,110,True,False,0
2026-10-04T02:11:49.8810228Z,14CA0000,40118,1100,533,340,700,340,700,2,340,110,True,False,0
2026-10-04T02:11:49.8970433Z,14CA0000,40118,1100,533,340,700,340,700,2,340,110,True,False,0
2026-10-04T02:11:49.9121024Z,14CA0000,40118,1100,533,340,700,340,700,2,340,110,True,False,0
2026-10-04T02:11:49.9282098Z,14CA0000,40118,1100,533,340,700,340,700,2,340,110,True,False,0
2026-10-04T02:11:49.9440513Z,14CA0000,40118,1100,533,340,700,340,700,2,340,110,True,False,0
2026-10-04T02:11:49.9600809Z,14CA0000,40118,1100,533,340,700,340,700,2,340,110,True,False,0
2026-10-04T02:11:49.9760876Z,14CA0000,40118,1100,533,340,700,340,700,2,340,110,True,False,0
2026-10-04T02:11:49.9920698Z,14CA0000,40118,1100,533,340,700,340,700,2,340,110,True,False,0
2026-10-04T02:11:50.0081259Z,14CA0000,40118,1100,533,340,700,340,700,2,340,110,True,False,0
2026-10-04T02:11:50.0240622Z,14CA0000,40118,1100,533,340,700,340,700,2,340,110,True,False,0
2026-10-04T02:11:50.0402841Z,14CA0000,40118,1100,533,340,700,340,700,2,340,110,True,False,0
2026-10-04T02:11:50.0560660Z,14CA0000,40118,1100,533,340,700,340,700,2,340,110,True,False,0
2026-10-04T02:11:50.0720438Z,14CA0000,40118,1100,533,340,700,340,700,2,340,110,True,False,0
2026-10-04T02:11:50.0881894Z,14CA0000,40118,1100,533,340,700,340,700,2,340,110,True,False,0
2026-10-04T02:11:50.1040970Z,14CA0000,40118,1100,533,340,700,340,700,2,340,110,True,False,0
2026-10-04T02:11:50.1200924Z,14CA0000,40118,1100,533,340,700,340,700,2,340,110,True,False,0
2026-10-04T02:11:50.1360759Z,14CA0000,40118,1100,533,340,700,340,700,2,340,110,True,False,0
2026-10-04T02:11:50.1511773Z,14CA0000,40118,1100,533,340,700,340,700,2,340,110,True,False,0
2026-10-04T02:11:50.1670652Z,14CA0000,40118,1100,533,340,700,340,700,2,340,110,True,False,0
2026-10-04T02:11:50.1820745Z,14CA0000,40118,1100,533,340,700,340,700,2,340,110,True,False,0
2026-10-04T02:11:50.1981066Z,14CA0000,40118,1100,533,340,700,340,700,2,340,110,True,False,0
2026-10-04T02:11:50.2140210Z,14CA0000,40118,1100,533,340,700,340,700,2,340,110,True,False,0
2026-10-04T02:11:50.2300507Z,14CA0000,40118,1100,533,340,700,340,700,2,340,110,True,False,0
2026-10-04T02:11:50.2460678Z,14CA0000,40118,1100,533,340,700,340,700,2,340,110,True,False,0
2026-10-04T02:11:50.2622518Z,14CA0000,40118,1100,533,340,700,340,700,2,340,110,True,False,0
2026-10-04T02:11:50.2780555Z,14CA0000,40118,1100,533,340,700,340,700,2,340,110,True,False,0
2026-10-04T02:11:50.2940383Z,14CA0000,40118,1100,533,340,700,340,700,2,340,110,True,False,0
2026-10-04T02:11:50.3100741Z,14CA0000,40118,1100,533,340,700,340,700,2,340,110,True,False,0
2026-10-04T02:11:50.3260300Z,14CA0000,40118,1100,533,340,700,340,700,2,340,110,True,False,0
2026-10-04T02:11:50.3410440Z,14CA0000,40118,1100,533,340,700,340,700,2,340,110,True,False,0
2026-10-04T02:11:50.3560881Z,14CA0000,40118,1100,533,340,700,340,700,2,340,110,True,False,0
2026-10-04T02:11:50.3720897Z,14CA0000,40118,1100,533,340,700,340,700,2,340,110,True,False,0
2026-10-04T02:11:50.3881342Z,14CA0000,40118,1100,533,340,700,340,700,2,340,110,True,False,0
2026-10-04T02:11:50.4040489Z,14CA0000,40118,1100,533,340,700,340,700,2,340,110,True,False,0
2026-10-04T02:11:50.4200922Z,14CA0000,40118,1100,533,340,700,340,700,2,340,110,True,False,0
2026-10-04T02:11:50.4355510Z,14CA0000,40118,1100,533,340,700,340,700,2,340,110,True,False,0
2026-10-04T02:11:50.4505978Z,14CA0000,40118,1100,533,340,700,340,700,2,340,110,True,False,0
2026-10-04T02:11:50.4660189Z,14CA0000,40118,1100,533,340,700,340,700,2,340,110,True,False,0
2026-10-04T02:11:50.4810137Z,14CA0000,40118,1100,533,340,700,340,700,2,340,110,True,False,0
2026-10-04T02:11:50.4969976Z,14CA0000,40118,1100,533,340,700,340,700,2,340,110,True,False,0
2026-10-04T02:11:50.5119956Z,14CA0000,40118,1100,533,340,700,340,700,2,340,110,True,False,0
2026-10-04T02:11:50.5279606Z,14CA0000,40118,1100,533,340,700,340,700,2,340,110,True,False,0
2026-10-04T02:11:50.5440317Z,14CA0000,40118,1100,533,340,700,340,700,2,340,110,True,False,0
2026-10-04T02:11:50.5594454Z,14CA0000,40118,1100,533,340,700,340,700,2,340,110,True,False,0
2026-10-04T02:11:50.5755111Z,14CA0000,40118,1100,533,340,700,340,700,2,340,110,True,False,0
2026-10-04T02:11:50.5904643Z,14CA0000,40118,1100,533,340,700,340,700,2,340,110,True,False,0
2026-10-04T02:11:50.6064455Z,14CA0000,40118,1100,533,340,700,340,700,2,340,110,True,False,0
2026-10-04T02:11:50.6214732Z,14CA0000,40118,1100,533,340,700,340,700,2,340,110,True,False,0
2026-10-04T02:11:50.6374390Z,14CA0000,40118,1100,533,340,700,340,700,2,340,110,True,False,0
2026-10-04T02:11:50.6534419Z,14CA0000,40118,1100,533,340,700,340,700,2,340,110,True,False,0
2026-10-04T02:11:50.6690317Z,14CA0000,40118,1100,533,340,700,340,700,2,340,110,True,False,0
2026-10-04T02:11:50.6839497Z,14CA0000,40118,1100,533,340,700,340,700,2,340,110,True,False,0
2026-10-04T02:11:50.6999463Z,14CA0000,40118,1100,533,340,700,340,700,2,340,110,True,False,0
2026-10-04T02:11:50.7158970Z,14CA0000,40118,1100,533,340,700,340,700,2,340,110,True,False,0
2026-10-04T02:11:50.7319636Z,14CA0000,40118,1100,533,340,700,340,700,2,340,110,True,False,0
2026-10-04T02:11:50.7479694Z,14CA0000,40118,1100,533,340,700,340,700,2,340,110,True,False,0
2026-10-04T02:11:50.7639600Z,14CA0000,40118,1100,533,340,700,340,700,2,340,110,True,False,0
2026-10-04T02:11:50.7799454Z,14CA0000,40118,1100,533,340,700,340,700,2,340,110,True,False,0
2026-10-04T02:11:50.7959139Z,14CA0000,40118,1100,533,340,700,340,700,2,340,110,True,False,0
2026-10-04T02:11:50.8119831Z,14CA0000,40118,1100,533,340,700,340,700,2,340,110,True,False,0
2026-10-04T02:11:50.8274987Z,14CA0000,40118,1100,533,340,700,340,700,2,340,110,True,False,0
2026-10-04T02:11:50.8434984Z,14CA0000,40118,1100,533,340,700,340,700,2,340,110,True,False,0
2026-10-04T02:11:50.8589952Z,14CA0000,40118,1100,533,340,700,340,700,2,340,110,True,False,0
2026-10-04T02:11:50.8750201Z,14CA0000,40118,1100,533,340,700,340,700,2,340,110,True,False,0
2026-10-04T02:11:50.8900218Z,14CA0000,40118,1100,533,340,700,340,700,2,340,110,True,False,0
2026-10-04T02:11:50.9050420Z,14CA0000,40118,1100,533,340,700,340,700,2,340,110,True,False,0
2026-10-04T02:11:50.9210572Z,14CA0000,40118,1100,533,340,700,340,700,2,340,110,True,False,0
2026-10-04T02:11:50.9369818Z,14CA0000,40118,1100,533,340,700,340,700,2,340,110,True,False,0
2026-10-04T02:11:50.9529928Z,14CA0000,40118,1100,533,340,700,340,700,2,340,110,True,False,0
2026-10-04T02:11:50.9689610Z,14CA0000,40118,1100,533,340,700,340,700,2,340,110,True,False,0
2026-10-04T02:11:50.9841241Z,14CA0000,40118,1100,533,340,700,340,700,2,340,110,True,False,0
2026-10-04T02:11:51.0000751Z,14CA0000,40118,1100,533,340,700,340,700,2,340,110,True,False,0
2026-10-04T02:11:51.0150169Z,14CA0000,40118,1100,533,340,700,340,700,2,340,110,True,False,0
2026-10-04T02:11:51.0310742Z,14CA0000,40118,1100,533,340,700,340,700,2,340,110,True,False,0
2026-10-04T02:11:51.0469977Z,14CA0000,40118,1100,533,340,700,340,700,2,340,110,True,False,0
2026-10-04T02:11:51.0629915Z,14CA0000,40118,1100,533,340,700,340,700,2,340,110,True,False,0
2026-10-04T02:11:51.0780420Z,14CA0000,40118,1100,533,340,700,340,700,2,340,110,True,False,0
2026-10-04T02:11:51.0929959Z,14CA0000,40118,1100,533,340,700,340,700,2,340,110,True,False,0
2026-10-04T02:11:51.1090478Z,14CA0000,40118,1100,533,340,700,340,700,2,340,110,True,False,0
2026-10-04T02:11:51.1250044Z,14CA0000,40118,1100,533,340,700,340,700,2,340,110,True,False,0
2026-10-04T02:11:51.1400265Z,14CA0000,40118,1100,533,340,700,340,700,2,340,110,True,False,0
2026-10-04T02:11:51.1551014Z,14CA0000,40118,1100,533,340,700,340,700,2,340,110,True,False,0
2026-10-04T02:11:51.1710720Z,14CA0000,40118,1100,533,340,700,340,700,2,340,110,True,False,0
2026-10-04T02:11:51.1870640Z,14CA0000,40118,1100,533,340,700,340,700,2,340,110,True,False,0
2026-10-04T02:11:51.2031114Z,14CA0000,40118,1100,533,340,700,340,700,2,340,110,True,False,0
2026-10-04T02:11:51.2190517Z,14CA0000,40118,1100,533,340,700,340,700,2,340,110,True,False,0
2026-10-04T02:11:51.2352137Z,14CA0000,40118,1100,533,340,700,340,700,2,340,110,True,False,0
2026-10-04T02:11:51.2510134Z,14CA0000,40118,1100,533,340,700,340,700,2,340,110,True,False,0
2026-10-04T02:11:51.2660089Z,14CA0000,40118,1100,533,340,700,340,700,2,340,110,True,False,0
2026-10-04T02:11:51.2810382Z,14CA0000,40118,1100,533,340,700,340,700,2,340,110,True,False,0
2026-10-04T02:11:51.2970139Z,14CA0000,40118,1100,533,340,700,340,700,2,340,110,True,False,0
2026-10-04T02:11:51.3130649Z,14CA0000,40118,1100,533,340,700,340,700,2,340,110,True,False,0
2026-10-04T02:11:51.3290210Z,14CA0000,40118,1100,533,340,700,340,700,2,340,110,True,False,0
2026-10-04T02:11:51.3452526Z,14CA0000,40118,1100,533,340,700,340,700,2,340,110,True,False,0
2026-10-04T02:11:51.3609997Z,14CA0000,40118,1100,533,340,700,340,700,2,340,110,True,False,0
2026-10-04T02:11:51.3769943Z,14CA0000,40118,1100,533,340,700,340,700,2,340,110,True,False,0
2026-10-04T02:11:51.3920084Z,14CA0000,40118,1100,533,340,700,340,700,2,340,110,True,False,0
2026-10-04T02:11:51.4070364Z,14CA0000,40118,1100,533,340,700,340,700,2,340,110,True,False,0
2026-10-04T02:11:51.4230306Z,14CA0000,40118,1100,533,340,700,340,700,2,340,110,True,False,0
2026-10-04T02:11:51.4390128Z,14CA0000,40118,1100,533,340,700,340,700,2,340,110,True,False,0
2026-10-04T02:11:51.4551474Z,14CA0000,40118,1100,533,340,700,340,700,2,340,110,True,False,0
2026-10-04T02:11:51.4710443Z,14CA0000,40118,1100,533,340,700,340,700,2,340,110,True,False,0
2026-10-04T02:11:51.4870237Z,14CA0000,40118,1100,533,340,700,340,700,2,340,110,True,False,0
2026-10-04T02:11:51.5029814Z,14CA0000,40118,1100,533,340,700,340,700,2,340,110,True,False,0
2026-10-04T02:11:51.5190113Z,14CA0000,40118,1100,533,340,700,340,700,2,340,110,True,False,0
2026-10-04T02:11:51.5350124Z,14CA0000,40118,1100,533,340,700,340,700,2,340,110,True,False,0
2026-10-04T02:11:51.5500744Z,14CA0000,40118,1100,533,340,700,340,700,2,340,110,True,False,0
2026-10-04T02:11:51.5651455Z,14CA0000,40118,1100,533,340,700,340,700,2,340,110,True,False,0
2026-10-04T02:11:51.5810183Z,14CA0000,40118,1100,533,340,700,340,700,2,340,110,True,False,0
2026-10-04T02:11:51.5960255Z,14CA0000,40118,1100,533,340,700,340,700,2,340,110,True,False,0
2026-10-04T02:11:51.6110289Z,14CA0000,40118,1100,533,340,700,340,700,2,340,110,True,False,0
2026-10-04T02:11:51.6270100Z,14CA0000,40118,1100,533,340,700,340,700,2,340,110,True,False,0
2026-10-04T02:11:51.6430304Z,14CA0000,40118,1100,533,340,700,340,700,2,340,110,True,False,0
2026-10-04T02:11:51.6590503Z,14CA0000,40118,1100,533,340,700,340,700,2,340,110,True,False,0
2026-10-04T02:11:51.6750135Z,14CA0000,40118,1100,533,340,700,340,700,2,340,110,True,False,0
2026-10-04T02:11:51.6900503Z,14CA0000,40118,1100,533,340,700,340,700,2,340,110,True,False,0
2026-10-04T02:11:51.7060352Z,14CA0000,40118,1100,533,340,700,340,700,2,340,110,True,False,0
2026-10-04T02:11:51.7210570Z,14CA0000,40118,1100,533,340,700,340,700,2,340,110,True,False,0
2026-10-04T02:11:51.7370156Z,14CA0000,40118,1100,533,340,700,340,700,2,340,110,True,False,0
2026-10-04T02:11:51.7530246Z,14CA0000,40118,1100,533,340,700,340,700,2,340,110,True,False,0
2026-10-04T02:11:51.7690274Z,14CA0000,40118,1100,533,340,700,340,700,2,340,110,True,False,0
2026-10-04T02:11:51.7842361Z,14CA0000,40118,1100,533,340,700,340,700,2,340,110,True,False,0
2026-10-04T02:11:51.7990248Z,14CA0000,40118,1100,533,340,700,340,700,2,340,110,True,False,0
2026-10-04T02:11:51.8151210Z,14CA0000,40118,1100,533,340,700,340,700,2,340,110,True,False,0
2026-10-04T02:11:51.8306629Z,14CA0000,40118,1100,533,340,700,340,700,2,340,110,True,False,0
2026-10-04T02:11:51.8462677Z,14CA0000,40118,1100,533,340,700,340,700,2,340,110,True,False,0
2026-10-04T02:11:51.8622884Z,14CA0000,40118,1100,533,340,700,340,700,2,340,110,True,False,0
2026-10-04T02:11:51.8782665Z,14CA0000,40118,1100,533,340,700,340,700,2,340,110,True,False,0
2026-10-04T02:11:51.8943962Z,14CA0000,40118,1100,533,340,700,340,700,2,340,110,True,False,0
2026-10-04T02:11:51.9102499Z,14CA0000,40118,1100,533,340,700,340,700,2,340,110,True,False,0
2026-10-04T02:11:51.9263091Z,14CA0000,40118,1100,533,340,700,340,700,2,340,110,True,False,0
2026-10-04T02:11:51.9422726Z,14CA0000,40118,1100,533,340,700,340,700,2,340,110,True,False,0
2026-10-04T02:11:51.9582602Z,14CA0000,40118,1100,533,340,700,340,700,2,340,110,True,False,0
2026-10-04T02:11:51.9742594Z,14CA0000,40118,1100,533,340,700,340,700,2,340,110,True,False,0
2026-10-04T02:11:51.9902434Z,14CA0000,40118,1100,533,340,700,340,700,2,340,110,True,False,0
2026-10-04T02:11:52.0066087Z,14CA0000,40118,1100,533,340,700,340,700,2,340,110,True,False,0
2026-10-04T02:11:52.0222825Z,14CA0000,40118,1100,533,340,700,340,700,2,340,110,True,False,0
2026-10-04T02:11:52.0372957Z,14CA0000,40118,1100,533,340,700,340,700,2,340,110,True,False,0
2026-10-04T02:11:52.0532663Z,14CA0000,40118,1100,533,340,700,340,700,2,340,110,True,False,0
2026-10-04T02:11:52.0682277Z,14CA0000,40118,1100,533,340,700,340,700,2,340,110,True,False,0
2026-10-04T02:11:52.0842698Z,14CA0000,40118,1100,533,340,700,340,700,2,340,110,True,False,0
2026-10-04T02:11:52.1002561Z,14CA0000,40118,1100,533,340,700,340,700,2,340,110,True,False,0
2026-10-04T02:11:52.1164116Z,14CA0000,40118,1100,533,340,700,340,700,2,340,110,True,False,0
2026-10-04T02:11:52.1322658Z,14CA0000,40118,1100,533,340,700,340,700,2,340,110,True,False,0
2026-10-04T02:11:52.1472962Z,14CA0000,40118,1100,533,340,700,340,700,2,340,110,True,False,0
2026-10-04T02:11:52.1633277Z,14CA0000,40118,1100,533,340,700,340,700,2,340,110,True,False,0
2026-10-04T02:11:52.1782810Z,14CA0000,40118,1100,533,340,700,340,700,2,340,110,True,False,0
2026-10-04T02:11:52.1943116Z,14CA0000,40118,1100,533,340,700,340,700,2,340,110,True,False,0
2026-10-04T02:11:52.2104626Z,14CA0000,40118,1100,533,340,700,340,700,2,340,110,True,False,0
2026-10-04T02:11:52.2264368Z,14CA0000,40118,1100,533,340,700,340,700,2,340,110,True,False,0
2026-10-04T02:11:52.2422855Z,14CA0000,40118,1100,533,340,700,340,700,2,340,110,True,False,0
2026-10-04T02:11:52.2582474Z,14CA0000,40118,1100,533,340,700,340,700,2,340,110,True,False,0
2026-10-04T02:11:52.2742854Z,14CA0000,40118,1100,533,340,700,340,700,2,340,110,True,False,0
2026-10-04T02:11:52.2903806Z,14CA0000,40118,1100,533,340,700,340,700,2,340,110,True,False,0
2026-10-04T02:11:52.3063632Z,14CA0000,40118,1100,533,340,700,340,700,2,340,110,True,False,0
2026-10-04T02:11:52.3222786Z,14CA0000,40118,1100,533,340,700,340,700,2,340,110,True,False,0
2026-10-04T02:11:52.3383035Z,14CA0000,40118,1100,533,340,700,340,700,2,340,110,True,False,0
2026-10-04T02:11:52.3543561Z,14CA0000,40118,1100,533,340,700,340,700,2,340,110,True,False,0
2026-10-04T02:11:52.3702728Z,14CA0000,40118,1100,533,340,700,340,700,2,340,110,True,False,0
2026-10-04T02:11:52.3862632Z,14CA0000,40118,1100,533,340,700,340,700,2,340,110,True,False,0
2026-10-04T02:11:52.4012148Z,14CA0000,40118,1100,533,340,700,340,700,2,340,110,True,False,0
2026-10-04T02:11:52.4162736Z,14CA0000,40118,1100,533,340,700,340,700,2,340,110,True,False,0
2026-10-04T02:11:52.4322695Z,14CA0000,40118,1100,533,340,700,340,700,2,340,110,True,False,0
2026-10-04T02:11:52.4482463Z,14CA0000,40118,1100,533,340,700,340,700,2,340,110,True,False,0
2026-10-04T02:11:52.4642681Z,14CA0000,40118,1100,533,340,700,340,700,2,340,110,True,False,0
2026-10-04T02:11:52.4802495Z,14CA0000,40118,1100,533,340,700,340,700,2,340,110,True,False,0
2026-10-04T02:11:52.4962617Z,14CA0000,40118,1100,533,340,700,340,700,2,340,110,True,False,0
2026-10-04T02:11:52.5122506Z,14CA0000,40118,1100,533,340,700,340,700,2,340,110,True,False,0
2026-10-04T02:11:52.5282545Z,14CA0000,40118,1100,533,340,700,340,700,2,340,110,True,False,0
2026-10-04T02:11:52.5442970Z,14CA0000,40118,1100,533,340,700,340,700,2,340,110,True,False,0
2026-10-04T02:11:52.5602609Z,14CA0000,40118,1100,533,340,700,340,700,2,340,110,True,False,0
2026-10-04T02:11:52.5762596Z,14CA0000,40118,1100,533,340,700,340,700,2,340,110,True,False,0
2026-10-04T02:11:52.5922349Z,14CA0000,40118,1100,533,340,700,340,700,2,340,110,True,False,0
2026-10-04T02:11:52.6082576Z,14CA0000,40118,1100,533,340,700,340,700,2,340,110,True,False,0
2026-10-04T02:11:52.6238799Z,14CA0000,40118,1100,533,340,700,340,700,2,340,110,True,False,0
2026-10-04T02:11:52.6398612Z,14CA0000,40118,1100,533,340,700,340,700,2,340,110,True,False,0
2026-10-04T02:11:52.6551897Z,14CA0000,40118,1100,533,340,700,340,700,2,340,110,True,False,0
2026-10-04T02:11:52.6712096Z,14CA0000,40118,1100,533,340,700,340,700,2,340,110,True,False,0
2026-10-04T02:11:52.6872100Z,14CA0000,40118,1100,533,340,700,340,700,2,340,110,True,False,0
2026-10-04T02:11:52.7031705Z,14CA0000,40118,1100,533,340,700,340,700,2,340,110,True,False,0
2026-10-04T02:11:52.7191761Z,14CA0000,40118,1100,533,340,700,340,700,2,340,110,True,False,0
2026-10-04T02:11:52.7341840Z,14CA0000,40118,1100,533,340,700,340,700,2,340,110,True,False,0
2026-10-04T02:11:52.7492074Z,14CA0000,40118,1100,533,340,700,340,700,2,340,110,True,False,0
2026-10-04T02:11:52.7641947Z,14CA0000,40118,1100,533,340,700,340,700,2,340,110,True,False,0
2026-10-04T02:11:52.7801848Z,14CA0000,40118,1100,533,340,700,340,700,2,340,110,True,False,0
2026-10-04T02:11:52.7951639Z,14CA0000,40118,1100,533,340,700,340,700,2,340,110,True,False,0
2026-10-04T02:11:52.8112476Z,14CA0000,40118,1100,533,340,700,340,700,2,340,110,True,False,0
2026-10-04T02:11:52.8271940Z,14CA0000,40118,1100,533,340,700,340,700,2,340,110,True,False,0
2026-10-04T02:11:52.8432064Z,14CA0000,40118,1100,533,340,700,340,700,2,340,110,True,False,0
2026-10-04T02:11:52.8591731Z,14CA0000,40118,1100,533,340,700,340,700,2,340,110,True,False,0
2026-10-04T02:11:52.8752067Z,14CA0000,40118,1100,533,340,700,340,700,2,340,110,True,False,0
2026-10-04T02:11:52.8912587Z,14CA0000,40118,1100,533,340,700,340,700,2,340,110,True,False,0
2026-10-04T02:11:52.9073512Z,14CA0000,40118,1100,533,340,700,340,700,2,340,110,True,False,0
2026-10-04T02:11:52.9232759Z,14CA0000,40118,1100,533,340,700,340,700,2,340,110,True,False,0
2026-10-04T02:11:52.9382439Z,14CA0000,40118,1100,533,340,700,340,700,2,340,110,True,False,0
2026-10-04T02:11:52.9536751Z,14CA0000,40118,1100,533,340,700,340,700,2,340,110,True,False,0
2026-10-04T02:11:52.9692227Z,14CA0000,40118,1100,533,340,700,340,700,2,340,110,True,False,0
2026-10-04T02:11:52.9843196Z,14CA0000,40118,1100,533,340,700,340,700,2,340,110,True,False,0
2026-10-04T02:11:53.0003673Z,14CA0000,40118,1100,533,340,700,340,700,2,340,110,True,False,0
2026-10-04T02:11:53.0152690Z,14CA0000,40118,1100,533,340,700,340,700,2,340,110,True,False,0
2026-10-04T02:11:53.0312894Z,14CA0000,40118,1100,533,340,700,340,700,2,340,110,True,False,0
2026-10-04T02:11:53.0472767Z,14CA0000,40118,1100,533,340,700,340,700,2,340,110,True,False,0
2026-10-04T02:11:53.0622924Z,14CA0000,40118,1100,533,340,700,340,700,2,340,110,True,False,0
2026-10-04T02:11:53.0783173Z,14CA0000,40118,1100,533,340,700,340,700,2,340,110,True,False,0
2026-10-04T02:11:53.0933435Z,14CA0000,40118,1100,533,340,700,340,700,2,340,110,True,False,0
2026-10-04T02:11:53.1093224Z,14CA0000,40118,1100,533,340,700,340,700,2,340,110,True,False,0
2026-10-04T02:11:53.1253330Z,14CA0000,40118,1100,533,340,700,340,700,2,340,110,True,False,0
2026-10-04T02:11:53.1404040Z,14CA0000,40118,1100,533,340,700,340,700,2,340,110,True,False,0
2026-10-04T02:11:53.1552970Z,14CA0000,40118,1100,533,340,700,340,700,2,340,110,True,False,0
2026-10-04T02:11:53.1712905Z,14CA0000,40118,1100,533,340,700,340,700,2,340,110,True,False,0
2026-10-04T02:11:53.1874128Z,14CA0000,40118,1100,533,340,700,340,700,2,340,110,True,False,0
2026-10-04T02:11:53.2035670Z,14CA0000,40118,1100,533,340,700,340,700,2,340,110,True,False,0
2026-10-04T02:11:53.2193341Z,14CA0000,40118,1100,533,340,700,340,700,2,340,110,True,False,0
2026-10-04T02:11:53.2352913Z,14CA0000,40118,1100,533,340,700,340,700,2,340,110,True,False,0
2026-10-04T02:11:53.2502933Z,14CA0000,40118,1100,533,340,700,340,700,2,340,110,True,False,0
2026-10-04T02:11:53.2663208Z,14CA0000,40118,1100,533,340,700,340,700,2,340,110,True,False,0
2026-10-04T02:11:53.2813005Z,14CA0000,40118,1100,533,340,700,340,700,2,340,110,True,False,0
2026-10-04T02:11:53.2973020Z,14CA0000,40118,1100,533,340,700,340,700,2,340,110,True,False,0
2026-10-04T02:11:53.3134933Z,14CA0000,40118,1100,533,340,700,340,700,2,340,110,True,False,0
2026-10-04T02:11:53.3292902Z,14CA0000,40118,1100,533,340,700,340,700,2,340,110,True,False,0
2026-10-04T02:11:53.3443071Z,14CA0000,40118,1100,533,340,700,340,700,2,340,110,True,False,0
2026-10-04T02:11:53.3598029Z,14CA0000,40118,1100,533,340,700,340,700,2,340,110,True,False,0
2026-10-04T02:11:53.3758112Z,14CA0000,40118,1100,533,340,700,340,700,2,340,110,True,False,0
2026-10-04T02:11:53.3918042Z,14CA0000,40118,1100,533,340,700,340,700,2,340,110,True,False,0
2026-10-04T02:11:53.4068641Z,14CA0000,40118,1100,533,340,700,340,700,2,340,110,True,False,0
2026-10-04T02:11:53.4229260Z,14CA0000,40118,1100,533,340,700,340,700,2,340,110,True,False,0
2026-10-04T02:11:53.4377943Z,14CA0000,40118,1100,533,340,700,340,700,2,340,110,True,False,0
2026-10-04T02:11:53.4538157Z,14CA0000,40118,1100,533,340,700,340,700,2,340,110,True,False,0
2026-10-04T02:11:53.4693199Z,14CA0000,40118,1100,533,340,700,340,700,2,340,110,True,False,0
2026-10-04T02:11:53.4843002Z,14CA0000,40118,1100,533,340,700,340,700,2,340,110,True,False,0
2026-10-04T02:11:53.5003297Z,14CA0000,40118,1100,533,340,700,340,700,2,340,110,True,False,0
2026-10-04T02:11:53.5153501Z,14CA0000,40118,1100,533,340,700,340,700,2,340,110,True,False,0
2026-10-04T02:11:53.5313374Z,14CA0000,40118,1100,533,340,700,340,700,2,340,110,True,False,0
2026-10-04T02:11:53.5472980Z,14CA0000,40118,1100,533,340,700,340,700,2,340,110,True,False,0
2026-10-04T02:11:53.5632902Z,14CA0000,40118,1100,533,340,700,340,700,2,340,110,True,False,0
2026-10-04T02:11:53.5793134Z,14CA0000,40118,1100,533,340,700,340,700,2,340,110,True,False,0
2026-10-04T02:11:53.5953398Z,14CA0000,40118,1100,533,340,700,340,700,2,340,110,True,False,0
2026-10-04T02:11:53.6113145Z,14CA0000,40118,1100,533,340,700,340,700,2,340,110,True,False,0
2026-10-04T02:11:53.6272976Z,14CA0000,40118,1100,533,340,700,340,700,2,340,110,True,False,0
2026-10-04T02:11:53.6433328Z,14CA0000,40118,1100,533,340,700,340,700,2,340,110,True,False,0
2026-10-04T02:11:53.6593291Z,14CA0000,40118,1100,533,340,700,340,700,2,340,110,True,False,0
2026-10-04T02:11:53.6753166Z,14CA0000,40118,1100,533,340,700,340,700,2,340,110,True,False,0
2026-10-04T02:11:53.6912897Z,14CA0000,40118,1100,533,340,700,340,700,2,340,110,True,False,0
2026-10-04T02:11:53.7062973Z,14CA0000,40118,1100,533,340,700,340,700,2,340,110,True,False,0
2026-10-04T02:11:53.7214034Z,14CA0000,40118,1100,533,340,700,340,700,2,340,110,True,False,0
2026-10-04T02:11:53.7373302Z,14CA0000,40118,1100,533,340,700,340,700,2,340,110,True,False,0
2026-10-04T02:11:53.7533029Z,14CA0000,40118,1100,533,340,700,340,700,2,340,110,True,False,0
2026-10-04T02:11:53.7683104Z,14CA0000,40118,1100,533,340,700,340,700,2,340,110,True,False,0
2026-10-04T02:11:53.7843411Z,14CA0000,40118,1100,533,340,700,340,700,2,340,110,True,False,0
2026-10-04T02:11:53.7993728Z,14CA0000,40118,1100,533,340,700,340,700,2,340,110,True,False,0
2026-10-04T02:11:53.8154251Z,14CA0000,40118,1100,533,340,700,340,700,2,340,110,True,False,0
2026-10-04T02:11:53.8305798Z,14CA0000,40118,1100,533,340,700,340,700,2,340,110,True,False,0
2026-10-04T02:11:53.8455758Z,14CA0000,40118,1100,533,340,700,340,700,2,340,110,True,False,0
2026-10-04T02:11:53.8617462Z,14CA0000,40118,1100,533,340,700,340,700,2,340,110,True,False,0
2026-10-04T02:11:53.8775543Z,14CA0000,40118,1100,533,340,700,340,700,2,340,110,True,False,0
2026-10-04T02:11:53.8935985Z,14CA0000,40118,1100,533,340,700,340,700,2,340,110,True,False,0
2026-10-04T02:11:53.9085979Z,14CA0000,40118,1100,533,340,700,340,700,2,340,110,True,False,0
2026-10-04T02:11:53.9236645Z,14CA0000,40118,1100,533,340,700,340,700,2,340,110,True,False,0
2026-10-04T02:11:53.9395515Z,14CA0000,40118,1100,533,340,700,340,700,2,340,110,True,False,0
2026-10-04T02:11:53.9555583Z,14CA0000,40118,1100,533,340,700,340,700,2,340,110,True,False,0
2026-10-04T02:11:53.9713382Z,14CA0000,40118,1100,533,340,700,340,700,2,340,110,True,False,0
2026-10-04T02:11:53.9870834Z,14CA0000,40118,1100,533,340,700,340,700,2,340,110,True,False,0
2026-10-04T02:11:54.0031521Z,14CA0000,40118,1100,533,340,700,340,700,2,340,110,True,False,0
2026-10-04T02:11:54.0190521Z,14CA0000,40118,1100,533,340,700,340,700,2,340,110,True,False,0
2026-10-04T02:11:54.0341300Z,14CA0000,40118,1100,533,340,700,340,700,2,340,110,True,False,0
2026-10-04T02:11:54.0500826Z,14CA0000,40118,1100,533,340,700,340,700,2,340,110,True,False,0
2026-10-04T02:11:54.0650723Z,14CA0000,40118,1100,533,340,700,340,700,2,340,110,True,False,0
2026-10-04T02:11:54.0802231Z,14CA0000,40118,1100,533,340,700,340,700,2,340,110,True,False,0
2026-10-04T02:11:54.0960948Z,14CA0000,40118,1100,533,340,700,340,700,2,340,110,True,False,0
2026-10-04T02:11:54.1110626Z,14CA0000,40118,1100,533,340,700,340,700,2,340,110,True,False,0
2026-10-04T02:11:54.1270537Z,14CA0000,40118,1100,533,340,700,340,700,2,340,110,True,False,0
2026-10-04T02:11:54.1420651Z,14CA0000,40118,1100,533,340,700,340,700,2,340,110,True,False,0
2026-10-04T02:11:54.1570344Z,14CA0000,40118,1100,533,340,700,340,700,2,340,110,True,False,0
2026-10-04T02:11:54.1730742Z,14CA0000,40118,1100,533,340,700,340,700,2,340,110,True,False,0
2026-10-04T02:11:54.1893071Z,14CA0000,40118,1100,533,340,700,340,700,2,340,110,True,False,0
2026-10-04T02:11:54.2040925Z,14CA0000,40118,1100,533,340,700,340,700,2,340,110,True,False,0
2026-10-04T02:11:54.2200883Z,14CA0000,40118,1100,533,340,700,340,700,2,340,110,True,False,0
2026-10-04T02:11:54.2350738Z,14CA0000,40118,1100,533,340,700,340,700,2,340,110,True,False,0
2026-10-04T02:11:54.2500838Z,14CA0000,40118,1100,533,340,700,340,700,2,340,110,True,False,0
2026-10-04T02:11:54.2660869Z,14CA0000,40118,1100,533,340,700,340,700,2,340,110,True,False,0
2026-10-04T02:11:54.2810954Z,14CA0000,40118,1100,533,340,700,340,700,2,340,110,True,False,0
2026-10-04T02:11:54.2972063Z,14CA0000,40118,1100,533,340,700,340,700,2,340,110,True,False,0
2026-10-04T02:11:54.3122177Z,14CA0000,40118,1100,533,340,700,340,700,2,340,110,True,False,0
2026-10-04T02:11:54.3270681Z,14CA0000,40118,1100,533,340,700,340,700,2,340,110,True,False,0
2026-10-04T02:11:54.3430777Z,14CA0000,40118,1100,533,340,700,340,700,2,340,110,True,False,0
2026-10-04T02:11:54.3591293Z,14CA0000,40118,1100,533,340,700,340,700,2,340,110,True,False,0
2026-10-04T02:11:54.3746081Z,14CA0000,40118,1100,533,340,700,340,700,2,340,110,True,False,0
2026-10-04T02:11:54.3906476Z,14CA0000,40118,1100,533,340,700,340,700,2,340,110,True,False,0
2026-10-04T02:11:54.4056369Z,14CA0000,40118,1100,533,340,700,340,700,2,340,110,True,False,0
2026-10-04T02:11:54.4216327Z,14CA0000,40118,1100,533,340,700,340,700,2,340,110,True,False,0
2026-10-04T02:11:54.4366227Z,14CA0000,40118,1100,533,340,700,340,700,2,340,110,True,False,0
2026-10-04T02:11:54.4526160Z,14CA0000,40118,1100,533,340,700,340,700,2,340,110,True,False,0
2026-10-04T02:11:54.4677605Z,14CA0000,40118,1100,533,340,700,340,700,2,340,110,True,False,0
2026-10-04T02:11:54.4828107Z,14CA0000,40118,1100,533,340,700,340,700,2,340,110,True,False,0
2026-10-04T02:11:54.4987885Z,14CA0000,40118,1100,533,340,700,340,700,2,340,110,True,False,0
2026-10-04T02:11:54.5148539Z,14CA0000,40118,1100,533,340,700,340,700,2,340,110,True,False,0
2026-10-04T02:11:54.5307764Z,14CA0000,40118,1100,533,340,700,340,700,2,340,110,True,False,0
2026-10-04T02:11:54.5457732Z,14CA0000,40118,1100,533,340,700,340,700,2,340,110,True,False,0
2026-10-04T02:11:54.5607644Z,14CA0000,40118,1100,533,340,700,340,700,2,340,110,True,False,0
2026-10-04T02:11:54.5767644Z,14CA0000,40118,1100,533,340,700,340,700,2,340,110,True,False,0
2026-10-04T02:11:54.5917712Z,14CA0000,40118,1100,533,340,700,340,700,2,340,110,True,False,0
2026-10-04T02:11:54.6067803Z,14CA0000,40118,1100,533,340,700,340,700,2,340,110,True,False,0
2026-10-04T02:11:54.6227990Z,14CA0000,40118,1100,533,340,700,340,700,2,340,110,True,False,0
2026-10-04T02:11:54.6387482Z,14CA0000,40118,1100,533,340,700,340,700,2,340,110,True,False,0
2026-10-04T02:11:54.6548363Z,14CA0000,40118,1100,533,340,700,340,700,2,340,110,True,False,0
2026-10-04T02:11:54.6708118Z,14CA0000,40118,1100,533,340,700,340,700,2,340,110,True,False,0
2026-10-04T02:11:54.6867720Z,14CA0000,40118,1100,533,340,700,340,700,2,340,110,True,False,0
2026-10-04T02:11:54.7027443Z,14CA0000,40118,1100,533,340,700,340,700,2,340,110,True,False,0
2026-10-04T02:11:54.7177831Z,14CA0000,40118,1100,533,340,700,340,700,2,340,110,True,False,0
2026-10-04T02:11:54.7337977Z,14CA0000,40118,1100,533,340,700,340,700,2,340,110,True,False,0
2026-10-04T02:11:54.7487721Z,14CA0000,40118,1100,533,340,700,340,700,2,340,110,True,False,0
2026-10-04T02:11:54.7647634Z,14CA0000,40118,1100,533,340,700,340,700,2,340,110,True,False,0
2026-10-04T02:11:54.7807582Z,14CA0000,40118,1100,533,340,700,340,700,2,340,110,True,False,0
2026-10-04T02:11:54.7967469Z,14CA0000,40118,1100,533,340,700,340,700,2,340,110,True,False,0
2026-10-04T02:11:54.8128001Z,14CA0000,40118,1100,533,340,700,340,700,2,340,110,True,False,0
2026-10-04T02:11:54.8287474Z,14CA0000,40118,1100,533,340,700,340,700,2,340,110,True,False,0
2026-10-04T02:11:54.8447673Z,14CA0000,40118,1100,533,340,700,340,700,2,340,110,True,False,0
2026-10-04T02:11:54.8607614Z,14CA0000,40118,1100,533,340,700,340,700,2,340,110,True,False,0
2026-10-04T02:11:54.8767855Z,14CA0000,40118,1100,533,340,700,340,700,2,340,110,True,False,0
2026-10-04T02:11:54.8927386Z,14CA0000,40118,1100,533,340,700,340,700,2,340,110,True,False,0
2026-10-04T02:11:54.9087823Z,14CA0000,40118,1100,533,340,700,340,700,2,340,110,True,False,0
2026-10-04T02:11:54.9248289Z,14CA0000,40118,1100,533,340,700,340,700,2,340,110,True,False,0
2026-10-04T02:11:54.9402221Z,14CA0000,40118,1100,533,340,700,340,700,2,340,110,True,False,0
2026-10-04T02:11:54.9562376Z,14CA0000,40118,1100,533,340,700,340,700,2,340,110,True,False,0
2026-10-04T02:11:54.9712545Z,14CA0000,40118,1100,533,340,700,340,700,2,340,110,True,False,0
2026-10-04T02:11:54.9862572Z,14CA0000,40118,1100,533,340,700,340,700,2,340,110,True,False,0
2026-10-04T02:11:55.0022065Z,14CA0000,40118,1100,533,340,700,340,700,2,340,110,True,False,0
2026-10-04T02:11:55.0182574Z,14CA0000,40118,1100,533,340,700,340,700,2,340,110,True,False,0
2026-10-04T02:11:55.0341964Z,14CA0000,40118,1100,533,340,700,340,700,2,340,110,True,False,0
2026-10-04T02:11:55.0501810Z,14CA0000,40118,1100,533,340,700,340,700,2,340,110,True,False,0
2026-10-04T02:11:55.0662005Z,14CA0000,40118,1100,533,340,700,340,700,2,340,110,True,False,0
2026-10-04T02:11:55.0821657Z,14CA0000,40118,1100,533,340,700,340,700,2,340,110,True,False,0
2026-10-04T02:11:55.0981897Z,14CA0000,40118,1100,533,340,700,340,700,2,340,110,True,False,0
2026-10-04T02:11:55.1141826Z,14CA0000,40118,1100,533,340,700,340,700,2,340,110,True,False,0
2026-10-04T02:11:55.1301875Z,14CA0000,40118,1100,533,340,700,340,700,2,340,110,True,False,0
2026-10-04T02:11:55.1451641Z,14CA0000,40118,1100,533,340,700,340,700,2,340,110,True,False,0
2026-10-04T02:11:55.1602722Z,14CA0000,40118,1100,533,340,700,340,700,2,340,110,True,False,0
2026-10-04T02:11:55.1765367Z,14CA0000,40118,1100,533,340,700,340,700,2,340,110,True,False,0
2026-10-04T02:11:55.1923189Z,14CA0000,40118,1100,533,340,700,340,700,2,340,110,True,False,0
2026-10-04T02:11:55.2072478Z,14CA0000,40118,1100,533,340,700,340,700,2,340,110,True,False,0
2026-10-04T02:11:55.2232211Z,14CA0000,40118,1100,533,340,700,340,700,2,340,110,True,False,0
2026-10-04T02:11:55.2382241Z,14CA0000,40118,1100,533,340,700,340,700,2,340,110,True,False,0
2026-10-04T02:11:55.2542239Z,14CA0000,40118,1100,533,340,700,340,700,2,340,110,True,False,0
2026-10-04T02:11:55.2701974Z,14CA0000,40118,1100,533,340,700,340,700,2,340,110,True,False,0
2026-10-04T02:11:55.2863940Z,14CA0000,40118,1100,533,340,700,340,700,2,340,110,True,False,0
2026-10-04T02:11:55.3022164Z,14CA0000,40118,1100,533,340,700,340,700,2,340,110,True,False,0
2026-10-04T02:11:55.3182109Z,14CA0000,40118,1100,533,340,700,340,700,2,340,110,True,False,0
2026-10-04T02:11:55.3341919Z,14CA0000,40118,1100,533,340,700,340,700,2,340,110,True,False,0
2026-10-04T02:11:55.3502013Z,14CA0000,40118,1100,533,340,700,340,700,2,340,110,True,False,0
2026-10-04T02:11:55.3661979Z,14CA0000,40118,1100,533,340,700,340,700,2,340,110,True,False,0
2026-10-04T02:11:55.3821890Z,14CA0000,40118,1100,533,340,700,340,700,2,340,110,True,False,0
2026-10-04T02:11:55.3981024Z,14CA0000,40118,1100,533,340,700,340,700,2,340,110,True,False,0
2026-10-04T02:11:55.4133357Z,14CA0000,40118,1100,533,340,700,340,700,2,340,110,True,False,0
2026-10-04T02:11:55.4293318Z,14CA0000,40118,1100,533,340,700,340,700,2,340,110,True,False,0
2026-10-04T02:11:55.4453229Z,14CA0000,40118,1100,533,340,700,340,700,2,340,110,True,False,0
2026-10-04T02:11:55.4613224Z,14CA0000,40118,1100,533,340,700,340,700,2,340,110,True,False,0
2026-10-04T02:11:55.4773492Z,14CA0000,40118,1100,533,340,700,340,700,2,340,110,True,False,0
2026-10-04T02:11:55.4933280Z,14CA0000,40118,1100,533,340,700,340,700,2,340,110,True,False,0
2026-10-04T02:11:55.5094766Z,14CA0000,40118,1100,533,340,700,340,700,2,340,110,True,False,0
2026-10-04T02:11:55.5253684Z,14CA0000,40118,1100,533,340,700,340,700,2,340,110,True,False,0
2026-10-04T02:11:55.5413192Z,14CA0000,40118,1100,533,340,700,340,700,2,340,110,True,False,0
2026-10-04T02:11:55.5563021Z,14CA0000,40118,1100,533,340,700,340,700,2,340,110,True,False,0
2026-10-04T02:11:55.5713907Z,14CA0000,40118,1100,533,340,700,340,700,2,340,110,True,False,0
2026-10-04T02:11:55.5868429Z,14CA0000,40118,1100,533,340,700,340,700,2,340,110,True,False,0
2026-10-04T02:11:55.6017981Z,14CA0000,40118,1100,533,340,700,340,700,2,340,110,True,False,0
2026-10-04T02:11:55.6179757Z,14CA0000,40118,1100,533,340,700,340,700,2,340,110,True,False,0
2026-10-04T02:11:55.6327723Z,14CA0000,40118,1100,533,340,700,340,700,2,340,110,True,False,0
2026-10-04T02:11:55.6487699Z,14CA0000,40118,1100,533,340,700,340,700,2,340,110,True,False,0
2026-10-04T02:11:55.6638062Z,14CA0000,40118,1100,533,340,700,340,700,2,340,110,True,False,0
2026-10-04T02:11:55.6793062Z,14CA0000,40118,1100,533,340,700,340,700,2,340,110,True,False,0
2026-10-04T02:11:55.6952913Z,14CA0000,40118,1100,533,340,700,340,700,2,340,110,True,False,0
2026-10-04T02:11:55.7103179Z,14CA0000,40118,1100,533,340,700,340,700,2,340,110,True,False,0
2026-10-04T02:11:55.7263083Z,14CA0000,40118,1100,533,340,700,340,700,2,340,110,True,False,0
2026-10-04T02:11:55.7412852Z,14CA0000,40118,1100,533,340,700,340,700,2,340,110,True,False,0
2026-10-04T02:11:55.7563143Z,14CA0000,40118,1100,533,340,700,340,700,2,340,110,True,False,0
2026-10-04T02:11:55.7722904Z,14CA0000,40118,1100,533,340,700,340,700,2,340,110,True,False,0
2026-10-04T02:11:55.7873392Z,14CA0000,40118,1100,533,340,700,340,700,2,340,110,True,False,0
2026-10-04T02:11:55.8033073Z,14CA0000,40118,1100,533,340,700,340,700,2,340,110,True,False,0
2026-10-04T02:11:55.8193333Z,14CA0000,40118,1100,533,340,700,340,700,2,340,110,True,False,0
2026-10-04T02:11:55.8343775Z,14CA0000,40118,1100,533,340,700,340,700,2,340,110,True,False,0
2026-10-04T02:11:55.8499443Z,14CA0000,40118,1100,533,340,700,340,700,2,340,110,True,False,0
2026-10-04T02:11:55.8659268Z,14CA0000,40118,1100,533,340,700,340,700,2,340,110,True,False,0
2026-10-04T02:11:55.8815056Z,14CA0000,40118,1100,533,340,700,340,700,2,340,110,True,False,0
2026-10-04T02:11:55.8974258Z,14CA0000,40118,1100,533,340,700,340,700,2,340,110,True,False,0
2026-10-04T02:11:55.9134433Z,14CA0000,40118,1100,533,340,700,340,700,2,340,110,True,False,0
2026-10-04T02:11:55.9294898Z,14CA0000,40118,1100,533,340,700,340,700,2,340,110,True,False,0
2026-10-04T02:11:55.9444180Z,14CA0000,40118,1100,533,340,700,340,700,2,340,110,True,False,0
2026-10-04T02:11:55.9604559Z,14CA0000,40118,1100,533,340,700,340,700,2,340,110,True,False,0
2026-10-04T02:11:55.9755760Z,14CA0000,40118,1100,533,340,700,340,700,2,340,110,True,False,0
2026-10-04T02:11:55.9914872Z,14CA0000,40118,1100,533,340,700,340,700,2,340,110,True,False,0
2026-10-04T02:11:56.0075549Z,14CA0000,40118,1100,533,340,700,340,700,2,340,110,True,False,0
2026-10-04T02:11:56.0235210Z,14CA0000,40118,1100,533,340,700,340,700,2,340,110,True,False,0
2026-10-04T02:11:56.0395492Z,14CA0000,40118,1100,533,340,700,340,700,2,340,110,True,False,0
2026-10-04T02:11:56.0556700Z,14CA0000,40118,1100,533,340,700,340,700,2,340,110,True,False,0
2026-10-04T02:11:56.0715620Z,14CA0000,40118,1100,533,340,700,340,700,2,340,110,True,False,0
2026-10-04T02:11:56.0875451Z,14CA0000,40118,1100,533,340,700,340,700,2,340,110,True,False,0
2026-10-04T02:11:56.1024487Z,14CA0000,40118,1100,533,340,700,340,700,2,340,110,True,False,0
2026-10-04T02:11:56.1174629Z,14CA0000,40118,1100,533,340,700,340,700,2,340,110,True,False,0
2026-10-04T02:11:56.1334628Z,14CA0000,40118,1100,533,340,700,340,700,2,340,110,True,False,0
2026-10-04T02:11:56.1494456Z,14CA0000,40118,1100,533,340,700,340,700,2,340,110,True,False,0
2026-10-04T02:11:56.1645612Z,14CA0000,40118,1100,533,340,700,340,700,2,340,110,True,False,0
2026-10-04T02:11:56.1802988Z,14CA0000,40118,1100,533,340,700,340,700,2,340,110,True,False,0
2026-10-04T02:11:56.1963641Z,14CA0000,40118,1100,533,340,700,340,700,2,340,110,True,False,0
2026-10-04T02:11:56.2122867Z,14CA0000,40118,1100,533,340,700,340,700,2,340,110,True,False,0
2026-10-04T02:11:56.2283006Z,14CA0000,40118,1100,533,340,700,340,700,2,340,110,True,False,0
2026-10-04T02:11:56.2442819Z,14CA0000,40118,1100,533,340,700,340,700,2,340,110,True,False,0
2026-10-04T02:11:56.2603362Z,14CA0000,40118,1100,533,340,700,340,700,2,340,110,True,False,0
2026-10-04T02:11:56.2764639Z,14CA0000,40118,1100,533,340,700,340,700,2,340,110,True,False,0
2026-10-04T02:11:56.2918145Z,14CA0000,40118,1100,533,340,700,340,700,2,340,110,True,False,0
2026-10-04T02:11:56.3068580Z,14CA0000,40118,1100,533,340,700,340,700,2,340,110,True,False,0
2026-10-04T02:11:56.3228360Z,14CA0000,40118,1100,533,340,700,340,700,2,340,110,True,False,0
2026-10-04T02:11:56.3379228Z,14CA0000,40118,1100,533,340,700,340,700,2,340,110,True,False,0
2026-10-04T02:11:56.3538351Z,14CA0000,40118,1100,533,340,700,340,700,2,340,110,True,False,0
2026-10-04T02:11:56.3698365Z,14CA0000,40118,1100,533,340,700,340,700,2,340,110,True,False,0
2026-10-04T02:11:56.3853260Z,14CA0000,40118,1100,533,340,700,340,700,2,340,110,True,False,0
2026-10-04T02:11:56.4003531Z,14CA0000,40118,1100,533,340,700,340,700,2,340,110,True,False,0
2026-10-04T02:11:56.4153349Z,14CA0000,40118,1100,533,340,700,340,700,2,340,110,True,False,0
2026-10-04T02:11:56.4313225Z,14CA0000,40118,1100,533,340,700,340,700,2,340,110,True,False,0
2026-10-04T02:11:56.4473413Z,14CA0000,40118,1100,533,340,700,340,700,2,340,110,True,False,0
2026-10-04T02:11:56.4633172Z,14CA0000,40118,1100,533,340,700,340,700,2,340,110,True,False,0
2026-10-04T02:11:56.4793698Z,14CA0000,40118,1100,533,340,700,340,700,2,340,110,True,False,0
2026-10-04T02:11:56.4953185Z,14CA0000,40118,1100,533,340,700,340,700,2,340,110,True,False,0
2026-10-04T02:11:56.5113468Z,14CA0000,40118,1100,533,340,700,340,700,2,340,110,True,False,0
2026-10-04T02:11:56.5273283Z,14CA0000,40118,1100,533,340,700,340,700,2,340,110,True,False,0
2026-10-04T02:11:56.5433216Z,14CA0000,40118,1100,533,340,700,340,700,2,340,110,True,False,0
2026-10-04T02:11:56.5593274Z,14CA0000,40118,1100,533,340,700,340,700,2,340,110,True,False,0
2026-10-04T02:11:56.5753384Z,14CA0000,40118,1100,533,340,700,340,700,2,340,110,True,False,0
2026-10-04T02:11:56.5903817Z,14CA0000,40118,1100,533,340,700,340,700,2,340,110,True,False,0
2026-10-04T02:11:56.6053616Z,14CA0000,40118,1100,533,340,700,340,700,2,340,110,True,False,0
2026-10-04T02:11:56.6213647Z,14CA0000,40118,1100,533,340,700,340,700,2,340,110,True,False,0
2026-10-04T02:11:56.6363020Z,14CA0000,40118,1100,533,340,700,340,700,2,340,110,True,False,0
2026-10-04T02:11:56.6523207Z,14CA0000,40118,1100,533,340,700,340,700,2,340,110,True,False,0
2026-10-04T02:11:56.6672972Z,14CA0000,40118,1100,533,340,700,340,700,2,340,110,True,False,0
2026-10-04T02:11:56.6833281Z,14CA0000,40118,1100,533,340,700,340,700,2,340,110,True,False,0
2026-10-04T02:11:56.6983458Z,14CA0000,40118,1100,533,340,700,340,700,2,340,110,True,False,0
2026-10-04T02:11:56.7133319Z,14CA0000,40118,1100,533,340,700,340,700,2,340,110,True,False,0
2026-10-04T02:11:56.7293273Z,14CA0000,40118,1100,533,340,700,340,700,2,340,110,True,False,0
2026-10-04T02:11:56.7453291Z,14CA0000,40118,1100,533,340,700,340,700,2,340,110,True,False,0
2026-10-04T02:11:56.7603202Z,14CA0000,40118,1100,533,340,700,340,700,2,340,110,True,False,0
2026-10-04T02:11:56.7763355Z,14CA0000,40118,1100,533,340,700,340,700,2,340,110,True,False,0
2026-10-04T02:11:56.7919904Z,14CA0000,40118,1100,533,340,700,340,700,2,340,110,True,False,0
2026-10-04T02:11:56.8069163Z,14CA0000,40118,1100,533,340,700,340,700,2,340,110,True,False,0
2026-10-04T02:11:56.8230174Z,14CA0000,40118,1100,533,340,700,340,700,2,340,110,True,False,0
2026-10-04T02:11:56.8379217Z,14CA0000,40118,1100,533,340,700,340,700,2,340,110,True,False,0
2026-10-04T02:11:56.8539031Z,14CA0000,40118,1100,533,340,700,340,700,2,340,110,True,False,0
2026-10-04T02:11:56.8698662Z,14CA0000,40118,1100,533,340,700,340,700,2,340,110,True,False,0
2026-10-04T02:11:56.8858931Z,14CA0000,40118,1100,533,340,700,340,700,2,340,110,True,False,0
2026-10-04T02:11:56.9008746Z,14CA0000,40118,1100,533,340,700,340,700,2,340,110,True,False,0
2026-10-04T02:11:56.9158800Z,14CA0000,40118,1100,533,340,700,340,700,2,340,110,True,False,0
2026-10-04T02:11:56.9321802Z,14CA0000,40118,1100,533,340,700,340,700,2,340,110,True,False,0
2026-10-04T02:11:56.9479044Z,14CA0000,40118,1100,533,340,700,340,700,2,340,110,True,False,0
2026-10-04T02:11:56.9638727Z,14CA0000,40118,1100,533,340,700,340,700,2,340,110,True,False,0
2026-10-04T02:11:56.9798857Z,14CA0000,40118,1100,533,340,700,340,700,2,340,110,True,False,0
2026-10-04T02:11:56.9959230Z,14CA0000,40118,1100,533,340,700,340,700,2,340,110,True,False,0
2026-10-04T02:11:57.0119383Z,14CA0000,40118,1100,533,340,700,340,700,2,340,110,True,False,0
2026-10-04T02:11:57.0279699Z,14CA0000,40118,1100,533,340,700,340,700,2,340,110,True,False,0
2026-10-04T02:11:57.0439642Z,14CA0000,40118,1100,533,340,700,340,700,2,340,110,True,False,0
2026-10-04T02:11:57.0599529Z,14CA0000,40118,1100,533,340,700,340,700,2,340,110,True,False,0
2026-10-04T02:11:57.0759051Z,14CA0000,40118,1100,533,340,700,340,700,2,340,110,True,False,0
2026-10-04T02:11:57.0919231Z,14CA0000,40118,1100,533,340,700,340,700,2,340,110,True,False,0
2026-10-04T02:11:57.1079107Z,14CA0000,40118,1100,533,340,700,340,700,2,340,110,True,False,0
2026-10-04T02:11:57.1239442Z,14CA0000,40118,1100,533,340,700,340,700,2,340,110,True,False,0
2026-10-04T02:11:57.1399574Z,14CA0000,40118,1100,533,340,700,340,700,2,340,110,True,False,0
2026-10-04T02:11:57.1559389Z,14CA0000,40118,1100,533,340,700,340,700,2,340,110,True,False,0
2026-10-04T02:11:57.1719024Z,14CA0000,40118,1100,533,340,700,340,700,2,340,110,True,False,0
2026-10-04T02:11:57.1880806Z,14CA0000,40118,1100,533,340,700,340,700,2,340,110,True,False,0
2026-10-04T02:11:57.2029863Z,14CA0000,40118,1100,533,340,700,340,700,2,340,110,True,False,0
2026-10-04T02:11:57.2179225Z,14CA0000,40118,1100,533,340,700,340,700,2,340,110,True,False,0
2026-10-04T02:11:57.2329277Z,14CA0000,40118,1100,533,340,700,340,700,2,340,110,True,False,0
2026-10-04T02:11:57.2489383Z,14CA0000,40118,1100,533,340,700,340,700,2,340,110,True,False,0
2026-10-04T02:11:57.2639206Z,14CA0000,40118,1100,533,340,700,340,700,2,340,110,True,False,0
2026-10-04T02:11:57.2799173Z,14CA0000,40118,1100,533,340,700,340,700,2,340,110,True,False,0
2026-10-04T02:11:57.2959263Z,14CA0000,40118,1100,533,340,700,340,700,2,340,110,True,False,0
2026-10-04T02:11:57.3119773Z,14CA0000,40118,1100,533,340,700,340,700,2,340,110,True,False,0
2026-10-04T02:11:57.3279544Z,14CA0000,40118,1100,533,340,700,340,700,2,340,110,True,False,0
2026-10-04T02:11:57.3439458Z,14CA0000,40118,1100,533,340,700,340,700,2,340,110,True,False,0
2026-10-04T02:11:57.3601092Z,14CA0000,40118,1100,533,340,700,340,700,2,340,110,True,False,0
2026-10-04T02:11:57.3759151Z,14CA0000,40118,1100,533,340,700,340,700,2,340,110,True,False,0
2026-10-04T02:11:57.3919284Z,14CA0000,40118,1100,533,340,700,340,700,2,340,110,True,False,0
2026-10-04T02:11:57.4079155Z,14CA0000,40118,1100,533,340,700,340,700,2,340,110,True,False,0
2026-10-04T02:11:57.4239458Z,14CA0000,40118,1100,533,340,700,340,700,2,340,110,True,False,0
2026-10-04T02:11:57.4399382Z,14CA0000,40118,1100,533,340,700,340,700,2,340,110,True,False,0
2026-10-04T02:11:57.4559660Z,14CA0000,40118,1100,533,340,700,340,700,2,340,110,True,False,0
2026-10-04T02:11:57.4720408Z,14CA0000,40118,1100,533,340,700,340,700,2,340,110,True,False,0
2026-10-04T02:11:57.4879533Z,14CA0000,40118,1100,533,340,700,340,700,2,340,110,True,False,0
2026-10-04T02:11:57.5039388Z,14CA0000,40118,1100,533,340,700,340,700,2,340,110,True,False,0
2026-10-04T02:11:57.5199115Z,14CA0000,40118,1100,533,340,700,340,700,2,340,110,True,False,0
2026-10-04T02:11:57.5349334Z,14CA0000,40118,1100,533,340,700,340,700,2,340,110,True,False,0
2026-10-04T02:11:57.5509321Z,14CA0000,40118,1100,533,340,700,340,700,2,340,110,True,False,0
2026-10-04T02:11:57.5659557Z,14CA0000,40118,1100,533,340,700,340,700,2,340,110,True,False,0
2026-10-04T02:11:57.5820904Z,14CA0000,40118,1100,533,340,700,340,700,2,340,110,True,False,0
2026-10-04T02:11:57.5979535Z,14CA0000,40118,1100,533,340,700,340,700,2,340,110,True,False,0
2026-10-04T02:11:57.6139269Z,14CA0000,40118,1100,533,340,700,340,700,2,340,110,True,False,0
2026-10-04T02:11:57.6299087Z,14CA0000,40118,1100,533,340,700,340,700,2,340,110,True,False,0
2026-10-04T02:11:57.6459037Z,14CA0000,40118,1100,533,340,700,340,700,2,340,110,True,False,0
2026-10-04T02:11:57.6619095Z,14CA0000,40118,1100,533,340,700,340,700,2,340,110,True,False,0
2026-10-04T02:11:57.6779214Z,14CA0000,40118,1100,533,340,700,340,700,2,340,110,True,False,0
2026-10-04T02:11:57.6934317Z,14CA0000,40118,1100,533,340,700,340,700,2,340,110,True,False,0
2026-10-04T02:11:57.7094308Z,14CA0000,40118,1100,533,340,700,340,700,2,340,110,True,False,0
2026-10-04T02:11:57.7254086Z,14CA0000,40118,1100,533,340,700,340,700,2,340,110,True,False,0
2026-10-04T02:11:57.7414103Z,14CA0000,40118,1100,533,340,700,340,700,2,340,110,True,False,0
2026-10-04T02:11:57.7564304Z,14CA0000,40118,1100,533,340,700,340,700,2,340,110,True,False,0
2026-10-04T02:11:57.7714993Z,14CA0000,40118,1100,533,340,700,340,700,2,340,110,True,False,0
2026-10-04T02:11:57.7874569Z,14CA0000,40118,1100,533,340,700,340,700,2,340,110,True,False,0
2026-10-04T02:11:57.8034687Z,14CA0000,40118,1100,533,340,700,340,700,2,340,110,True,False,0
2026-10-04T02:11:57.8194219Z,14CA0000,40118,1100,533,340,700,340,700,2,340,110,True,False,0
2026-10-04T02:11:57.8344255Z,14CA0000,40118,1100,533,340,700,340,700,2,340,110,True,False,0
2026-10-04T02:11:57.8493988Z,14CA0000,40118,1100,533,340,700,340,700,2,340,110,True,False,0
2026-10-04T02:11:57.8644201Z,14CA0000,40118,1100,533,340,700,340,700,2,340,110,True,False,0
2026-10-04T02:11:57.8795331Z,14CA0000,40118,1100,533,340,700,340,700,2,340,110,True,False,0
2026-10-04T02:11:57.8955274Z,14CA0000,40118,1100,533,340,700,340,700,2,340,110,True,False,0
2026-10-04T02:11:57.9115628Z,14CA0000,40118,1100,533,340,700,340,700,2,340,110,True,False,0
2026-10-04T02:11:57.9275197Z,14CA0000,40118,1100,533,340,700,340,700,2,340,110,True,False,0
2026-10-04T02:11:57.9436362Z,14CA0000,40118,1100,533,340,700,340,700,2,340,110,True,False,0
2026-10-04T02:11:57.9594908Z,14CA0000,40118,1100,533,340,700,340,700,2,340,110,True,False,0
2026-10-04T02:11:57.9754837Z,14CA0000,40118,1100,533,340,700,340,700,2,340,110,True,False,0
2026-10-04T02:11:57.9914839Z,14CA0000,40118,1100,533,340,700,340,700,2,340,110,True,False,0
2026-10-04T02:11:58.0075210Z,14CA0000,40118,1100,533,340,700,340,700,2,340,110,True,False,0
2026-10-04T02:11:58.0236665Z,14CA0000,40118,1100,533,340,700,340,700,2,340,110,True,False,0
2026-10-04T02:11:58.0384649Z,14CA0000,40118,1100,533,340,700,340,700,2,340,110,True,False,0
2026-10-04T02:11:58.0544973Z,14CA0000,40118,1100,533,340,700,340,700,2,340,110,True,False,0
2026-10-04T02:11:58.0694264Z,14CA0000,40118,1100,533,340,700,340,700,2,340,110,True,False,0
2026-10-04T02:11:58.0844296Z,14CA0000,40118,1100,533,340,700,340,700,2,340,110,True,False,0
2026-10-04T02:11:58.0999170Z,14CA0000,40118,1100,533,340,700,340,700,2,340,110,True,False,0
2026-10-04T02:11:58.1159315Z,14CA0000,40118,1100,533,340,700,340,700,2,340,110,True,False,0
2026-10-04T02:11:58.1320920Z,14CA0000,40118,1100,533,340,700,340,700,2,340,110,True,False,0
2026-10-04T02:11:58.1479506Z,14CA0000,40118,1100,533,340,700,340,700,2,340,110,True,False,0
2026-10-04T02:11:58.1639369Z,14CA0000,40118,1100,533,340,700,340,700,2,340,110,True,False,0
2026-10-04T02:11:58.1799479Z,14CA0000,40118,1100,533,340,700,340,700,2,340,110,True,False,0
2026-10-04T02:11:58.1954186Z,14CA0000,40118,1100,533,340,700,340,700,2,340,110,True,False,0
2026-10-04T02:11:58.2114626Z,14CA0000,40118,1100,533,340,700,340,700,2,340,110,True,False,0
2026-10-04T02:11:58.2274753Z,14CA0000,40118,1100,533,340,700,340,700,2,340,110,True,False,0
2026-10-04T02:11:58.2436685Z,14CA0000,40118,1100,533,340,700,340,700,2,340,110,True,False,0
2026-10-04T02:11:58.2594410Z,14CA0000,40118,1100,533,340,700,340,700,2,340,110,True,False,0
2026-10-04T02:11:58.2754876Z,14CA0000,40118,1100,533,340,700,340,700,2,340,110,True,False,0
2026-10-04T02:11:58.2914638Z,14CA0000,40118,1100,533,340,700,340,700,2,340,110,True,False,0
2026-10-04T02:11:58.3074733Z,14CA0000,40118,1100,533,340,700,340,700,2,340,110,True,False,0
2026-10-04T02:11:58.3235070Z,14CA0000,40118,1100,533,340,700,340,700,2,340,110,True,False,0
2026-10-04T02:11:58.3394990Z,14CA0000,40118,1100,533,340,700,340,700,2,340,110,True,False,0
2026-10-04T02:11:58.3556729Z,14CA0000,40118,1100,533,340,700,340,700,2,340,110,True,False,0
2026-10-04T02:11:58.3715294Z,14CA0000,40118,1100,533,340,700,340,700,2,340,110,True,False,0
2026-10-04T02:11:58.3874428Z,14CA0000,40118,1100,533,340,700,340,700,2,340,110,True,False,0
2026-10-04T02:11:58.4034798Z,14CA0000,40118,1100,533,340,700,340,700,2,340,110,True,False,0
2026-10-04T02:11:58.4194424Z,14CA0000,40118,1100,533,340,700,340,700,2,340,110,True,False,0
2026-10-04T02:11:58.4344593Z,14CA0000,40118,1100,533,340,700,340,700,2,340,110,True,False,0
2026-10-04T02:11:58.4494702Z,14CA0000,40118,1100,533,340,700,340,700,2,340,110,True,False,0
2026-10-04T02:11:58.4644716Z,14CA0000,40118,1100,533,340,700,340,700,2,340,110,True,False,0
2026-10-04T02:11:58.4804991Z,14CA0000,40118,1100,533,340,700,340,700,2,340,110,True,False,0
2026-10-04T02:11:58.4954635Z,14CA0000,40118,1100,533,340,700,340,700,2,340,110,True,False,0
2026-10-04T02:11:58.5114470Z,14CA0000,40118,1100,533,340,700,340,700,2,340,110,True,False,0
2026-10-04T02:11:58.5267834Z,14CA0000,40118,1100,533,340,700,340,700,2,340,110,True,False,0
2026-10-04T02:11:58.5427818Z,14CA0000,40118,1100,533,340,700,340,700,2,340,110,True,False,0
2026-10-04T02:11:58.5588029Z,14CA0000,40118,1100,533,340,700,340,700,2,340,110,True,False,0
2026-10-04T02:11:58.5747768Z,14CA0000,40118,1100,533,340,700,340,700,2,340,110,True,False,0
2026-10-04T02:11:58.5907904Z,14CA0000,40118,1100,533,340,700,340,700,2,340,110,True,False,0
2026-10-04T02:11:58.6067881Z,14CA0000,40118,1100,533,340,700,340,700,2,340,110,True,False,0
2026-10-04T02:11:58.6227809Z,14CA0000,40118,1100,533,340,700,340,700,2,340,110,True,False,0
2026-10-04T02:11:58.6377549Z,14CA0000,40118,1100,533,340,700,340,700,2,340,110,True,False,0
2026-10-04T02:11:58.6537795Z,14CA0000,40118,1100,533,340,700,340,700,2,340,110,True,False,0
2026-10-04T02:11:58.6688033Z,14CA0000,40118,1100,533,340,700,340,700,2,340,110,True,False,0
2026-10-04T02:11:58.6837864Z,14CA0000,40118,1100,533,340,700,340,700,2,340,110,True,False,0
2026-10-04T02:11:58.6997611Z,14CA0000,40118,1100,533,340,700,340,700,2,340,110,True,False,0
2026-10-04T02:11:58.7147926Z,14CA0000,40118,1100,533,340,700,340,700,2,340,110,True,False,0
2026-10-04T02:11:58.7308059Z,14CA0000,40118,1100,533,340,700,340,700,2,340,110,True,False,0
2026-10-04T02:11:58.7467872Z,14CA0000,40118,1100,533,340,700,340,700,2,340,110,True,False,0
2026-10-04T02:11:58.7627551Z,14CA0000,40118,1100,533,340,700,340,700,2,340,110,True,False,0
2026-10-04T02:11:58.7787892Z,14CA0000,40118,1100,533,340,700,340,700,2,340,110,True,False,0
2026-10-04T02:11:58.7947812Z,14CA0000,40118,1100,533,340,700,340,700,2,340,110,True,False,0
2026-10-04T02:11:58.8108648Z,14CA0000,40118,1100,533,340,700,340,700,2,340,110,True,False,0
2026-10-04T02:11:58.8267902Z,14CA0000,40118,1100,533,340,700,340,700,2,340,110,True,False,0
2026-10-04T02:11:58.8427874Z,14CA0000,40118,1100,533,340,700,340,700,2,340,110,True,False,0
2026-10-04T02:11:58.8587604Z,14CA0000,40118,1100,533,340,700,340,700,2,340,110,True,False,0
2026-10-04T02:11:58.8747742Z,14CA0000,40118,1100,533,340,700,340,700,2,340,110,True,False,0
2026-10-04T02:11:58.8907838Z,14CA0000,40118,1100,533,340,700,340,700,2,340,110,True,False,0
2026-10-04T02:11:58.9063000Z,14CA0000,40118,1100,533,340,700,340,700,2,340,110,True,False,0
2026-10-04T02:11:58.9223227Z,14CA0000,40118,1100,533,340,700,340,700,2,340,110,True,False,0
2026-10-04T02:11:58.9383152Z,14CA0000,40118,1100,533,340,700,340,700,2,340,110,True,False,0
2026-10-04T02:11:58.9543128Z,14CA0000,40118,1100,533,340,700,340,700,2,340,110,True,False,0
2026-10-04T02:11:58.9703024Z,14CA0000,40118,1100,533,340,700,340,700,2,340,110,True,False,0
2026-10-04T02:11:58.9862662Z,14CA0000,40118,1100,533,340,700,340,700,2,340,110,True,False,0
2026-10-04T02:11:59.0023133Z,14CA0000,40118,1100,533,340,700,340,700,2,340,110,True,False,0
2026-10-04T02:11:59.0172971Z,14CA0000,40118,1100,533,340,700,340,700,2,340,110,True,False,0
2026-10-04T02:11:59.0333008Z,14CA0000,40118,1100,533,340,700,340,700,2,340,110,True,False,0
2026-10-04T02:11:59.0484474Z,14CA0000,40118,1100,533,340,700,340,700,2,340,110,True,False,0
2026-10-04T02:11:59.0643349Z,14CA0000,40118,1100,533,340,700,340,700,2,340,110,True,False,0
2026-10-04T02:11:59.0803820Z,14CA0000,40118,1100,533,340,700,340,700,2,340,110,True,False,0
2026-10-04T02:11:59.0963974Z,14CA0000,40118,1100,533,340,700,340,700,2,340,110,True,False,0
2026-10-04T02:11:59.1124953Z,14CA0000,40118,1100,533,340,700,340,700,2,340,110,True,False,0
2026-10-04T02:11:59.1283319Z,14CA0000,40118,1100,533,340,700,340,700,2,340,110,True,False,0
2026-10-04T02:11:59.1443498Z,14CA0000,40118,1100,533,340,700,340,700,2,340,110,True,False,0
2026-10-04T02:11:59.1603853Z,14CA0000,40118,1100,533,340,700,340,700,2,340,110,True,False,0
2026-10-04T02:11:59.1763347Z,14CA0000,40118,1100,533,340,700,340,700,2,340,110,True,False,0
2026-10-04T02:11:59.1924091Z,14CA0000,40118,1100,533,340,700,340,700,2,340,110,True,False,0
2026-10-04T02:11:59.2078457Z,14CA0000,40118,1100,533,340,700,340,700,2,340,110,True,False,0
2026-10-04T02:11:59.2239863Z,14CA0000,40118,1100,533,340,700,340,700,2,340,110,True,False,0
2026-10-04T02:11:59.2398008Z,14CA0000,40118,1100,533,340,700,340,700,2,340,110,True,False,0
2026-10-04T02:11:59.2557689Z,14CA0000,40118,1100,533,340,700,340,700,2,340,110,True,False,0
2026-10-04T02:11:59.2717778Z,14CA0000,40118,1100,533,340,700,340,700,2,340,110,True,False,0
2026-10-04T02:11:59.2878745Z,14CA0000,40118,1100,533,340,700,340,700,2,340,110,True,False,0
2026-10-04T02:11:59.3039148Z,14CA0000,40118,1100,533,340,700,340,700,2,340,110,True,False,0
2026-10-04T02:11:59.3198383Z,14CA0000,40118,1100,533,340,700,340,700,2,340,110,True,False,0
2026-10-04T02:11:59.3350385Z,14CA0000,40118,1100,533,340,700,340,700,2,340,110,True,False,0
2026-10-04T02:11:59.3498312Z,14CA0000,40118,1100,533,340,700,340,700,2,340,110,True,False,0
2026-10-04T02:11:59.3657969Z,14CA0000,40118,1100,533,340,700,340,700,2,340,110,True,False,0
2026-10-04T02:11:59.3817997Z,14CA0000,40118,1100,533,340,700,340,700,2,340,110,True,False,0
2026-10-04T02:11:59.3977878Z,14CA0000,40118,1100,533,340,700,340,700,2,340,110,True,False,0
2026-10-04T02:11:59.4130099Z,14CA0000,40118,1100,533,340,700,340,700,2,340,110,True,False,0
2026-10-04T02:11:59.4280050Z,14CA0000,40118,1100,533,340,700,340,700,2,340,110,True,False,0
2026-10-04T02:11:59.4441127Z,14CA0000,40118,1100,533,340,700,340,700,2,340,110,True,False,0
2026-10-04T02:11:59.4600103Z,14CA0000,40118,1100,533,340,700,340,700,2,340,110,True,False,0
2026-10-04T02:11:59.4760047Z,14CA0000,40118,1100,533,340,700,340,700,2,340,110,True,False,0
2026-10-04T02:11:59.4919962Z,14CA0000,40118,1100,533,340,700,340,700,2,340,110,True,False,0
2026-10-04T02:11:59.5071122Z,14CA0000,40118,1100,533,340,700,340,700,2,340,110,True,False,0
2026-10-04T02:11:59.5229968Z,14CA0000,40118,1100,533,340,700,340,700,2,340,110,True,False,0
2026-10-04T02:11:59.5380592Z,14CA0000,40118,1100,533,340,700,340,700,2,340,110,True,False,0
2026-10-04T02:11:59.5542495Z,14CA0000,40118,1100,533,340,700,340,700,2,340,110,True,False,0
2026-10-04T02:11:59.5700048Z,14CA0000,40118,1100,533,340,700,340,700,2,340,110,True,False,0
2026-10-04T02:11:59.5860390Z,14CA0000,40118,1100,533,340,700,340,700,2,340,110,True,False,0
2026-10-04T02:11:59.6020141Z,14CA0000,40118,1100,533,340,700,340,700,2,340,110,True,False,0
2026-10-04T02:11:59.6180119Z,14CA0000,40118,1100,533,340,700,340,700,2,340,110,True,False,0
2026-10-04T02:11:59.6330123Z,14CA0000,40118,1100,533,340,700,340,700,2,340,110,True,False,0
2026-10-04T02:11:59.6479807Z,14CA0000,40118,1100,533,340,700,340,700,2,340,110,True,False,0
2026-10-04T02:11:59.6639923Z,14CA0000,40118,1100,533,340,700,340,700,2,340,110,True,False,0
2026-10-04T02:11:59.6800022Z,14CA0000,40118,1100,533,340,700,340,700,2,340,110,True,False,0
2026-10-04T02:11:59.6960033Z,14CA0000,40118,1100,533,340,700,340,700,2,340,110,True,False,0
2026-10-04T02:11:59.7119839Z,14CA0000,40118,1100,533,340,700,340,700,2,340,110,True,False,0
2026-10-04T02:11:59.7280027Z,14CA0000,40118,1100,533,340,700,340,700,2,340,110,True,False,0
2026-10-04T02:11:59.7441784Z,14CA0000,40118,1100,533,340,700,340,700,2,340,110,True,False,0
2026-10-04T02:11:59.7600416Z,14CA0000,40118,1100,533,340,700,340,700,2,340,110,True,False,0
2026-10-04T02:11:59.7760170Z,14CA0000,40118,1100,533,340,700,340,700,2,340,110,True,False,0
2026-10-04T02:11:59.7920004Z,14CA0000,40118,1100,533,340,700,340,700,2,340,110,True,False,0
2026-10-04T02:11:59.8075154Z,14CA0000,40118,1100,533,340,700,340,700,2,340,110,True,False,0
2026-10-04T02:11:59.8230033Z,14CA0000,40118,1100,533,340,700,340,700,2,340,110,True,False,0
2026-10-04T02:11:59.8390766Z,14CA0000,40118,1100,533,340,700,340,700,2,340,110,True,False,0
2026-10-04T02:11:59.8550507Z,14CA0000,40118,1100,533,340,700,340,700,2,340,110,True,False,0
2026-10-04T02:11:59.8710938Z,14CA0000,40118,1100,533,340,700,340,700,2,340,110,True,False,0
2026-10-04T02:11:59.8870846Z,14CA0000,40118,1100,533,340,700,340,700,2,340,110,True,False,0
2026-10-04T02:11:59.9020745Z,14CA0000,40118,1100,533,340,700,340,700,2,340,110,True,False,0
2026-10-04T02:11:59.9170614Z,14CA0000,40118,1100,533,340,700,340,700,2,340,110,True,False,0
2026-10-04T02:11:59.9330740Z,14CA0000,40118,1100,533,340,700,340,700,2,340,110,True,False,0
2026-10-04T02:11:59.9490736Z,14CA0000,40118,1100,533,340,700,340,700,2,340,110,True,False,0
2026-10-04T02:11:59.9650954Z,14CA0000,40118,1100,533,340,700,340,700,2,340,110,True,False,0
2026-10-04T02:11:59.9810806Z,14CA0000,40118,1100,533,340,700,340,700,2,340,110,True,False,0
2026-10-04T02:11:59.9970690Z,14CA0000,40118,1100,533,340,700,340,700,2,340,110,True,False,0
2026-10-04T02:12:00.0131624Z,14CA0000,40118,1100,533,340,700,340,700,2,340,110,True,False,0
2026-10-04T02:12:00.0290956Z,14CA0000,40118,1100,533,340,700,340,700,2,340,110,True,False,0
2026-10-04T02:12:00.0451247Z,14CA0000,40118,1100,533,340,700,340,700,2,340,110,True,False,0
2026-10-04T02:12:00.0610877Z,14CA0000,40118,1100,533,340,700,340,700,2,340,110,True,False,0
2026-10-04T02:12:00.0770829Z,14CA0000,40118,1100,533,340,700,340,700,2,340,110,True,False,0
2026-10-04T02:12:00.0930877Z,14CA0000,40118,1100,533,340,700,340,700,2,340,110,True,False,0
2026-10-04T02:12:00.1090869Z,14CA0000,40118,1100,533,340,700,340,700,2,340,110,True,False,0
2026-10-04T02:12:00.1250286Z,14CA0000,40118,1100,533,340,700,340,700,2,340,110,True,False,0
2026-10-04T02:12:00.1400566Z,14CA0000,40118,1100,533,340,700,340,700,2,340,110,True,False,0
2026-10-04T02:12:00.1551163Z,14CA0000,40118,1100,533,340,700,340,700,2,340,110,True,False,0
2026-10-04T02:12:00.1711063Z,14CA0000,40118,1100,533,340,700,340,700,2,340,110,True,False,0
2026-10-04T02:12:00.1871178Z,14CA0000,40118,1100,533,340,700,340,700,2,340,110,True,False,0
2026-10-04T02:12:00.2031141Z,14CA0000,40118,1100,533,340,700,340,700,2,340,110,True,False,0
2026-10-04T02:12:00.2190856Z,14CA0000,40118,1100,533,340,700,340,700,2,340,110,True,False,0
2026-10-04T02:12:00.2340828Z,14CA0000,40118,1100,533,340,700,340,700,2,340,110,True,False,0
2026-10-04T02:12:00.2501103Z,14CA0000,40118,1100,533,340,700,340,700,2,340,110,True,False,0
2026-10-04T02:12:00.2650425Z,14CA0000,40118,1100,533,340,700,340,700,2,340,110,True,False,0
2026-10-04T02:12:00.2810726Z,14CA0000,40118,1100,533,340,700,340,700,2,340,110,True,False,0
2026-10-04T02:12:00.2970761Z,14CA0000,40118,1100,533,340,700,340,700,2,340,110,True,False,0
2026-10-04T02:12:00.3130897Z,14CA0000,40118,1100,533,340,700,340,700,2,340,110,True,False,0
2026-10-04T02:12:00.3290774Z,14CA0000,40118,1100,533,340,700,340,700,2,340,110,True,False,0
2026-10-04T02:12:00.3450600Z,14CA0000,40118,1100,533,340,700,340,700,2,340,110,True,False,0
2026-10-04T02:12:00.3611167Z,14CA0000,40118,1100,533,340,700,340,700,2,340,110,True,False,0
2026-10-04T02:12:00.3770688Z,14CA0000,40118,1100,533,340,700,340,700,2,340,110,True,False,0
2026-10-04T02:12:00.3930727Z,14CA0000,40118,1100,533,340,700,340,700,2,340,110,True,False,0
2026-10-04T02:12:00.4090669Z,14CA0000,40118,1100,533,340,700,340,700,2,340,110,True,False,0
2026-10-04T02:12:00.4250734Z,14CA0000,40118,1100,533,340,700,340,700,2,340,110,True,False,0
2026-10-04T02:12:00.4410331Z,14CA0000,40118,1100,533,340,700,340,700,2,340,110,True,False,0
2026-10-04T02:12:00.4570779Z,14CA0000,40118,1100,533,340,700,340,700,2,340,110,True,False,0
2026-10-04T02:12:00.4730797Z,14CA0000,40118,1100,533,340,700,340,700,2,340,110,True,False,0
2026-10-04T02:12:00.4890901Z,14CA0000,40118,1100,533,340,700,340,700,2,340,110,True,False,0
2026-10-04T02:12:00.5050487Z,14CA0000,40118,1100,533,340,700,340,700,2,340,110,True,False,0
2026-10-04T02:12:00.5206043Z,14CA0000,40118,1100,533,340,700,340,700,2,340,110,True,False,0
2026-10-04T02:12:00.5365867Z,14CA0000,40118,1100,533,340,700,340,700,2,340,110,True,False,0
2026-10-04T02:12:00.5526470Z,14CA0000,40118,1100,533,340,700,340,700,2,340,110,True,False,0
2026-10-04T02:12:00.5676888Z,14CA0000,40118,1100,533,340,700,340,700,2,340,110,True,False,0
2026-10-04T02:12:00.5836473Z,14CA0000,40118,1100,533,340,700,340,700,2,340,110,True,False,0
2026-10-04T02:12:00.5986372Z,14CA0000,40118,1100,533,340,700,340,700,2,340,110,True,False,0
2026-10-04T02:12:00.6141228Z,14CA0000,40118,1100,533,340,700,340,700,2,340,110,True,False,0
2026-10-04T02:12:00.6301215Z,14CA0000,40118,1100,533,340,700,340,700,2,340,110,True,False,0
2026-10-04T02:12:00.6461377Z,14CA0000,40118,1100,533,340,700,340,700,2,340,110,True,False,0
2026-10-04T02:12:00.6622965Z,14CA0000,40118,1100,533,340,700,340,700,2,340,110,True,False,0
2026-10-04T02:12:00.6781325Z,14CA0000,40118,1100,533,340,700,340,700,2,340,110,True,False,0
2026-10-04T02:12:00.6938406Z,14CA0000,40118,1100,533,340,700,340,700,2,340,110,True,False,0
2026-10-04T02:12:00.7098531Z,14CA0000,40118,1100,533,340,700,340,700,2,340,110,True,False,0
2026-10-04T02:12:00.7253537Z,14CA0000,40118,1100,533,340,700,340,700,2,340,110,True,False,0
2026-10-04T02:12:00.7403787Z,14CA0000,40118,1100,533,340,700,340,700,2,340,110,True,False,0
2026-10-04T02:12:00.7553752Z,14CA0000,40118,1100,533,340,700,340,700,2,340,110,True,False,0
2026-10-04T02:12:00.7717685Z,14CA0000,40118,1100,533,340,700,340,700,2,340,110,True,False,0
2026-10-04T02:12:00.7867092Z,14CA0000,40118,1100,533,340,700,340,700,2,340,110,True,False,0
2026-10-04T02:12:00.8027342Z,14CA0000,40118,1100,533,340,700,340,700,2,340,110,True,False,0
2026-10-04T02:12:00.8187121Z,14CA0000,40118,1100,533,340,700,340,700,2,340,110,True,False,0
2026-10-04T02:12:00.8345597Z,14CA0000,40118,1100,533,340,700,340,700,2,340,110,True,False,0
2026-10-04T02:12:00.8504740Z,14CA0000,40118,1100,533,340,700,340,700,2,340,110,True,False,0
2026-10-04T02:12:00.8665266Z,14CA0000,40118,1100,533,340,700,340,700,2,340,110,True,False,0
2026-10-04T02:12:00.8826834Z,14CA0000,40118,1100,533,340,700,340,700,2,340,110,True,False,0
2026-10-04T02:12:00.8985075Z,14CA0000,40118,1100,533,340,700,340,700,2,340,110,True,False,0
2026-10-04T02:12:00.9144723Z,14CA0000,40118,1100,533,340,700,340,700,2,340,110,True,False,0
2026-10-04T02:12:00.9305365Z,14CA0000,40118,1100,533,340,700,340,700,2,340,110,True,False,0
2026-10-04T02:12:00.9464999Z,14CA0000,40118,1100,533,340,700,340,700,2,340,110,True,False,0
2026-10-04T02:12:00.9625573Z,14CA0000,40118,1100,533,340,700,340,700,2,340,110,True,False,0
2026-10-04T02:12:00.9785136Z,14CA0000,40118,1100,533,340,700,340,700,2,340,110,True,False,0
2026-10-04T02:12:00.9947068Z,14CA0000,40118,1100,533,340,700,340,700,2,340,110,True,False,0
2026-10-04T02:12:01.0104715Z,14CA0000,40118,1100,533,340,700,340,700,2,340,110,True,False,0
2026-10-04T02:12:01.0265150Z,14CA0000,40118,1100,533,340,700,340,700,2,340,110,True,False,0
2026-10-04T02:12:01.0424632Z,14CA0000,40118,1100,533,340,700,340,700,2,340,110,True,False,0
2026-10-04T02:12:01.0585148Z,14CA0000,40118,1100,533,340,700,340,700,2,340,110,True,False,0
2026-10-04T02:12:01.0744796Z,14CA0000,40118,1100,533,340,700,340,700,2,340,110,True,False,0
2026-10-04T02:12:01.0895030Z,14CA0000,40118,1100,533,340,700,340,700,2,340,110,True,False,0
2026-10-04T02:12:01.1045242Z,14CA0000,40118,1100,533,340,700,340,700,2,340,110,True,False,0
2026-10-04T02:12:01.1205109Z,14CA0000,40118,1100,533,340,700,340,700,2,340,110,True,False,0
2026-10-04T02:12:01.1354802Z,14CA0000,40118,1100,533,340,700,340,700,2,340,110,True,False,0
2026-10-04T02:12:01.1504889Z,14CA0000,40118,1100,533,340,700,340,700,2,340,110,True,False,0
2026-10-04T02:12:01.1664453Z,14CA0000,40118,1100,533,340,700,340,700,2,340,110,True,False,0
2026-10-04T02:12:01.1825603Z,14CA0000,40118,1100,533,340,700,340,700,2,340,110,True,False,0
2026-10-04T02:12:01.1975099Z,14CA0000,40118,1100,533,340,700,340,700,2,340,110,True,False,0
2026-10-04T02:12:01.2124896Z,14CA0000,40118,1100,533,340,700,340,700,2,340,110,True,False,0
2026-10-04T02:12:01.2274531Z,14CA0000,40118,1100,533,340,700,340,700,2,340,110,True,False,0
2026-10-04T02:12:01.2424800Z,14CA0000,40118,1100,533,340,700,340,700,2,340,110,True,False,0
2026-10-04T02:12:01.2574687Z,14CA0000,40118,1100,533,340,700,340,700,2,340,110,True,False,0
2026-10-04T02:12:01.2734834Z,14CA0000,40118,1100,533,340,700,340,700,2,340,110,True,False,0
2026-10-04T02:12:01.2894591Z,14CA0000,40118,1100,533,340,700,340,700,2,340,110,True,False,0
2026-10-04T02:12:01.3055347Z,14CA0000,40118,1100,533,340,700,340,700,2,340,110,True,False,0
2026-10-04T02:12:01.3215205Z,14CA0000,40118,1100,533,340,700,340,700,2,340,110,True,False,0
2026-10-04T02:12:01.3375080Z,14CA0000,40118,1100,533,340,700,340,700,2,340,110,True,False,0
2026-10-04T02:12:01.3527372Z,14CA0000,40118,1100,533,340,700,340,700,2,340,110,True,False,0
2026-10-04T02:12:01.3678983Z,14CA0000,40118,1100,533,340,700,340,700,2,340,110,True,False,0
2026-10-04T02:12:01.3838273Z,14CA0000,40118,1100,533,340,700,340,700,2,340,110,True,False,0
2026-10-04T02:12:01.3998144Z,14CA0000,40118,1100,533,340,700,340,700,2,340,110,True,False,0
2026-10-04T02:12:01.4158164Z,14CA0000,40118,1100,533,340,700,340,700,2,340,110,True,False,0
2026-10-04T02:12:01.4317159Z,14CA0000,40118,1100,533,340,700,340,700,2,340,110,True,False,0
2026-10-04T02:12:01.4478995Z,14CA0000,40118,1100,533,340,700,340,700,2,340,110,True,False,0
2026-10-04T02:12:01.4638035Z,14CA0000,40118,1100,533,340,700,340,700,2,340,110,True,False,0
2026-10-04T02:12:01.4798097Z,14CA0000,40118,1100,533,340,700,340,700,2,340,110,True,False,0
2026-10-04T02:12:01.4958162Z,14CA0000,40118,1100,533,340,700,340,700,2,340,110,True,False,0
2026-10-04T02:12:01.5118103Z,14CA0000,40118,1100,533,340,700,340,700,2,340,110,True,False,0
2026-10-04T02:12:01.5268230Z,14CA0000,40118,1100,533,340,700,340,700,2,340,110,True,False,0
2026-10-04T02:12:01.5419112Z,14CA0000,40118,1100,533,340,700,340,700,2,340,110,True,False,0
2026-10-04T02:12:01.5568117Z,14CA0000,40118,1100,533,340,700,340,700,2,340,110,True,False,0
2026-10-04T02:12:01.5727595Z,14CA0000,40118,1100,533,340,700,340,700,2,340,110,True,False,0
2026-10-04T02:12:01.5887907Z,14CA0000,40118,1100,533,340,700,340,700,2,340,110,True,False,0
2026-10-04T02:12:01.6043009Z,14CA0000,40118,1100,533,340,700,340,700,2,340,110,True,False,0
2026-10-04T02:12:01.6203006Z,14CA0000,40118,1100,533,340,700,340,700,2,340,110,True,False,0
2026-10-04T02:12:01.6362298Z,14CA0000,40118,1100,533,340,700,340,700,2,340,110,True,False,0
2026-10-04T02:12:01.6524513Z,14CA0000,40118,1100,533,340,700,340,700,2,340,110,True,False,0
2026-10-04T02:12:01.6682636Z,14CA0000,40118,1100,533,340,700,340,700,2,340,110,True,False,0
2026-10-04T02:12:01.6832975Z,14CA0000,40118,1100,533,340,700,340,700,2,340,110,True,False,0
2026-10-04T02:12:01.6982965Z,14CA0000,40118,1100,533,340,700,340,700,2,340,110,True,False,0
2026-10-04T02:12:01.7142851Z,14CA0000,40118,1100,533,340,700,340,700,2,340,110,True,False,0
2026-10-04T02:12:01.7292907Z,14CA0000,40118,1100,533,340,700,340,700,2,340,110,True,False,0
2026-10-04T02:12:01.7443582Z,14CA0000,40118,1100,533,340,700,340,700,2,340,110,True,False,0
2026-10-04T02:12:01.7602543Z,14CA0000,40118,1100,533,340,700,340,700,2,340,110,True,False,0
2026-10-04T02:12:01.7762899Z,14CA0000,40118,1100,533,340,700,340,700,2,340,110,True,False,0
2026-10-04T02:12:01.7922684Z,14CA0000,40118,1100,533,340,700,340,700,2,340,110,True,False,0
2026-10-04T02:12:01.8083145Z,14CA0000,40118,1100,533,340,700,340,700,2,340,110,True,False,0
2026-10-04T02:12:01.8234790Z,14CA0000,40118,1100,533,340,700,340,700,2,340,110,True,False,0
2026-10-04T02:12:01.8394760Z,14CA0000,40118,1100,533,340,700,340,700,2,340,110,True,False,0
2026-10-04T02:12:01.8545043Z,14CA0000,40118,1100,533,340,700,340,700,2,340,110,True,False,0
2026-10-04T02:12:01.8704777Z,14CA0000,40118,1100,533,340,700,340,700,2,340,110,True,False,0
2026-10-04T02:12:01.8864197Z,14CA0000,40118,1100,533,340,700,340,700,2,340,110,True,False,0
2026-10-04T02:12:01.9024334Z,14CA0000,40118,1100,533,340,700,340,700,2,340,110,True,False,0
2026-10-04T02:12:01.9184444Z,14CA0000,40118,1100,533,340,700,340,700,2,340,110,True,False,0
2026-10-04T02:12:01.9337832Z,14CA0000,40118,1100,533,340,700,340,700,2,340,110,True,False,0
2026-10-04T02:12:01.9497266Z,14CA0000,40118,1100,533,340,700,340,700,2,340,110,True,False,0
2026-10-04T02:12:01.9657383Z,14CA0000,40118,1100,533,340,700,340,700,2,340,110,True,False,0
2026-10-04T02:12:01.9812591Z,14CA0000,40118,1100,533,340,700,340,700,2,340,110,True,False,0
2026-10-04T02:12:01.9971551Z,14CA0000,40118,1100,533,340,700,340,700,2,340,110,True,False,0
2026-10-04T02:12:02.0121499Z,14CA0000,40118,1100,533,340,700,340,700,2,340,110,True,False,0
2026-10-04T02:12:02.0271546Z,14CA0000,40118,1100,533,340,700,340,700,2,340,110,True,False,0
2026-10-04T02:12:02.0431592Z,14CA0000,40118,1100,533,340,700,340,700,2,340,110,True,False,0
2026-10-04T02:12:02.0591700Z,14CA0000,40118,1100,533,340,700,340,700,2,340,110,True,False,0
2026-10-04T02:12:02.0751495Z,14CA0000,40118,1100,533,340,700,340,700,2,340,110,True,False,0
2026-10-04T02:12:02.0902511Z,14CA0000,40118,1100,533,340,700,340,700,2,340,110,True,False,0
2026-10-04T02:12:02.1051506Z,14CA0000,40118,1100,533,340,700,340,700,2,340,110,True,False,0
2026-10-04T02:12:02.1212070Z,14CA0000,40118,1100,533,340,700,340,700,2,340,110,True,False,0
2026-10-04T02:12:02.1371938Z,14CA0000,40118,1100,533,340,700,340,700,2,340,110,True,False,0
2026-10-04T02:12:02.1531508Z,14CA0000,40118,1100,533,340,700,340,700,2,340,110,True,False,0
2026-10-04T02:12:02.1691258Z,14CA0000,40118,1100,533,340,700,340,700,2,340,110,True,False,0
2026-10-04T02:12:02.1852003Z,14CA0000,40118,1100,533,340,700,340,700,2,340,110,True,False,0
2026-10-04T02:12:02.2012038Z,14CA0000,40118,1100,533,340,700,340,700,2,340,110,True,False,0
2026-10-04T02:12:02.2171567Z,14CA0000,40118,1100,533,340,700,340,700,2,340,110,True,False,0
2026-10-04T02:12:02.2331581Z,14CA0000,40118,1100,533,340,700,340,700,2,340,110,True,False,0
2026-10-04T02:12:02.2491953Z,14CA0000,40118,1100,533,340,700,340,700,2,340,110,True,False,0
2026-10-04T02:12:02.2642592Z,14CA0000,40118,1100,533,340,700,340,700,2,340,110,True,False,0
2026-10-04T02:12:02.2791721Z,14CA0000,40118,1100,533,340,700,340,700,2,340,110,True,False,0
2026-10-04T02:12:02.2951845Z,14CA0000,40118,1100,533,340,700,340,700,2,340,110,True,False,0
2026-10-04T02:12:02.3114461Z,14CA0000,40118,1100,533,340,700,340,700,2,340,110,True,False,0
2026-10-04T02:12:02.3271929Z,14CA0000,40118,1100,533,340,700,340,700,2,340,110,True,False,0
2026-10-04T02:12:02.3432353Z,14CA0000,40118,1100,533,340,700,340,700,2,340,110,True,False,0
2026-10-04T02:12:02.3591918Z,14CA0000,40118,1100,533,340,700,340,700,2,340,110,True,False,0
2026-10-04T02:12:02.3754064Z,14CA0000,40118,1100,533,340,700,340,700,2,340,110,True,False,0
2026-10-04T02:12:02.3911805Z,14CA0000,40118,1100,533,340,700,340,700,2,340,110,True,False,0
2026-10-04T02:12:02.4073320Z,14CA0000,40118,1100,533,340,700,340,700,2,340,110,True,False,0
2026-10-04T02:12:02.4232281Z,14CA0000,40118,1100,533,340,700,340,700,2,340,110,True,False,0
2026-10-04T02:12:02.4382318Z,14CA0000,40118,1100,533,340,700,340,700,2,340,110,True,False,0
2026-10-04T02:12:02.4531835Z,14CA0000,40118,1100,533,340,700,340,700,2,340,110,True,False,0
2026-10-04T02:12:02.4692034Z,14CA0000,40118,1100,533,340,700,340,700,2,340,110,True,False,0
2026-10-04T02:12:02.4841763Z,14CA0000,40118,1100,533,340,700,340,700,2,340,110,True,False,0
2026-10-04T02:12:02.4992016Z,14CA0000,40118,1100,533,340,700,340,700,2,340,110,True,False,0
2026-10-04T02:12:02.5152291Z,14CA0000,40118,1100,533,340,700,340,700,2,340,110,True,False,0
2026-10-04T02:12:02.5312613Z,14CA0000,40118,1100,533,340,700,340,700,2,340,110,True,False,0
2026-10-04T02:12:02.5471698Z,14CA0000,40118,1100,533,340,700,340,700,2,340,110,True,False,0
2026-10-04T02:12:02.5632209Z,14CA0000,40118,1100,533,340,700,340,700,2,340,110,True,False,0
2026-10-04T02:12:02.5791921Z,14CA0000,40118,1100,533,340,700,340,700,2,340,110,True,False,0
2026-10-04T02:12:02.5952009Z,14CA0000,40118,1100,533,340,700,340,700,2,340,110,True,False,0
2026-10-04T02:12:02.6112890Z,14CA0000,40118,1100,533,340,700,340,700,2,340,110,True,False,0
2026-10-04T02:12:02.6273531Z,14CA0000,40118,1100,533,340,700,340,700,2,340,110,True,False,0
2026-10-04T02:12:02.6427391Z,14CA0000,40118,1100,533,340,700,340,700,2,340,110,True,False,0
2026-10-04T02:12:02.6587306Z,14CA0000,40118,1100,533,340,700,340,700,2,340,110,True,False,0
2026-10-04T02:12:02.6747184Z,14CA0000,40118,1100,533,340,700,340,700,2,340,110,True,False,0
2026-10-04T02:12:02.6907181Z,14CA0000,40118,1100,533,340,700,340,700,2,340,110,True,False,0
2026-10-04T02:12:02.7067578Z,14CA0000,40118,1100,533,340,700,340,700,2,340,110,True,False,0
2026-10-04T02:12:02.7227683Z,14CA0000,40118,1100,533,340,700,340,700,2,340,110,True,False,0
2026-10-04T02:12:02.7385304Z,14CA0000,40118,1100,533,340,700,340,700,2,340,110,True,False,0
2026-10-04T02:12:02.7542872Z,14CA0000,40118,1100,533,340,700,340,700,2,340,110,True,False,0
2026-10-04T02:12:02.7702371Z,14CA0000,40118,1100,533,340,700,340,700,2,340,110,True,False,0
2026-10-04T02:12:02.7862833Z,14CA0000,40118,1100,533,340,700,340,700,2,340,110,True,False,0
2026-10-04T02:12:02.8013025Z,14CA0000,40118,1100,533,340,700,340,700,2,340,110,True,False,0
2026-10-04T02:12:02.8172166Z,14CA0000,40118,1100,533,340,700,340,700,2,340,110,True,False,0
2026-10-04T02:12:02.8322430Z,14CA0000,40118,1100,533,340,700,340,700,2,340,110,True,False,0
2026-10-04T02:12:02.8484487Z,14CA0000,40118,1100,533,340,700,340,700,2,340,110,True,False,0
2026-10-04T02:12:02.8642583Z,14CA0000,40118,1100,533,340,700,340,700,2,340,110,True,False,0
2026-10-04T02:12:02.8802717Z,14CA0000,40118,1100,533,340,700,340,700,2,340,110,True,False,0
2026-10-04T02:12:02.8962328Z,14CA0000,40118,1100,533,340,700,340,700,2,340,110,True,False,0
2026-10-04T02:12:02.9122558Z,14CA0000,40118,1100,533,340,700,340,700,2,340,110,True,False,0
2026-10-04T02:12:02.9283035Z,14CA0000,40118,1100,533,340,700,340,700,2,340,110,True,False,0
2026-10-04T02:12:02.9442361Z,14CA0000,40118,1100,533,340,700,340,700,2,340,110,True,False,0
2026-10-04T02:12:02.9604155Z,14CA0000,40118,1100,533,340,700,340,700,2,340,110,True,False,0
2026-10-04T02:12:02.9762585Z,14CA0000,40118,1100,533,340,700,340,700,2,340,110,True,False,0
2026-10-04T02:12:02.9922531Z,14CA0000,40118,1100,533,340,700,340,700,2,340,110,True,False,0
2026-10-04T02:12:03.0082314Z,14CA0000,40118,1100,533,340,700,340,700,2,340,110,True,False,0
2026-10-04T02:12:03.0242237Z,14CA0000,40118,1100,533,340,700,340,700,2,340,110,True,False,0
2026-10-04T02:12:03.0402668Z,14CA0000,40118,1100,533,340,700,340,700,2,340,110,True,False,0
2026-10-04T02:12:03.0563110Z,14CA0000,40118,1100,533,340,700,340,700,2,340,110,True,False,0
2026-10-04T02:12:03.0712872Z,14CA0000,40118,1100,533,340,700,340,700,2,340,110,True,False,0
2026-10-04T02:12:03.0872781Z,14CA0000,40118,1100,533,340,700,340,700,2,340,110,True,False,0
2026-10-04T02:12:03.1022788Z,14CA0000,40118,1100,533,340,700,340,700,2,340,110,True,False,0
2026-10-04T02:12:03.1182355Z,14CA0000,40118,1100,533,340,700,340,700,2,340,110,True,False,0
2026-10-04T02:12:03.1332778Z,14CA0000,40118,1100,533,340,700,340,700,2,340,110,True,False,0
2026-10-04T02:12:03.1487434Z,14CA0000,40118,1100,533,340,700,340,700,2,340,110,True,False,0
2026-10-04T02:12:03.1647629Z,14CA0000,40118,1100,533,340,700,340,700,2,340,110,True,False,0
2026-10-04T02:12:03.1808127Z,14CA0000,40118,1100,533,340,700,340,700,2,340,110,True,False,0
2026-10-04T02:12:03.1967627Z,14CA0000,40118,1100,533,340,700,340,700,2,340,110,True,False,0
2026-10-04T02:12:03.2127557Z,14CA0000,40118,1100,533,340,700,340,700,2,340,110,True,False,0
2026-10-04T02:12:03.2287463Z,14CA0000,40118,1100,533,340,700,340,700,2,340,110,True,False,0
2026-10-04T02:12:03.2442780Z,14CA0000,40118,1100,533,340,700,340,700,2,340,110,True,False,0
2026-10-04T02:12:03.2602740Z,14CA0000,40118,1100,533,340,700,340,700,2,340,110,True,False,0
2026-10-04T02:12:03.2762844Z,14CA0000,40118,1100,533,340,700,340,700,2,340,110,True,False,0
2026-10-04T02:12:03.2922645Z,14CA0000,40118,1100,533,340,700,340,700,2,340,110,True,False,0
2026-10-04T02:12:03.3082995Z,14CA0000,40118,1100,533,340,700,340,700,2,340,110,True,False,0
2026-10-04T02:12:03.3233616Z,14CA0000,40118,1100,533,340,700,340,700,2,340,110,True,False,0
2026-10-04T02:12:03.3392560Z,14CA0000,40118,1100,533,340,700,340,700,2,340,110,True,False,0
2026-10-04T02:12:03.3543273Z,14CA0000,40118,1100,533,340,700,340,700,2,340,110,True,False,0
2026-10-04T02:12:03.3703033Z,14CA0000,40118,1100,533,340,700,340,700,2,340,110,True,False,0
2026-10-04T02:12:03.3863137Z,14CA0000,40118,1100,533,340,700,340,700,2,340,110,True,False,0
2026-10-04T02:12:03.4012749Z,14CA0000,40118,1100,533,340,700,340,700,2,340,110,True,False,0
2026-10-04T02:12:03.4172760Z,14CA0000,40118,1100,533,340,700,340,700,2,340,110,True,False,0
2026-10-04T02:12:03.4323650Z,14CA0000,40118,1100,533,340,700,340,700,2,340,110,True,False,0
2026-10-04T02:12:03.4483513Z,14CA0000,40118,1100,533,340,700,340,700,2,340,110,True,False,0
2026-10-04T02:12:03.4643190Z,14CA0000,40118,1100,533,340,700,340,700,2,340,110,True,False,0
2026-10-04T02:12:03.4803407Z,14CA0000,40118,1100,533,340,700,340,700,2,340,110,True,False,0
2026-10-04T02:12:03.4952669Z,14CA0000,40118,1100,533,340,700,340,700,2,340,110,True,False,0
2026-10-04T02:12:03.5104214Z,14CA0000,40118,1100,533,340,700,340,700,2,340,110,True,False,0
2026-10-04T02:12:03.5262986Z,14CA0000,40118,1100,533,340,700,340,700,2,340,110,True,False,0
2026-10-04T02:12:03.5422881Z,14CA0000,40118,1100,533,340,700,340,700,2,340,110,True,False,0
2026-10-04T02:12:03.5572852Z,14CA0000,40118,1100,533,340,700,340,700,2,340,110,True,False,0
2026-10-04T02:12:03.5733235Z,14CA0000,40118,1100,533,340,700,340,700,2,340,110,True,False,0
2026-10-04T02:12:03.5883579Z,14CA0000,40118,1100,533,340,700,340,700,2,340,110,True,False,0
2026-10-04T02:12:03.6042999Z,14CA0000,40118,1100,533,340,700,340,700,2,340,110,True,False,0
2026-10-04T02:12:03.6194392Z,14CA0000,40118,1100,533,340,700,340,700,2,340,110,True,False,0
2026-10-04T02:12:03.6342960Z,14CA0000,40118,1100,533,340,700,340,700,2,340,110,True,False,0
2026-10-04T02:12:03.6503384Z,14CA0000,40118,1100,533,340,700,340,700,2,340,110,True,False,0
2026-10-04T02:12:03.6662943Z,14CA0000,40118,1100,533,340,700,340,700,2,340,110,True,False,0
2026-10-04T02:12:03.6822624Z,14CA0000,40118,1100,533,340,700,340,700,2,340,110,True,False,0
2026-10-04T02:12:03.6972847Z,14CA0000,40118,1100,533,340,700,340,700,2,340,110,True,False,0
2026-10-04T02:12:03.7122872Z,14CA0000,40118,1100,533,340,700,340,700,2,340,110,True,False,0
2026-10-04T02:12:03.7282679Z,14CA0000,40118,1100,533,340,700,340,700,2,340,110,True,False,0
2026-10-04T02:12:03.7432811Z,14CA0000,40118,1100,533,340,700,340,700,2,340,110,True,False,0
2026-10-04T02:12:03.7582615Z,14CA0000,40118,1100,533,340,700,340,700,2,340,110,True,False,0
2026-10-04T02:12:03.7732687Z,14CA0000,40118,1100,533,340,700,340,700,2,340,110,True,False,0
2026-10-04T02:12:03.7892882Z,14CA0000,40118,1100,533,340,700,340,700,2,340,110,True,False,0
2026-10-04T02:12:03.8043537Z,14CA0000,40118,1100,533,340,700,340,700,2,340,110,True,False,0
2026-10-04T02:12:03.8203048Z,14CA0000,40118,1100,533,340,700,340,700,2,340,110,True,False,0
2026-10-04T02:12:03.8362728Z,14CA0000,40118,1100,533,340,700,340,700,2,340,110,True,False,0
2026-10-04T02:12:03.8522949Z,14CA0000,40118,1100,533,340,700,340,700,2,340,110,True,False,0
2026-10-04T02:12:03.8672738Z,14CA0000,40118,1100,533,340,700,340,700,2,340,110,True,False,0
2026-10-04T02:12:03.8822889Z,14CA0000,40118,1100,533,340,700,340,700,2,340,110,True,False,0
2026-10-04T02:12:03.8982357Z,14CA0000,40118,1100,533,340,700,340,700,2,340,110,True,False,0
2026-10-04T02:12:03.9142819Z,14CA0000,40118,1100,533,340,700,340,700,2,340,110,True,False,0
2026-10-04T02:12:03.9302902Z,14CA0000,40118,1100,533,340,700,340,700,2,340,110,True,False,0
2026-10-04T02:12:03.9462585Z,14CA0000,40118,1100,533,340,700,340,700,2,340,110,True,False,0
2026-10-04T02:12:03.9622661Z,14CA0000,40118,1100,533,340,700,340,700,2,340,110,True,False,0
2026-10-04T02:12:03.9782688Z,14CA0000,40118,1100,533,340,700,340,700,2,340,110,True,False,0
2026-10-04T02:12:03.9942651Z,14CA0000,40118,1100,533,340,700,340,700,2,340,110,True,False,0
2026-10-04T02:12:04.0102755Z,14CA0000,40118,1100,533,340,700,340,700,2,340,110,True,False,0
2026-10-04T02:12:04.0262239Z,14CA0000,40118,1100,533,340,700,340,700,2,340,110,True,False,0
2026-10-04T02:12:04.0422760Z,14CA0000,40118,1100,533,340,700,340,700,2,340,110,True,False,0
2026-10-04T02:12:04.0582840Z,14CA0000,40118,1100,533,340,700,340,700,2,340,110,True,False,0
2026-10-04T02:12:04.0733149Z,14CA0000,40118,1100,533,340,700,340,700,2,340,110,True,False,0
2026-10-04T02:12:04.0883972Z,14CA0000,40118,1100,533,340,700,340,700,2,340,110,True,False,0
2026-10-04T02:12:04.1043501Z,14CA0000,40118,1100,533,340,700,340,700,2,340,110,True,False,0
2026-10-04T02:12:04.1203377Z,14CA0000,40118,1100,533,340,700,340,700,2,340,110,True,False,0
2026-10-04T02:12:04.1363464Z,14CA0000,40118,1100,533,340,700,340,700,2,340,110,True,False,0
2026-10-04T02:12:04.1523214Z,14CA0000,40118,1100,533,340,700,340,700,2,340,110,True,False,0
2026-10-04T02:12:04.1684190Z,14CA0000,40118,1100,533,340,700,340,700,2,340,110,True,False,0
2026-10-04T02:12:04.1844039Z,14CA0000,40118,1100,533,340,700,340,700,2,340,110,True,False,0
2026-10-04T02:12:04.2003660Z,14CA0000,40118,1100,533,340,700,340,700,2,340,110,True,False,0
2026-10-04T02:12:04.2163340Z,14CA0000,40118,1100,533,340,700,340,700,2,340,110,True,False,0
2026-10-04T02:12:04.2323441Z,14CA0000,40118,1100,533,340,700,340,700,2,340,110,True,False,0
2026-10-04T02:12:04.2483457Z,14CA0000,40118,1100,533,340,700,340,700,2,340,110,True,False,0
2026-10-04T02:12:04.2643451Z,14CA0000,40118,1100,533,340,700,340,700,2,340,110,True,False,0
2026-10-04T02:12:04.2804770Z,14CA0000,40118,1100,533,340,700,340,700,2,340,110,True,False,0
2026-10-04T02:12:04.2963318Z,14CA0000,40118,1100,533,340,700,340,700,2,340,110,True,False,0
2026-10-04T02:12:04.3123633Z,14CA0000,40118,1100,533,340,700,340,700,2,340,110,True,False,0
2026-10-04T02:12:04.3283164Z,14CA0000,40118,1100,533,340,700,340,700,2,340,110,True,False,0
2026-10-04T02:12:04.3443868Z,14CA0000,40118,1100,533,340,700,340,700,2,340,110,True,False,0
2026-10-04T02:12:04.3603420Z,14CA0000,40118,1100,533,340,700,340,700,2,340,110,True,False,0
2026-10-04T02:12:04.3764583Z,14CA0000,40118,1100,533,340,700,340,700,2,340,110,True,False,0
2026-10-04T02:12:04.3923828Z,14CA0000,40118,1100,533,340,700,340,700,2,340,110,True,False,0
2026-10-04T02:12:04.4083543Z,14CA0000,40118,1100,533,340,700,340,700,2,340,110,True,False,0
2026-10-04T02:12:04.4233120Z,14CA0000,40118,1100,533,340,700,340,700,2,340,110,True,False,0
2026-10-04T02:12:04.4392787Z,14CA0000,40118,1100,533,340,700,340,700,2,340,110,True,False,0
2026-10-04T02:12:04.4543337Z,14CA0000,40118,1100,533,340,700,340,700,2,340,110,True,False,0
2026-10-04T02:12:04.4703020Z,14CA0000,40118,1100,533,340,700,340,700,2,340,110,True,False,0
2026-10-04T02:12:04.4864143Z,14CA0000,40118,1100,533,340,700,340,700,2,340,110,True,False,0
2026-10-04T02:12:04.5022681Z,14CA0000,40118,1100,533,340,700,340,700,2,340,110,True,False,0
2026-10-04T02:12:04.5173535Z,14CA0000,40118,1100,533,340,700,340,700,2,340,110,True,False,0
2026-10-04T02:12:04.5322868Z,14CA0000,40118,1100,533,340,700,340,700,2,340,110,True,False,0
2026-10-04T02:12:04.5483031Z,14CA0000,40118,1100,533,340,700,340,700,2,340,110,True,False,0
2026-10-04T02:12:04.5642267Z,14CA0000,40118,1100,533,340,700,340,700,2,340,110,True,False,0
2026-10-04T02:12:04.5802819Z,14CA0000,40118,1100,533,340,700,340,700,2,340,110,True,False,0
2026-10-04T02:12:04.5964420Z,14CA0000,40118,1100,533,340,700,340,700,2,340,110,True,False,0
2026-10-04T02:12:04.6122400Z,14CA0000,40118,1100,533,340,700,340,700,2,340,110,True,False,0
2026-10-04T02:12:04.6282904Z,14CA0000,40118,1100,533,340,700,340,700,2,340,110,True,False,0
2026-10-04T02:12:04.6442837Z,14CA0000,40118,1100,533,340,700,340,700,2,340,110,True,False,0
2026-10-04T02:12:04.6602876Z,14CA0000,40118,1100,533,340,700,340,700,2,340,110,True,False,0
2026-10-04T02:12:04.6762850Z,14CA0000,40118,1100,533,340,700,340,700,2,340,110,True,False,0
2026-10-04T02:12:04.6922617Z,14CA0000,40118,1100,533,340,700,340,700,2,340,110,True,False,0
2026-10-04T02:12:04.7085639Z,14CA0000,40118,1100,533,340,700,340,700,2,340,110,True,False,0
2026-10-04T02:12:04.7233299Z,14CA0000,40118,1100,533,340,700,340,700,2,340,110,True,False,0
2026-10-04T02:12:04.7384438Z,14CA0000,40118,1100,533,340,700,340,700,2,340,110,True,False,0
2026-10-04T02:12:04.7543209Z,14CA0000,40118,1100,533,340,700,340,700,2,340,110,True,False,0
2026-10-04T02:12:04.7702704Z,14CA0000,40118,1100,533,340,700,340,700,2,340,110,True,False,0
2026-10-04T02:12:04.7862945Z,14CA0000,40118,1100,533,340,700,340,700,2,340,110,True,False,0
2026-10-04T02:12:04.8013346Z,14CA0000,40118,1100,533,340,700,340,700,2,340,110,True,False,0
2026-10-04T02:12:04.8164497Z,14CA0000,40118,1100,533,340,700,340,700,2,340,110,True,False,0
2026-10-04T02:12:04.8323935Z,14CA0000,40118,1100,533,340,700,340,700,2,340,110,True,False,0
2026-10-04T02:12:04.8483934Z,14CA0000,40118,1100,533,340,700,340,700,2,340,110,True,False,0
2026-10-04T02:12:04.8643983Z,14CA0000,40118,1100,533,340,700,340,700,2,340,110,True,False,0
2026-10-04T02:12:04.8803877Z,14CA0000,40118,1100,533,340,700,340,700,2,340,110,True,False,0
2026-10-04T02:12:04.8964033Z,14CA0000,40118,1100,533,340,700,340,700,2,340,110,True,False,0
2026-10-04T02:12:04.9113973Z,14CA0000,40118,1100,533,340,700,340,700,2,340,110,True,False,0
2026-10-04T02:12:04.9266152Z,14CA0000,40118,1100,533,340,700,340,700,2,340,110,True,False,0
2026-10-04T02:12:04.9417597Z,14CA0000,40118,1100,533,340,700,340,700,2,340,110,True,False,0
2026-10-04T02:12:04.9577798Z,14CA0000,40118,1100,533,340,700,340,700,2,340,110,True,False,0
2026-10-04T02:12:04.9737635Z,14CA0000,40118,1100,533,340,700,340,700,2,340,110,True,False,0
2026-10-04T02:12:04.9897725Z,14CA0000,40118,1100,533,340,700,340,700,2,340,110,True,False,0
2026-10-04T02:12:05.0057534Z,14CA0000,40118,1100,533,340,700,340,700,2,340,110,True,False,0
2026-10-04T02:12:05.0217866Z,14CA0000,40118,1100,533,340,700,340,700,2,340,110,True,False,0
2026-10-04T02:12:05.0367641Z,14CA0000,40118,1100,533,340,700,340,700,2,340,110,True,False,0
2026-10-04T02:12:05.0517817Z,14CA0000,40118,1100,533,340,700,340,700,2,340,110,True,False,0
2026-10-04T02:12:05.0672918Z,14CA0000,40118,1100,533,340,700,340,700,2,340,110,True,False,0
2026-10-04T02:12:05.0833093Z,14CA0000,40118,1100,533,340,700,340,700,2,340,110,True,False,0
2026-10-04T02:12:05.0992692Z,14CA0000,40118,1100,533,340,700,340,700,2,340,110,True,False,0
2026-10-04T02:12:05.1152987Z,14CA0000,40118,1100,533,340,700,340,700,2,340,110,True,False,0
2026-10-04T02:12:05.1312915Z,14CA0000,40118,1100,533,340,700,340,700,2,340,110,True,False,0
2026-10-04T02:12:05.1472704Z,14CA0000,40118,1100,533,340,700,340,700,2,340,110,True,False,0
2026-10-04T02:12:05.1632666Z,14CA0000,40118,1100,533,340,700,340,700,2,340,110,True,False,0
2026-10-04T02:12:05.1793474Z,14CA0000,40118,1100,533,340,700,340,700,2,340,110,True,False,0
2026-10-04T02:12:05.1953559Z,14CA0000,40118,1100,533,340,700,340,700,2,340,110,True,False,0
2026-10-04T02:12:05.2113348Z,14CA0000,40118,1100,533,340,700,340,700,2,340,110,True,False,0
2026-10-04T02:12:05.2273082Z,14CA0000,40118,1100,533,340,700,340,700,2,340,110,True,False,0
2026-10-04T02:12:05.2433291Z,14CA0000,40118,1100,533,340,700,340,700,2,340,110,True,False,0
2026-10-04T02:12:05.2593110Z,14CA0000,40118,1100,533,340,700,340,700,2,340,110,True,False,0
2026-10-04T02:12:05.2753740Z,14CA0000,40118,1100,533,340,700,340,700,2,340,110,True,False,0
2026-10-04T02:12:05.2913401Z,14CA0000,40118,1100,533,340,700,340,700,2,340,110,True,False,0
2026-10-04T02:12:05.3073700Z,14CA0000,40118,1100,533,340,700,340,700,2,340,110,True,False,0
2026-10-04T02:12:05.3233597Z,14CA0000,40118,1100,533,340,700,340,700,2,340,110,True,False,0
2026-10-04T02:12:05.3393065Z,14CA0000,40118,1100,533,340,700,340,700,2,340,110,True,False,0
2026-10-04T02:12:05.3553062Z,14CA0000,40118,1100,533,340,700,340,700,2,340,110,True,False,0
2026-10-04T02:12:05.3713915Z,14CA0000,40118,1100,533,340,700,340,700,2,340,110,True,False,0
2026-10-04T02:12:05.3873246Z,14CA0000,40118,1100,533,340,700,340,700,2,340,110,True,False,0
2026-10-04T02:12:05.4033711Z,14CA0000,40118,1100,533,340,700,340,700,2,340,110,True,False,0
2026-10-04T02:12:05.4193168Z,14CA0000,40118,1100,533,340,700,340,700,2,340,110,True,False,0
2026-10-04T02:12:05.4353182Z,14CA0000,40118,1100,533,340,700,340,700,2,340,110,True,False,0
2026-10-04T02:12:05.4513025Z,14CA0000,40118,1100,533,340,700,340,700,2,340,110,True,False,0
2026-10-04T02:12:05.4668294Z,14CA0000,40118,1100,533,340,700,340,700,2,340,110,True,False,0
2026-10-04T02:12:05.4828334Z,14CA0000,40118,1100,533,340,700,340,700,2,340,110,True,False,0
2026-10-04T02:12:05.4988152Z,14CA0000,40118,1100,533,340,700,340,700,2,340,110,True,False,0
2026-10-04T02:12:05.5148735Z,14CA0000,40118,1100,533,340,700,340,700,2,340,110,True,False,0
2026-10-04T02:12:05.5302311Z,14CA0000,40118,1100,533,340,700,340,700,2,340,110,True,False,0
2026-10-04T02:12:05.5452622Z,14CA0000,40118,1100,533,340,700,340,700,2,340,110,True,False,0
2026-10-04T02:12:05.5612709Z,14CA0000,40118,1100,533,340,700,340,700,2,340,110,True,False,0
2026-10-04T02:12:05.5772273Z,14CA0000,40118,1100,533,340,700,340,700,2,340,110,True,False,0
2026-10-04T02:12:05.5932318Z,14CA0000,40118,1100,533,340,700,340,700,2,340,110,True,False,0
2026-10-04T02:12:05.6092478Z,14CA0000,40118,1100,533,340,700,340,700,2,340,110,True,False,0
2026-10-04T02:12:05.6252457Z,14CA0000,40118,1100,533,340,700,340,700,2,340,110,True,False,0
2026-10-04T02:12:05.6412285Z,14CA0000,40118,1100,533,340,700,340,700,2,340,110,True,False,0
2026-10-04T02:12:05.6572318Z,14CA0000,40118,1100,533,340,700,340,700,2,340,110,True,False,0
2026-10-04T02:12:05.6732859Z,14CA0000,40118,1100,533,340,700,340,700,2,340,110,True,False,0
2026-10-04T02:12:05.6892618Z,14CA0000,40118,1100,533,340,700,340,700,2,340,110,True,False,0
2026-10-04T02:12:05.7052325Z,14CA0000,40118,1100,533,340,700,340,700,2,340,110,True,False,0
2026-10-04T02:12:05.7212900Z,14CA0000,40118,1100,533,340,700,340,700,2,340,110,True,False,0
2026-10-04T02:12:05.7372176Z,14CA0000,40118,1100,533,340,700,340,700,2,340,110,True,False,0
2026-10-04T02:12:05.7532595Z,14CA0000,40118,1100,533,340,700,340,700,2,340,110,True,False,0
2026-10-04T02:12:05.7692684Z,14CA0000,40118,1100,533,340,700,340,700,2,340,110,True,False,0
2026-10-04T02:12:05.7843874Z,14CA0000,40118,1100,533,340,700,340,700,2,340,110,True,False,0
2026-10-04T02:12:05.7994031Z,14CA0000,40118,1100,533,340,700,340,700,2,340,110,True,False,0
2026-10-04T02:12:05.8153422Z,14CA0000,40118,1100,533,340,700,340,700,2,340,110,True,False,0
2026-10-04T02:12:05.8313251Z,14CA0000,40118,1100,533,340,700,340,700,2,340,110,True,False,0
2026-10-04T02:12:05.8469883Z,14CA0000,40118,1100,533,340,700,340,700,2,340,110,True,False,0
2026-10-04T02:12:05.8629226Z,14CA0000,40118,1100,533,340,700,340,700,2,340,110,True,False,0
2026-10-04T02:12:05.8789087Z,14CA0000,40118,1100,533,340,700,340,700,2,340,110,True,False,0
2026-10-04T02:12:05.8944577Z,14CA0000,40118,1100,533,340,700,340,700,2,340,110,True,False,0
2026-10-04T02:12:05.9097086Z,14CA0000,40118,1100,533,340,700,340,700,2,340,110,True,False,0
2026-10-04T02:12:05.9254674Z,14CA0000,40118,1100,533,340,700,340,700,2,340,110,True,False,0
2026-10-04T02:12:05.9405093Z,14CA0000,40118,1100,533,340,700,340,700,2,340,110,True,False,0
2026-10-04T02:12:05.9564998Z,14CA0000,40118,1100,533,340,700,340,700,2,340,110,True,False,0
2026-10-04T02:12:05.9724725Z,14CA0000,40118,1100,533,340,700,340,700,2,340,110,True,False,0
2026-10-04T02:12:05.9884278Z,14CA0000,40118,1100,533,340,700,340,700,2,340,110,True,False,0
2026-10-04T02:12:06.0044788Z,14CA0000,40118,1100,533,340,700,340,700,2,340,110,True,False,0
2026-10-04T02:12:06.0195899Z,14CA0000,40118,1100,533,340,700,340,700,2,340,110,True,False,0
2026-10-04T02:12:06.0345081Z,14CA0000,40118,1100,533,340,700,340,700,2,340,110,True,False,0
2026-10-04T02:12:06.0504331Z,14CA0000,40118,1100,533,340,700,340,700,2,340,110,True,False,0
2026-10-04T02:12:06.0665033Z,14CA0000,40118,1100,533,340,700,340,700,2,340,110,True,False,0
2026-10-04T02:12:06.0824576Z,14CA0000,40118,1100,533,340,700,340,700,2,340,110,True,False,0
2026-10-04T02:12:06.0984668Z,14CA0000,40118,1100,533,340,700,340,700,2,340,110,True,False,0
2026-10-04T02:12:06.1144586Z,14CA0000,40118,1100,533,340,700,340,700,2,340,110,True,False,0
2026-10-04T02:12:06.1306550Z,14CA0000,40118,1100,533,340,700,340,700,2,340,110,True,False,0
2026-10-04T02:12:06.1464719Z,14CA0000,40118,1100,533,340,700,340,700,2,340,110,True,False,0
2026-10-04T02:12:06.1625164Z,14CA0000,40118,1100,533,340,700,340,700,2,340,110,True,False,0
2026-10-04T02:12:06.1784823Z,14CA0000,40118,1100,533,340,700,340,700,2,340,110,True,False,0
2026-10-04T02:12:06.1945473Z,14CA0000,40118,1100,533,340,700,340,700,2,340,110,True,False,0
2026-10-04T02:12:06.2105987Z,14CA0000,40118,1100,533,340,700,340,700,2,340,110,True,False,0
2026-10-04T02:12:06.2258682Z,14CA0000,40118,1100,533,340,700,340,700,2,340,110,True,False,0
2026-10-04T02:12:06.2418885Z,14CA0000,40118,1100,533,340,700,340,700,2,340,110,True,False,0
2026-10-04T02:12:06.2567243Z,14CA0000,40118,1100,533,340,700,340,700,2,340,110,True,False,0
2026-10-04T02:12:06.2727430Z,14CA0000,40118,1100,533,340,700,340,700,2,340,110,True,False,0
2026-10-04T02:12:06.2887527Z,14CA0000,40118,1100,533,340,700,340,700,2,340,110,True,False,0
2026-10-04T02:12:06.3048951Z,14CA0000,40118,1100,533,340,700,340,700,2,340,110,True,False,0
2026-10-04T02:12:06.3207279Z,14CA0000,40118,1100,533,340,700,340,700,2,340,110,True,False,0
2026-10-04T02:12:06.3367465Z,14CA0000,40118,1100,533,340,700,340,700,2,340,110,True,False,0
2026-10-04T02:12:06.3527431Z,14CA0000,40118,1100,533,340,700,340,700,2,340,110,True,False,0
2026-10-04T02:12:06.3687042Z,14CA0000,40118,1100,533,340,700,340,700,2,340,110,True,False,0
2026-10-04T02:12:06.3837335Z,14CA0000,40118,1100,533,340,700,340,700,2,340,110,True,False,0
2026-10-04T02:12:06.3987566Z,14CA0000,40118,1100,533,340,700,340,700,2,340,110,True,False,0
2026-10-04T02:12:06.4137722Z,14CA0000,40118,1100,533,340,700,340,700,2,340,110,True,False,0
2026-10-04T02:12:06.4297202Z,14CA0000,40118,1100,533,340,700,340,700,2,340,110,True,False,0
2026-10-04T02:12:06.4447567Z,14CA0000,40118,1100,533,340,700,340,700,2,340,110,True,False,0
2026-10-04T02:12:06.4607326Z,14CA0000,40118,1100,533,340,700,340,700,2,340,110,True,False,0
2026-10-04T02:12:06.4767196Z,14CA0000,40118,1100,533,340,700,340,700,2,340,110,True,False,0
2026-10-04T02:12:06.4922328Z,14CA0000,40118,1100,533,340,700,340,700,2,340,110,True,False,0
2026-10-04T02:12:06.5082319Z,14CA0000,40118,1100,533,340,700,340,700,2,340,110,True,False,0
2026-10-04T02:12:06.5241913Z,14CA0000,40118,1100,533,340,700,340,700,2,340,110,True,False,0
2026-10-04T02:12:06.5402740Z,14CA0000,40118,1100,533,340,700,340,700,2,340,110,True,False,0
2026-10-04T02:12:06.5562425Z,14CA0000,40118,1100,533,340,700,340,700,2,340,110,True,False,0
2026-10-04T02:12:06.5722302Z,14CA0000,40118,1100,533,340,700,340,700,2,340,110,True,False,0
2026-10-04T02:12:06.5882547Z,14CA0000,40118,1100,533,340,700,340,700,2,340,110,True,False,0
2026-10-04T02:12:06.6042397Z,14CA0000,40118,1100,533,340,700,340,700,2,340,110,True,False,0
2026-10-04T02:12:06.6202382Z,14CA0000,40118,1100,533,340,700,340,700,2,340,110,True,False,0
2026-10-04T02:12:06.6362514Z,14CA0000,40118,1100,533,340,700,340,700,2,340,110,True,False,0
2026-10-04T02:12:06.6522181Z,14CA0000,40118,1100,533,340,700,340,700,2,340,110,True,False,0
2026-10-04T02:12:06.6672643Z,14CA0000,40118,1100,533,340,700,340,700,2,340,110,True,False,0
2026-10-04T02:12:06.6822524Z,14CA0000,40118,1100,533,340,700,340,700,2,340,110,True,False,0
2026-10-04T02:12:06.6982434Z,14CA0000,40118,1100,533,340,700,340,700,2,340,110,True,False,0
2026-10-04T02:12:06.7132366Z,14CA0000,40118,1100,533,340,700,340,700,2,340,110,True,False,0
2026-10-04T02:12:06.7283645Z,14CA0000,40118,1100,533,340,700,340,700,2,340,110,True,False,0
2026-10-04T02:12:06.7442782Z,14CA0000,40118,1100,533,340,700,340,700,2,340,110,True,False,0
2026-10-04T02:12:06.7603051Z,14CA0000,40118,1100,533,340,700,340,700,2,340,110,True,False,0
2026-10-04T02:12:06.7758159Z,14CA0000,40118,1100,533,340,700,340,700,2,340,110,True,False,0
2026-10-04T02:12:06.7919196Z,14CA0000,40118,1100,533,340,700,340,700,2,340,110,True,False,0
2026-10-04T02:12:06.8068740Z,14CA0000,40118,1100,533,340,700,340,700,2,340,110,True,False,0
2026-10-04T02:12:06.8227726Z,14CA0000,40118,1100,533,340,700,340,700,2,340,110,True,False,0
2026-10-04T02:12:06.8378194Z,14CA0000,40118,1100,533,340,700,340,700,2,340,110,True,False,0
2026-10-04T02:12:06.8537823Z,14CA0000,40118,1100,533,340,700,340,700,2,340,110,True,False,0
2026-10-04T02:12:06.8697204Z,14CA0000,40118,1100,533,340,700,340,700,2,340,110,True,False,0
2026-10-04T02:12:06.8857764Z,14CA0000,40118,1100,533,340,700,340,700,2,340,110,True,False,0
2026-10-04T02:12:06.9008907Z,14CA0000,40118,1100,533,340,700,340,700,2,340,110,True,False,0
2026-10-04T02:12:06.9157703Z,14CA0000,40118,1100,533,340,700,340,700,2,340,110,True,False,0
2026-10-04T02:12:06.9318056Z,14CA0000,40118,1100,533,340,700,340,700,2,340,110,True,False,0
2026-10-04T02:12:06.9477878Z,14CA0000,40118,1100,533,340,700,340,700,2,340,110,True,False,0
2026-10-04T02:12:06.9637666Z,14CA0000,40118,1100,533,340,700,340,700,2,340,110,True,False,0
2026-10-04T02:12:06.9788407Z,14CA0000,40118,1100,533,340,700,340,700,2,340,110,True,False,0
2026-10-04T02:12:06.9937657Z,14CA0000,40118,1100,533,340,700,340,700,2,340,110,True,False,0
2026-10-04T02:12:07.0097862Z,14CA0000,40118,1100,533,340,700,340,700,2,340,110,True,False,0
2026-10-04T02:12:07.0247526Z,14CA0000,40118,1100,533,340,700,340,700,2,340,110,True,False,0
2026-10-04T02:12:07.0397688Z,14CA0000,40118,1100,533,340,700,340,700,2,340,110,True,False,0
2026-10-04T02:12:07.0557695Z,14CA0000,40118,1100,533,340,700,340,700,2,340,110,True,False,0
2026-10-04T02:12:07.0717698Z,14CA0000,40118,1100,533,340,700,340,700,2,340,110,True,False,0
2026-10-04T02:12:07.0877838Z,14CA0000,40118,1100,533,340,700,340,700,2,340,110,True,False,0
2026-10-04T02:12:07.1037962Z,14CA0000,40118,1100,533,340,700,340,700,2,340,110,True,False,0
2026-10-04T02:12:07.1197434Z,14CA0000,40118,1100,533,340,700,340,700,2,340,110,True,False,0
2026-10-04T02:12:07.1347501Z,14CA0000,40118,1100,533,340,700,340,700,2,340,110,True,False,0
2026-10-04T02:12:07.1497769Z,14CA0000,40118,1100,533,340,700,340,700,2,340,110,True,False,0
2026-10-04T02:12:07.1657342Z,14CA0000,40118,1100,533,340,700,340,700,2,340,110,True,False,0
2026-10-04T02:12:07.1817956Z,14CA0000,40118,1100,533,340,700,340,700,2,340,110,True,False,0
2026-10-04T02:12:07.1967270Z,14CA0000,40118,1100,533,340,700,340,700,2,340,110,True,False,0
2026-10-04T02:12:07.2127554Z,14CA0000,40118,1100,533,340,700,340,700,2,340,110,True,False,0
2026-10-04T02:12:07.2277405Z,14CA0000,40118,1100,533,340,700,340,700,2,340,110,True,False,0
2026-10-04T02:12:07.2437242Z,14CA0000,40118,1100,533,340,700,340,700,2,340,110,True,False,0
2026-10-04T02:12:07.2597695Z,14CA0000,40118,1100,533,340,700,340,700,2,340,110,True,False,0
2026-10-04T02:12:07.2757652Z,14CA0000,40118,1100,533,340,700,340,700,2,340,110,True,False,0
2026-10-04T02:12:07.2907588Z,14CA0000,40118,1100,533,340,700,340,700,2,340,110,True,False,0
2026-10-04T02:12:07.3057839Z,14CA0000,40118,1100,533,340,700,340,700,2,340,110,True,False,0
2026-10-04T02:12:07.3217632Z,14CA0000,40118,1100,533,340,700,340,700,2,340,110,True,False,0
2026-10-04T02:12:07.3377658Z,14CA0000,40118,1100,533,340,700,340,700,2,340,110,True,False,0
2026-10-04T02:12:07.3537677Z,14CA0000,40118,1100,533,340,700,340,700,2,340,110,True,False,0
2026-10-04T02:12:07.3697764Z,14CA0000,40118,1100,533,340,700,340,700,2,340,110,True,False,0
2026-10-04T02:12:07.3857665Z,14CA0000,40118,1100,533,340,700,340,700,2,340,110,True,False,0
2026-10-04T02:12:07.4007465Z,14CA0000,40118,1100,533,340,700,340,700,2,340,110,True,False,0
2026-10-04T02:12:07.4159742Z,14CA0000,40118,1100,533,340,700,340,700,2,340,110,True,False,0
2026-10-04T02:12:07.4318059Z,14CA0000,40118,1100,533,340,700,340,700,2,340,110,True,False,0
2026-10-04T02:12:07.4480912Z,14CA0000,40118,1100,533,340,700,340,700,2,340,110,True,False,0
2026-10-04T02:12:07.4638040Z,14CA0000,40118,1100,533,340,700,340,700,2,340,110,True,False,0
2026-10-04T02:12:07.4798280Z,14CA0000,40118,1100,533,340,700,340,700,2,340,110,True,False,0
2026-10-04T02:12:07.4958165Z,14CA0000,40118,1100,533,340,700,340,700,2,340,110,True,False,0
2026-10-04T02:12:07.5118213Z,14CA0000,40118,1100,533,340,700,340,700,2,340,110,True,False,0
2026-10-04T02:12:07.5272784Z,14CA0000,40118,1100,533,340,700,340,700,2,340,110,True,False,0
2026-10-04T02:12:07.5432860Z,14CA0000,40118,1100,533,340,700,340,700,2,340,110,True,False,0
2026-10-04T02:12:07.5594687Z,14CA0000,40118,1100,533,340,700,340,700,2,340,110,True,False,0
2026-10-04T02:12:07.5752863Z,14CA0000,40118,1100,533,340,700,340,700,2,340,110,True,False,0
2026-10-04T02:12:07.5913440Z,14CA0000,40118,1100,533,340,700,340,700,2,340,110,True,False,0
2026-10-04T02:12:07.6073239Z,14CA0000,40118,1100,533,340,700,340,700,2,340,110,True,False,0
2026-10-04T02:12:07.6233248Z,14CA0000,40118,1100,533,340,700,340,700,2,340,110,True,False,0
2026-10-04T02:12:07.6392951Z,14CA0000,40118,1100,533,340,700,340,700,2,340,110,True,False,0
2026-10-04T02:12:07.6542657Z,14CA0000,40118,1100,533,340,700,340,700,2,340,110,True,False,0
2026-10-04T02:12:07.6702877Z,14CA0000,40118,1100,533,340,700,340,700,2,340,110,True,False,0
2026-10-04T02:12:07.6853108Z,14CA0000,40118,1100,533,340,700,340,700,2,340,110,True,False,0
2026-10-04T02:12:07.7013744Z,14CA0000,40118,1100,533,340,700,340,700,2,340,110,True,False,0
2026-10-04T02:12:07.7174548Z,14CA0000,40118,1100,533,340,700,340,700,2,340,110,True,False,0
2026-10-04T02:12:07.7323439Z,14CA0000,40118,1100,533,340,700,340,700,2,340,110,True,False,0
2026-10-04T02:12:07.7482919Z,14CA0000,40118,1100,533,340,700,340,700,2,340,110,True,False,0
2026-10-04T02:12:07.7633506Z,14CA0000,40118,1100,533,340,700,340,700,2,340,110,True,False,0
2026-10-04T02:12:07.7788050Z,14CA0000,40118,1100,533,340,700,340,700,2,340,110,True,False,0
2026-10-04T02:12:07.7948157Z,14CA0000,40118,1100,533,340,700,340,700,2,340,110,True,False,0
2026-10-04T02:12:07.8098312Z,14CA0000,40118,1100,533,340,700,340,700,2,340,110,True,False,0
2026-10-04T02:12:07.8257886Z,14CA0000,40118,1100,533,340,700,340,700,2,340,110,True,False,0
2026-10-04T02:12:07.8413456Z,14CA0000,40118,1100,533,340,700,340,700,2,340,110,True,False,0
2026-10-04T02:12:07.8563725Z,14CA0000,40118,1100,533,340,700,340,700,2,340,110,True,False,0
2026-10-04T02:12:07.8723360Z,14CA0000,40118,1100,533,340,700,340,700,2,340,110,True,False,0
2026-10-04T02:12:07.8872683Z,14CA0000,40118,1100,533,340,700,340,700,2,340,110,True,False,0
2026-10-04T02:12:07.9031964Z,14CA0000,40118,1100,533,340,700,340,700,2,340,110,True,False,0
2026-10-04T02:12:07.9191996Z,14CA0000,40118,1100,533,340,700,340,700,2,340,110,True,False,0
2026-10-04T02:12:07.9342754Z,14CA0000,40118,1100,533,340,700,340,700,2,340,110,True,False,0
2026-10-04T02:12:07.9502395Z,14CA0000,40118,1100,533,340,700,340,700,2,340,110,True,False,0
2026-10-04T02:12:07.9652384Z,14CA0000,40118,1100,533,340,700,340,700,2,340,110,True,False,0
2026-10-04T02:12:07.9807179Z,14CA0000,40118,1100,533,340,700,340,700,2,340,110,True,False,0
2026-10-04T02:12:07.9967102Z,14CA0000,40118,1100,533,340,700,340,700,2,340,110,True,False,0
2026-10-04T02:12:08.0126206Z,14CA0000,40118,1100,533,340,700,340,700,2,340,110,True,False,0
2026-10-04T02:12:08.0275696Z,14CA0000,40118,1100,533,340,700,340,700,2,340,110,True,False,0
2026-10-04T02:12:08.0435794Z,14CA0000,40118,1100,533,340,700,340,700,2,340,110,True,False,0
2026-10-04T02:12:08.0595653Z,14CA0000,40118,1100,533,340,700,340,700,2,340,110,True,False,0
2026-10-04T02:12:08.0746034Z,14CA0000,40118,1100,533,340,700,340,700,2,340,110,True,False,0
2026-10-04T02:12:08.0901238Z,14CA0000,40118,1100,533,340,700,340,700,2,340,110,True,False,0
2026-10-04T02:12:08.1061389Z,14CA0000,40118,1100,533,340,700,340,700,2,340,110,True,False,0
2026-10-04T02:12:08.1221052Z,14CA0000,40118,1100,533,340,700,340,700,2,340,110,True,False,0
2026-10-04T02:12:08.1371242Z,14CA0000,40118,1100,533,340,700,340,700,2,340,110,True,False,0
2026-10-04T02:12:08.1531142Z,14CA0000,40118,1100,533,340,700,340,700,2,340,110,True,False,0
2026-10-04T02:12:08.1682108Z,14CA0000,40118,1100,533,340,700,340,700,2,340,110,True,False,0
2026-10-04T02:12:08.1837264Z,14CA0000,40118,1100,533,340,700,340,700,2,340,110,True,False,0
2026-10-04T02:12:08.1996923Z,14CA0000,40118,1100,533,340,700,340,700,2,340,110,True,False,0
2026-10-04T02:12:08.2158593Z,14CA0000,40118,1100,533,340,700,340,700,2,340,110,True,False,0
2026-10-04T02:12:08.2316946Z,14CA0000,40118,1100,533,340,700,340,700,2,340,110,True,False,0
2026-10-04T02:12:08.2476789Z,14CA0000,40118,1100,533,340,700,340,700,2,340,110,True,False,0
2026-10-04T02:12:08.2637038Z,14CA0000,40118,1100,533,340,700,340,700,2,340,110,True,False,0
2026-10-04T02:12:08.2791030Z,14CA0000,40118,1100,533,340,700,340,700,2,340,110,True,False,0
2026-10-04T02:12:08.2940978Z,14CA0000,40118,1100,533,340,700,340,700,2,340,110,True,False,0
2026-10-04T02:12:08.3101503Z,14CA0000,40118,1100,533,340,700,340,700,2,340,110,True,False,0
2026-10-04T02:12:08.3262230Z,14CA0000,40118,1100,533,340,700,340,700,2,340,110,True,False,0
2026-10-04T02:12:08.3411030Z,14CA0000,40118,1100,533,340,700,340,700,2,340,110,True,False,0
2026-10-04T02:12:08.3561530Z,14CA0000,40118,1100,533,340,700,340,700,2,340,110,True,False,0
2026-10-04T02:12:08.3721125Z,14CA0000,40118,1100,533,340,700,340,700,2,340,110,True,False,0
2026-10-04T02:12:08.3881827Z,14CA0000,40118,1100,533,340,700,340,700,2,340,110,True,False,0
2026-10-04T02:12:08.4040940Z,14CA0000,40118,1100,533,340,700,340,700,2,340,110,True,False,0
2026-10-04T02:12:08.4201402Z,14CA0000,40118,1100,533,340,700,340,700,2,340,110,True,False,0
2026-10-04T02:12:08.4361100Z,14CA0000,40118,1100,533,340,700,340,700,2,340,110,True,False,0
2026-10-04T02:12:08.4521077Z,14CA0000,40118,1100,533,340,700,340,700,2,340,110,True,False,0
2026-10-04T02:12:08.4681287Z,14CA0000,40118,1100,533,340,700,340,700,2,340,110,True,False,0
2026-10-04T02:12:08.4831746Z,14CA0000,40118,1100,533,340,700,340,700,2,340,110,True,False,0
2026-10-04T02:12:08.4980921Z,14CA0000,40118,1100,533,340,700,340,700,2,340,110,True,False,0
2026-10-04T02:12:08.5141183Z,14CA0000,40118,1100,533,340,700,340,700,2,340,110,True,False,0
2026-10-04T02:12:08.5300973Z,14CA0000,40118,1100,533,340,700,340,700,2,340,110,True,False,0
2026-10-04T02:12:08.5461559Z,14CA0000,40118,1100,533,340,700,340,700,2,340,110,True,False,0
2026-10-04T02:12:08.5611319Z,14CA0000,40118,1100,533,340,700,340,700,2,340,110,True,False,0
2026-10-04T02:12:08.5761198Z,14CA0000,40118,1100,533,340,700,340,700,2,340,110,True,False,0
2026-10-04T02:12:08.5921210Z,14CA0000,40118,1100,533,340,700,340,700,2,340,110,True,False,0
2026-10-04T02:12:08.6080863Z,14CA0000,40118,1100,533,340,700,340,700,2,340,110,True,False,0
2026-10-04T02:12:08.6231067Z,14CA0000,40118,1100,533,340,700,340,700,2,340,110,True,False,0
2026-10-04T02:12:08.6391525Z,14CA0000,40118,1100,533,340,700,340,700,2,340,110,True,False,0
2026-10-04T02:12:08.6541109Z,14CA0000,40118,1100,533,340,700,340,700,2,340,110,True,False,0
2026-10-04T02:12:08.6701072Z,14CA0000,40118,1100,533,340,700,340,700,2,340,110,True,False,0
2026-10-04T02:12:08.6861071Z,14CA0000,40118,1100,533,340,700,340,700,2,340,110,True,False,0
2026-10-04T02:12:08.7020764Z,14CA0000,40118,1100,533,340,700,340,700,2,340,110,True,False,0
2026-10-04T02:12:08.7181033Z,14CA0000,40118,1100,533,340,700,340,700,2,340,110,True,False,0
2026-10-04T02:12:08.7330839Z,14CA0000,40118,1100,533,340,700,340,700,2,340,110,True,False,0
2026-10-04T02:12:08.7491188Z,14CA0000,40118,1100,533,340,700,340,700,2,340,110,True,False,0
2026-10-04T02:12:08.7640964Z,14CA0000,40118,1100,533,340,700,340,700,2,340,110,True,False,0
2026-10-04T02:12:08.7800764Z,14CA0000,40118,1100,533,340,700,340,700,2,340,110,True,False,0
2026-10-04T02:12:08.7950874Z,14CA0000,40118,1100,533,340,700,340,700,2,340,110,True,False,0
2026-10-04T02:12:08.8101922Z,14CA0000,40118,1100,533,340,700,340,700,2,340,110,True,False,0
2026-10-04T02:12:08.8250921Z,14CA0000,40118,1100,533,340,700,340,700,2,340,110,True,False,0
2026-10-04T02:12:08.8411026Z,14CA0000,40118,1100,533,340,700,340,700,2,340,110,True,False,0
2026-10-04T02:12:08.8561993Z,14CA0000,40118,1100,533,340,700,340,700,2,340,110,True,False,0
2026-10-04T02:12:08.8722770Z,14CA0000,40118,1100,533,340,700,340,700,2,340,110,True,False,0
2026-10-04T02:12:08.8882438Z,14CA0000,40118,1100,533,340,700,340,700,2,340,110,True,False,0
2026-10-04T02:12:08.9041702Z,14CA0000,40118,1100,533,340,700,340,700,2,340,110,True,False,0
2026-10-04T02:12:08.9201754Z,14CA0000,40118,1100,533,340,700,340,700,2,340,110,True,False,0
2026-10-04T02:12:08.9351433Z,14CA0000,40118,1100,533,340,700,340,700,2,340,110,True,False,0
2026-10-04T02:12:08.9501109Z,14CA0000,40118,1100,533,340,700,340,700,2,340,110,True,False,0
2026-10-04T02:12:08.9661137Z,14CA0000,40118,1100,533,340,700,340,700,2,340,110,True,False,0
2026-10-04T02:12:08.9823085Z,14CA0000,40118,1100,533,340,700,340,700,2,340,110,True,False,0
2026-10-04T02:12:08.9976938Z,14CA0000,40118,1100,533,340,700,340,700,2,340,110,True,False,0
2026-10-04T02:12:09.0137272Z,14CA0000,40118,1100,533,340,700,340,700,2,340,110,True,False,0
2026-10-04T02:12:09.0297070Z,14CA0000,40118,1100,533,340,700,340,700,2,340,110,True,False,0
2026-10-04T02:12:09.0457470Z,14CA0000,40118,1100,533,340,700,340,700,2,340,110,True,False,0
2026-10-04T02:12:09.0616871Z,14CA0000,40118,1100,533,340,700,340,700,2,340,110,True,False,0
2026-10-04T02:12:09.0777327Z,14CA0000,40118,1100,533,340,700,340,700,2,340,110,True,False,0
2026-10-04T02:12:09.0937715Z,14CA0000,40118,1100,533,340,700,340,700,2,340,110,True,False,0
2026-10-04T02:12:09.1097207Z,14CA0000,40118,1100,533,340,700,340,700,2,340,110,True,False,0
2026-10-04T02:12:09.1257265Z,14CA0000,40118,1100,533,340,700,340,700,2,340,110,True,False,0
2026-10-04T02:12:09.1418355Z,14CA0000,40118,1100,533,340,700,340,700,2,340,110,True,False,0
2026-10-04T02:12:09.1567713Z,14CA0000,40118,1100,533,340,700,340,700,2,340,110,True,False,0
2026-10-04T02:12:09.1717420Z,14CA0000,40118,1100,533,340,700,340,700,2,340,110,True,False,0
2026-10-04T02:12:09.1874562Z,14CA0000,40118,1100,533,340,700,340,700,2,340,110,True,False,0
2026-10-04T02:12:09.2033482Z,14CA0000,40118,1100,533,340,700,340,700,2,340,110,True,False,0
2026-10-04T02:12:09.2192264Z,14CA0000,40118,1100,533,340,700,340,700,2,340,110,True,False,0
2026-10-04T02:12:09.2342689Z,14CA0000,40118,1100,533,340,700,340,700,2,340,110,True,False,0
2026-10-04T02:12:09.2492429Z,14CA0000,40118,1100,533,340,700,340,700,2,340,110,True,False,0
2026-10-04T02:12:09.2642250Z,14CA0000,40118,1100,533,340,700,340,700,2,340,110,True,False,0
2026-10-04T02:12:09.2803827Z,14CA0000,40118,1100,533,340,700,340,700,2,340,110,True,False,0
2026-10-04T02:12:09.2952535Z,14CA0000,40118,1100,533,340,700,340,700,2,340,110,True,False,0
2026-10-04T02:12:09.3113051Z,14CA0000,40118,1100,533,340,700,340,700,2,340,110,True,False,0
2026-10-04T02:12:09.3272346Z,14CA0000,40118,1100,533,340,700,340,700,2,340,110,True,False,0
2026-10-04T02:12:09.3432487Z,14CA0000,40118,1100,533,340,700,340,700,2,340,110,True,False,0
2026-10-04T02:12:09.3592520Z,14CA0000,40118,1100,533,340,700,340,700,2,340,110,True,False,0
2026-10-04T02:12:09.3752287Z,14CA0000,40118,1100,533,340,700,340,700,2,340,110,True,False,0
2026-10-04T02:12:09.3902566Z,14CA0000,40118,1100,533,340,700,340,700,2,340,110,True,False,0
2026-10-04T02:12:09.4051844Z,14CA0000,40118,1100,533,340,700,340,700,2,340,110,True,False,0
2026-10-04T02:12:09.4213131Z,14CA0000,40118,1100,533,340,700,340,700,2,340,110,True,False,0
2026-10-04T02:12:09.4372368Z,14CA0000,40118,1100,533,340,700,340,700,2,340,110,True,False,0
2026-10-04T02:12:09.4522502Z,14CA0000,40118,1100,533,340,700,340,700,2,340,110,True,False,0
2026-10-04T02:12:09.4671954Z,14CA0000,40118,1100,533,340,700,340,700,2,340,110,True,False,0
2026-10-04T02:12:09.4832155Z,14CA0000,40118,1100,533,340,700,340,700,2,340,110,True,False,0
2026-10-04T02:12:09.4992339Z,14CA0000,40118,1100,533,340,700,340,700,2,340,110,True,False,0
2026-10-04T02:12:09.5152756Z,14CA0000,40118,1100,533,340,700,340,700,2,340,110,True,False,0
2026-10-04T02:12:09.5312492Z,14CA0000,40118,1100,533,340,700,340,700,2,340,110,True,False,0
2026-10-04T02:12:09.5462200Z,14CA0000,40118,1100,533,340,700,340,700,2,340,110,True,False,0
2026-10-04T02:12:09.5612177Z,14CA0000,40118,1100,533,340,700,340,700,2,340,110,True,False,0
2026-10-04T02:12:09.5772651Z,14CA0000,40118,1100,533,340,700,340,700,2,340,110,True,False,0
2026-10-04T02:12:09.5923779Z,14CA0000,40118,1100,533,340,700,340,700,2,340,110,True,False,0
2026-10-04T02:12:09.6072272Z,14CA0000,40118,1100,533,340,700,340,700,2,340,110,True,False,0
2026-10-04T02:12:09.6232810Z,14CA0000,40118,1100,533,340,700,340,700,2,340,110,True,False,0
2026-10-04T02:12:09.6393668Z,14CA0000,40118,1100,533,340,700,340,700,2,340,110,True,False,0
2026-10-04T02:12:09.6552297Z,14CA0000,40118,1100,533,340,700,340,700,2,340,110,True,False,0
2026-10-04T02:12:09.6713432Z,14CA0000,40118,1100,533,340,700,340,700,2,340,110,True,False,0
2026-10-04T02:12:09.6872536Z,14CA0000,40118,1100,533,340,700,340,700,2,340,110,True,False,0
2026-10-04T02:12:09.7033374Z,14CA0000,40118,1100,533,340,700,340,700,2,340,110,True,False,0
2026-10-04T02:12:09.7192367Z,14CA0000,40118,1100,533,340,700,340,700,2,340,110,True,False,0
2026-10-04T02:12:09.7344031Z,14CA0000,40118,1100,533,340,700,340,700,2,340,110,True,False,0
2026-10-04T02:12:09.7492462Z,14CA0000,40118,1100,533,340,700,340,700,2,340,110,True,False,0
2026-10-04T02:12:09.7642699Z,14CA0000,40118,1100,533,340,700,340,700,2,340,110,True,False,0
2026-10-04T02:12:09.7802537Z,14CA0000,40118,1100,533,340,700,340,700,2,340,110,True,False,0
2026-10-04T02:12:09.7952708Z,14CA0000,40118,1100,533,340,700,340,700,2,340,110,True,False,0
2026-10-04T02:12:09.8113044Z,14CA0000,40118,1100,533,340,700,340,700,2,340,110,True,False,0
2026-10-04T02:12:09.8272757Z,14CA0000,40118,1100,533,340,700,340,700,2,340,110,True,False,0
2026-10-04T02:12:09.8428899Z,14CA0000,40118,1100,533,340,700,340,700,2,340,110,True,False,0
2026-10-04T02:12:09.8589351Z,14CA0000,40118,1100,533,340,700,340,700,2,340,110,True,False,0
2026-10-04T02:12:09.8748719Z,14CA0000,40118,1100,533,340,700,340,700,2,340,110,True,False,0
2026-10-04T02:12:09.8908923Z,14CA0000,40118,1100,533,340,700,340,700,2,340,110,True,False,0
2026-10-04T02:12:09.9064215Z,14CA0000,40118,1100,533,340,700,340,700,2,340,110,True,False,0
2026-10-04T02:12:09.9225184Z,14CA0000,40118,1100,533,340,700,340,700,2,340,110,True,False,0
2026-10-04T02:12:09.9384220Z,14CA0000,40118,1100,533,340,700,340,700,2,340,110,True,False,0
2026-10-04T02:12:09.9545653Z,14CA0000,40118,1100,533,340,700,340,700,2,340,110,True,False,0
2026-10-04T02:12:09.9694453Z,14CA0000,40118,1100,533,340,700,340,700,2,340,110,True,False,0
2026-10-04T02:12:09.9844380Z,14CA0000,40118,1100,533,340,700,340,700,2,340,110,True,False,0
2026-10-04T02:12:10.0003855Z,14CA0000,40118,1100,533,340,700,340,700,2,340,110,True,False,0
2026-10-04T02:12:10.0164250Z,14CA0000,40118,1100,533,340,700,340,700,2,340,110,True,False,0
2026-10-04T02:12:10.0313949Z,14CA0000,40118,1100,533,340,700,340,700,2,340,110,True,False,0
2026-10-04T02:12:10.0463942Z,14CA0000,40118,1100,533,340,700,340,700,2,340,110,True,False,0
2026-10-04T02:12:10.0614320Z,14CA0000,40118,1100,533,340,700,340,700,2,340,110,True,False,0
2026-10-04T02:12:10.0763861Z,14CA0000,40118,1100,533,340,700,340,700,2,340,110,True,False,0
2026-10-04T02:12:10.0923747Z,14CA0000,40118,1100,533,340,700,340,700,2,340,110,True,False,0
2026-10-04T02:12:10.1083895Z,14CA0000,40118,1100,533,340,700,340,700,2,340,110,True,False,0
2026-10-04T02:12:10.1234122Z,14CA0000,40118,1100,533,340,700,340,700,2,340,110,True,False,0
2026-10-04T02:12:10.1384241Z,14CA0000,40118,1100,533,340,700,340,700,2,340,110,True,False,0
2026-10-04T02:12:10.1544173Z,14CA0000,40118,1100,533,340,700,340,700,2,340,110,True,False,0
2026-10-04T02:12:10.1703804Z,14CA0000,40118,1100,533,340,700,340,700,2,340,110,True,False,0
2026-10-04T02:12:10.1864532Z,14CA0000,40118,1100,533,340,700,340,700,2,340,110,True,False,0
2026-10-04T02:12:10.2014653Z,14CA0000,40118,1100,533,340,700,340,700,2,340,110,True,False,0
2026-10-04T02:12:10.2163821Z,14CA0000,40118,1100,533,340,700,340,700,2,340,110,True,False,0
2026-10-04T02:12:10.2323908Z,14CA0000,40118,1100,533,340,700,340,700,2,340,110,True,False,0
2026-10-04T02:12:10.2483781Z,14CA0000,40118,1100,533,340,700,340,700,2,340,110,True,False,0
2026-10-04T02:12:10.2643807Z,14CA0000,40118,1100,533,340,700,340,700,2,340,110,True,False,0
2026-10-04T02:12:10.2804111Z,14CA0000,40118,1100,533,340,700,340,700,2,340,110,True,False,0
2026-10-04T02:12:10.2959866Z,14CA0000,40118,1100,533,340,700,340,700,2,340,110,True,False,0
2026-10-04T02:12:10.3120204Z,14CA0000,40118,1100,533,340,700,340,700,2,340,110,True,False,0
2026-10-04T02:12:10.3279469Z,14CA0000,40118,1100,533,340,700,340,700,2,340,110,True,False,0
2026-10-04T02:12:10.3439598Z,14CA0000,40118,1100,533,340,700,340,700,2,340,110,True,False,0
2026-10-04T02:12:10.3599942Z,14CA0000,40118,1100,533,340,700,340,700,2,340,110,True,False,0
2026-10-04T02:12:10.3759783Z,14CA0000,40118,1100,533,340,700,340,700,2,340,110,True,False,0
2026-10-04T02:12:10.3920739Z,14CA0000,40118,1100,533,340,700,340,700,2,340,110,True,False,0
2026-10-04T02:12:10.4075147Z,14CA0000,40118,1100,533,340,700,340,700,2,340,110,True,False,0
2026-10-04T02:12:10.4236519Z,14CA0000,40118,1100,533,340,700,340,700,2,340,110,True,False,0
2026-10-04T02:12:10.4394902Z,14CA0000,40118,1100,533,340,700,340,700,2,340,110,True,False,0
2026-10-04T02:12:10.4545097Z,14CA0000,40118,1100,533,340,700,340,700,2,340,110,True,False,0
2026-10-04T02:12:10.4704105Z,14CA0000,40118,1100,533,340,700,340,700,2,340,110,True,False,0
2026-10-04T02:12:10.4854986Z,14CA0000,40118,1100,533,340,700,340,700,2,340,110,True,False,0
2026-10-04T02:12:10.5016637Z,14CA0000,40118,1100,533,340,700,340,700,2,340,110,True,False,0
2026-10-04T02:12:10.5180607Z,14CA0000,40118,1100,533,340,700,340,700,2,340,110,True,False,0
2026-10-04T02:12:10.5334365Z,14CA0000,40118,1100,533,340,700,340,700,2,340,110,True,False,0
2026-10-04T02:12:10.5494730Z,14CA0000,40118,1100,533,340,700,340,700,2,340,110,True,False,0
2026-10-04T02:12:10.5644376Z,14CA0000,40118,1100,533,340,700,340,700,2,340,110,True,False,0
2026-10-04T02:12:10.5804313Z,14CA0000,40118,1100,533,340,700,340,700,2,340,110,True,False,0
2026-10-04T02:12:10.5954170Z,14CA0000,40118,1100,533,340,700,340,700,2,340,110,True,False,0
2026-10-04T02:12:10.6116091Z,14CA0000,40118,1100,533,340,700,340,700,2,340,110,True,False,0
2026-10-04T02:12:10.6274264Z,14CA0000,40118,1100,533,340,700,340,700,2,340,110,True,False,0
2026-10-04T02:12:10.6434441Z,14CA0000,40118,1100,533,340,700,340,700,2,340,110,True,False,0
2026-10-04T02:12:10.6594113Z,14CA0000,40118,1100,533,340,700,340,700,2,340,110,True,False,0
2026-10-04T02:12:10.6744446Z,14CA0000,40118,1100,533,340,700,340,700,2,340,110,True,False,0
2026-10-04T02:12:10.6894141Z,14CA0000,40118,1100,533,340,700,340,700,2,340,110,True,False,0
2026-10-04T02:12:10.7055370Z,14CA0000,40118,1100,533,340,700,340,700,2,340,110,True,False,0
2026-10-04T02:12:10.7217843Z,14CA0000,40118,1100,533,340,700,340,700,2,340,110,True,False,0
2026-10-04T02:12:10.7374358Z,14CA0000,40118,1100,533,340,700,340,700,2,340,110,True,False,0
2026-10-04T02:12:10.7534879Z,14CA0000,40118,1100,533,340,700,340,700,2,340,110,True,False,0
2026-10-04T02:12:10.7694465Z,14CA0000,40118,1100,533,340,700,340,700,2,340,110,True,False,0
2026-10-04T02:12:10.7854822Z,14CA0000,40118,1100,533,340,700,340,700,2,340,110,True,False,0
2026-10-04T02:12:10.8014969Z,14CA0000,40118,1100,533,340,700,340,700,2,340,110,True,False,0
2026-10-04T02:12:10.8175482Z,14CA0000,40118,1100,533,340,700,340,700,2,340,110,True,False,0
2026-10-04T02:12:10.8335634Z,14CA0000,40118,1100,533,340,700,340,700,2,340,110,True,False,0
2026-10-04T02:12:10.8491792Z,14CA0000,40118,1100,533,340,700,340,700,2,340,110,True,False,0
2026-10-04T02:12:10.8641696Z,14CA0000,40118,1100,533,340,700,340,700,2,340,110,True,False,0
2026-10-04T02:12:10.8801868Z,14CA0000,40118,1100,533,340,700,340,700,2,340,110,True,False,0
2026-10-04T02:12:10.8961862Z,14CA0000,40118,1100,533,340,700,340,700,2,340,110,True,False,0
2026-10-04T02:12:10.9121695Z,14CA0000,40118,1100,533,340,700,340,700,2,340,110,True,False,0
2026-10-04T02:12:10.9282502Z,14CA0000,40118,1100,533,340,700,340,700,2,340,110,True,False,0
2026-10-04T02:12:10.9444628Z,14CA0000,40118,1100,533,340,700,340,700,2,340,110,True,False,0
2026-10-04T02:12:10.9601866Z,14CA0000,40118,1100,533,340,700,340,700,2,340,110,True,False,0
2026-10-04T02:12:10.9761980Z,14CA0000,40118,1100,533,340,700,340,700,2,340,110,True,False,0
2026-10-04T02:12:10.9921848Z,14CA0000,40118,1100,533,340,700,340,700,2,340,110,True,False,0
2026-10-04T02:12:11.0071895Z,14CA0000,40118,1100,533,340,700,340,700,2,340,110,True,False,0
2026-10-04T02:12:11.0221808Z,14CA0000,40118,1100,533,340,700,340,700,2,340,110,True,False,0
2026-10-04T02:12:11.0381958Z,14CA0000,40118,1100,533,340,700,340,700,2,340,110,True,False,0
2026-10-04T02:12:11.0542089Z,14CA0000,40118,1100,533,340,700,340,700,2,340,110,True,False,0
2026-10-04T02:12:11.0701648Z,14CA0000,40118,1100,533,340,700,340,700,2,340,110,True,False,0
2026-10-04T02:12:11.0861751Z,14CA0000,40118,1100,533,340,700,340,700,2,340,110,True,False,0
2026-10-04T02:12:11.1021826Z,14CA0000,40118,1100,533,340,700,340,700,2,340,110,True,False,0
2026-10-04T02:12:11.1181906Z,14CA0000,40118,1100,533,340,700,340,700,2,340,110,True,False,0
2026-10-04T02:12:11.1341824Z,14CA0000,40118,1100,533,340,700,340,700,2,340,110,True,False,0
2026-10-04T02:12:11.1491828Z,14CA0000,40118,1100,533,340,700,340,700,2,340,110,True,False,0
2026-10-04T02:12:11.1641746Z,14CA0000,40118,1100,533,340,700,340,700,2,340,110,True,False,0
2026-10-04T02:12:11.1801824Z,14CA0000,40118,1100,533,340,700,340,700,2,340,110,True,False,0
2026-10-04T02:12:11.1961812Z,14CA0000,40118,1100,533,340,700,340,700,2,340,110,True,False,0
2026-10-04T02:12:11.2121800Z,14CA0000,40118,1100,533,340,700,340,700,2,340,110,True,False,0
2026-10-04T02:12:11.2271603Z,14CA0000,40118,1100,533,340,700,340,700,2,340,110,True,False,0
2026-10-04T02:12:11.2422606Z,14CA0000,40118,1100,533,340,700,340,700,2,340,110,True,False,0
2026-10-04T02:12:11.2582744Z,14CA0000,40118,1100,533,340,700,340,700,2,340,110,True,False,0
2026-10-04T02:12:11.2742306Z,14CA0000,40118,1100,533,340,700,340,700,2,340,110,True,False,0
2026-10-04T02:12:11.2902066Z,14CA0000,40118,1100,533,340,700,340,700,2,340,110,True,False,0
2026-10-04T02:12:11.3052873Z,14CA0000,40118,1100,533,340,700,340,700,2,340,110,True,False,0
2026-10-04T02:12:11.3203442Z,14CA0000,40118,1100,533,340,700,340,700,2,340,110,True,False,0
2026-10-04T02:12:11.3362566Z,14CA0000,40118,1100,533,340,700,340,700,2,340,110,True,False,0
2026-10-04T02:12:11.3522249Z,14CA0000,40118,1100,533,340,700,340,700,2,340,110,True,False,0
2026-10-04T02:12:11.3682183Z,14CA0000,40118,1100,533,340,700,340,700,2,340,110,True,False,0
2026-10-04T02:12:11.3833995Z,14CA0000,40118,1100,533,340,700,340,700,2,340,110,True,False,0
2026-10-04T02:12:11.3982118Z,14CA0000,40118,1100,533,340,700,340,700,2,340,110,True,False,0
2026-10-04T02:12:11.4136978Z,14CA0000,40118,1100,533,340,700,340,700,2,340,110,True,False,0
2026-10-04T02:12:11.4297266Z,14CA0000,40118,1100,533,340,700,340,700,2,340,110,True,False,0
2026-10-04T02:12:11.4446879Z,14CA0000,40118,1100,533,340,700,340,700,2,340,110,True,False,0
2026-10-04T02:12:11.4606940Z,14CA0000,40118,1100,533,340,700,340,700,2,340,110,True,False,0
2026-10-04T02:12:11.4756826Z,14CA0000,40118,1100,533,340,700,340,700,2,340,110,True,False,0
2026-10-04T02:12:11.4918658Z,14CA0000,40118,1100,533,340,700,340,700,2,340,110,True,False,0
2026-10-04T02:12:11.5068547Z,14CA0000,40118,1100,533,340,700,340,700,2,340,110,True,False,0
2026-10-04T02:12:11.5217346Z,14CA0000,40118,1100,533,340,700,340,700,2,340,110,True,False,0
2026-10-04T02:12:11.5378205Z,14CA0000,40118,1100,533,340,700,340,700,2,340,110,True,False,0
2026-10-04T02:12:11.5536941Z,14CA0000,40118,1100,533,340,700,340,700,2,340,110,True,False,0
2026-10-04T02:12:11.5697619Z,14CA0000,40118,1100,533,340,700,340,700,2,340,110,True,False,0
2026-10-04T02:12:11.5857300Z,14CA0000,40118,1100,533,340,700,340,700,2,340,110,True,False,0
2026-10-04T02:12:11.6019040Z,14CA0000,40118,1100,533,340,700,340,700,2,340,110,True,False,0
2026-10-04T02:12:11.6176831Z,14CA0000,40118,1100,533,340,700,340,700,2,340,110,True,False,0
2026-10-04T02:12:11.6337411Z,14CA0000,40118,1100,533,340,700,340,700,2,340,110,True,False,0
2026-10-04T02:12:11.6497067Z,14CA0000,40118,1100,533,340,700,340,700,2,340,110,True,False,0
2026-10-04T02:12:11.6657198Z,14CA0000,40118,1100,533,340,700,340,700,2,340,110,True,False,0
2026-10-04T02:12:11.6816773Z,14CA0000,40118,1100,533,340,700,340,700,2,340,110,True,False,0
2026-10-04T02:12:11.6977194Z,14CA0000,40118,1100,533,340,700,340,700,2,340,110,True,False,0
2026-10-04T02:12:11.7137441Z,14CA0000,40118,1100,533,340,700,340,700,2,340,110,True,False,0
2026-10-04T02:12:11.7296985Z,14CA0000,40118,1100,533,340,700,340,700,2,340,110,True,False,0
2026-10-04T02:12:11.7446884Z,14CA0000,40118,1100,533,340,700,340,700,2,340,110,True,False,0
2026-10-04T02:12:11.7597097Z,14CA0000,40118,1100,533,340,700,340,700,2,340,110,True,False,0
2026-10-04T02:12:11.7746895Z,14CA0000,40118,1100,533,340,700,340,700,2,340,110,True,False,0
2026-10-04T02:12:11.7906810Z,14CA0000,40118,1100,533,340,700,340,700,2,340,110,True,False,0
2026-10-04T02:12:11.8057823Z,14CA0000,40118,1100,533,340,700,340,700,2,340,110,True,False,0
2026-10-04T02:12:11.8206990Z,14CA0000,40118,1100,533,340,700,340,700,2,340,110,True,False,0
2026-10-04T02:12:11.8367097Z,14CA0000,40118,1100,533,340,700,340,700,2,340,110,True,False,0
2026-10-04T02:12:11.8516955Z,14CA0000,40118,1100,533,340,700,340,700,2,340,110,True,False,0
2026-10-04T02:12:11.8667747Z,14CA0000,40118,1100,533,340,700,340,700,2,340,110,True,False,0
2026-10-04T02:12:11.8827232Z,14CA0000,40118,1100,533,340,700,340,700,2,340,110,True,False,0
2026-10-04T02:12:11.8976822Z,14CA0000,40118,1100,533,340,700,340,700,2,340,110,True,False,0
2026-10-04T02:12:11.9138579Z,14CA0000,40118,1100,533,340,700,340,700,2,340,110,True,False,0
2026-10-04T02:12:11.9297541Z,14CA0000,40118,1100,533,340,700,340,700,2,340,110,True,False,0
2026-10-04T02:12:11.9452956Z,14CA0000,40118,1100,533,340,700,340,700,2,340,110,True,False,0
2026-10-04T02:12:11.9597452Z,14CA0000,40118,1100,533,340,700,340,700,2,340,110,True,False,0
2026-10-04T02:12:11.9758013Z,14CA0000,40118,1100,533,340,700,340,700,2,340,110,True,False,0
2026-10-04T02:12:11.9917628Z,14CA0000,40118,1100,533,340,700,340,700,2,340,110,True,False,0
2026-10-04T02:12:12.0078328Z,14CA0000,40118,1100,533,340,700,340,700,2,340,110,True,False,0
2026-10-04T02:12:12.0238067Z,14CA0000,40118,1100,533,340,700,340,700,2,340,110,True,False,0
2026-10-04T02:12:12.0399454Z,14CA0000,40118,1100,533,340,700,340,700,2,340,110,True,False,0
2026-10-04T02:12:12.0558039Z,14CA0000,40118,1100,533,340,700,340,700,2,340,110,True,False,0
2026-10-04T02:12:12.0707389Z,14CA0000,40118,1100,533,340,700,340,700,2,340,110,True,False,0
2026-10-04T02:12:12.0857264Z,14CA0000,40118,1100,533,340,700,340,700,2,340,110,True,False,0
2026-10-04T02:12:12.1016777Z,14CA0000,40118,1100,533,340,700,340,700,2,340,110,True,False,0
2026-10-04T02:12:12.1172199Z,14CA0000,40118,1100,533,340,700,340,700,2,340,110,True,False,0
2026-10-04T02:12:12.1332094Z,14CA0000,40118,1100,533,340,700,340,700,2,340,110,True,False,0
2026-10-04T02:12:12.1493996Z,14CA0000,40118,1100,533,340,700,340,700,2,340,110,True,False,0
2026-10-04T02:12:12.1644615Z,14CA0000,40118,1100,533,340,700,340,700,2,340,110,True,False,0
2026-10-04T02:12:12.1803363Z,14CA0000,40118,1100,533,340,700,340,700,2,340,110,True,False,0
2026-10-04T02:12:12.1952735Z,14CA0000,40118,1100,533,340,700,340,700,2,340,110,True,False,0
2026-10-04T02:12:12.2113125Z,14CA0000,40118,1100,533,340,700,340,700,2,340,110,True,False,0
2026-10-04T02:12:12.2272872Z,14CA0000,40118,1100,533,340,700,340,700,2,340,110,True,False,0
2026-10-04T02:12:12.2422706Z,14CA0000,40118,1100,533,340,700,340,700,2,340,110,True,False,0
2026-10-04T02:12:12.2573676Z,14CA0000,40118,1100,533,340,700,340,700,2,340,110,True,False,0
2026-10-04T02:12:12.2732607Z,14CA0000,40118,1100,533,340,700,340,700,2,340,110,True,False,0
2026-10-04T02:12:12.2892429Z,14CA0000,40118,1100,533,340,700,340,700,2,340,110,True,False,0
2026-10-04T02:12:12.3052491Z,14CA0000,40118,1100,533,340,700,340,700,2,340,110,True,False,0
2026-10-04T02:12:12.3212282Z,14CA0000,40118,1100,533,340,700,340,700,2,340,110,True,False,0
2026-10-04T02:12:12.3372169Z,14CA0000,40118,1100,533,340,700,340,700,2,340,110,True,False,0
2026-10-04T02:12:12.3532275Z,14CA0000,40118,1100,533,340,700,340,700,2,340,110,True,False,0
2026-10-04T02:12:12.3692103Z,14CA0000,40118,1100,533,340,700,340,700,2,340,110,True,False,0
2026-10-04T02:12:12.3852028Z,14CA0000,40118,1100,533,340,700,340,700,2,340,110,True,False,0
2026-10-04T02:12:12.4002354Z,14CA0000,40118,1100,533,340,700,340,700,2,340,110,True,False,0
2026-10-04T02:12:12.4152012Z,14CA0000,40118,1100,533,340,700,340,700,2,340,110,True,False,0
2026-10-04T02:12:12.4312534Z,14CA0000,40118,1100,533,340,700,340,700,2,340,110,True,False,0
2026-10-04T02:12:12.4471947Z,14CA0000,40118,1100,533,340,700,340,700,2,340,110,True,False,0
2026-10-04T02:12:12.4632348Z,14CA0000,40118,1100,533,340,700,340,700,2,340,110,True,False,0
2026-10-04T02:12:12.4792077Z,14CA0000,40118,1100,533,340,700,340,700,2,340,110,True,False,0
2026-10-04T02:12:12.4952810Z,14CA0000,40118,1100,533,340,700,340,700,2,340,110,True,False,0
2026-10-04T02:12:12.5112563Z,14CA0000,40118,1100,533,340,700,340,700,2,340,110,True,False,0
2026-10-04T02:12:12.5264810Z,14CA0000,40118,1100,533,340,700,340,700,2,340,110,True,False,0
2026-10-04T02:12:12.5424590Z,14CA0000,40118,1100,533,340,700,340,700,2,340,110,True,False,0
2026-10-04T02:12:12.5584689Z,14CA0000,40118,1100,533,340,700,340,700,2,340,110,True,False,0
2026-10-04T02:12:12.5734808Z,14CA0000,40118,1100,533,340,700,340,700,2,340,110,True,False,0
2026-10-04T02:12:12.5885218Z,14CA0000,40118,1100,533,340,700,340,700,2,340,110,True,False,0
2026-10-04T02:12:12.6044921Z,14CA0000,40118,1100,533,340,700,340,700,2,340,110,True,False,0
2026-10-04T02:12:12.6199531Z,14CA0000,40118,1100,533,340,700,340,700,2,340,110,True,False,0
2026-10-04T02:12:12.6359290Z,14CA0000,40118,1100,533,340,700,340,700,2,340,110,True,False,0
2026-10-04T02:12:12.6520011Z,14CA0000,40118,1100,533,340,700,340,700,2,340,110,True,False,0
2026-10-04T02:12:12.6679635Z,14CA0000,40118,1100,533,340,700,340,700,2,340,110,True,False,0
2026-10-04T02:12:12.6839928Z,14CA0000,40118,1100,533,340,700,340,700,2,340,110,True,False,0
2026-10-04T02:12:12.6999690Z,14CA0000,40118,1100,533,340,700,340,700,2,340,110,True,False,0
2026-10-04T02:12:12.7155555Z,14CA0000,40118,1100,533,340,700,340,700,2,340,110,True,False,0
2026-10-04T02:12:12.7314849Z,14CA0000,40118,1100,533,340,700,340,700,2,340,110,True,False,0
2026-10-04T02:12:12.7475042Z,14CA0000,40118,1100,533,340,700,340,700,2,340,110,True,False,0
2026-10-04T02:12:12.7634915Z,14CA0000,40118,1100,533,340,700,340,700,2,340,110,True,False,0
2026-10-04T02:12:12.7795085Z,14CA0000,40118,1100,533,340,700,340,700,2,340,110,True,False,0
2026-10-04T02:12:12.7954743Z,14CA0000,40118,1100,533,340,700,340,700,2,340,110,True,False,0
2026-10-04T02:12:12.8115109Z,14CA0000,40118,1100,533,340,700,340,700,2,340,110,True,False,0
2026-10-04T02:12:12.8275080Z,14CA0000,40118,1100,533,340,700,340,700,2,340,110,True,False,0
2026-10-04T02:12:12.8433636Z,14CA0000,40118,1100,533,340,700,340,700,2,340,110,True,False,0
2026-10-04T02:12:12.8593310Z,14CA0000,40118,1100,533,340,700,340,700,2,340,110,True,False,0
2026-10-04T02:12:12.8753373Z,14CA0000,40118,1100,533,340,700,340,700,2,340,110,True,False,0
2026-10-04T02:12:12.8913262Z,14CA0000,40118,1100,533,340,700,340,700,2,340,110,True,False,0
2026-10-04T02:12:12.9063732Z,14CA0000,40118,1100,533,340,700,340,700,2,340,110,True,False,0
2026-10-04T02:12:12.9215002Z,14CA0000,40118,1100,533,340,700,340,700,2,340,110,True,False,0
2026-10-04T02:12:12.9373411Z,14CA0000,40118,1100,533,340,700,340,700,2,340,110,True,False,0
2026-10-04T02:12:12.9533206Z,14CA0000,40118,1100,533,340,700,340,700,2,340,110,True,False,0
2026-10-04T02:12:12.9693361Z,14CA0000,40118,1100,533,340,700,340,700,2,340,110,True,False,0
2026-10-04T02:12:12.9843267Z,14CA0000,40118,1100,533,340,700,340,700,2,340,110,True,False,0
2026-10-04T02:12:12.9994449Z,14CA0000,40118,1100,533,340,700,340,700,2,340,110,True,False,0
2026-10-04T02:12:13.0143156Z,14CA0000,40118,1100,533,340,700,340,700,2,340,110,True,False,0
2026-10-04T02:12:13.0305235Z,14CA0000,40118,1100,533,340,700,340,700,2,340,110,True,False,0
2026-10-04T02:12:13.0453996Z,14CA0000,40118,1100,533,340,700,340,700,2,340,110,True,False,0
2026-10-04T02:12:13.0613453Z,14CA0000,40118,1100,533,340,700,340,700,2,340,110,True,False,0
2026-10-04T02:12:13.0773790Z,14CA0000,40118,1100,533,340,700,340,700,2,340,110,True,False,0
2026-10-04T02:12:13.0923402Z,14CA0000,40118,1100,533,340,700,340,700,2,340,110,True,False,0
2026-10-04T02:12:13.1083847Z,14CA0000,40118,1100,533,340,700,340,700,2,340,110,True,False,0
2026-10-04T02:12:13.1233943Z,14CA0000,40118,1100,533,340,700,340,700,2,340,110,True,False,0
2026-10-04T02:12:13.1394264Z,14CA0000,40118,1100,533,340,700,340,700,2,340,110,True,False,0
2026-10-04T02:12:13.1553500Z,14CA0000,40118,1100,533,340,700,340,700,2,340,110,True,False,0
2026-10-04T02:12:13.1714012Z,14CA0000,40118,1100,533,340,700,340,700,2,340,110,True,False,0
2026-10-04T02:12:13.1863889Z,14CA0000,40118,1100,533,340,700,340,700,2,340,110,True,False,0
2026-10-04T02:12:13.2013655Z,14CA0000,40118,1100,533,340,700,340,700,2,340,110,True,False,0
2026-10-04T02:12:13.2163352Z,14CA0000,40118,1100,533,340,700,340,700,2,340,110,True,False,0
2026-10-04T02:12:13.2323638Z,14CA0000,40118,1100,533,340,700,340,700,2,340,110,True,False,0
2026-10-04T02:12:13.2473499Z,14CA0000,40118,1100,533,340,700,340,700,2,340,110,True,False,0
2026-10-04T02:12:13.2633430Z,14CA0000,40118,1100,533,340,700,340,700,2,340,110,True,False,0
2026-10-04T02:12:13.2793616Z,14CA0000,40118,1100,533,340,700,340,700,2,340,110,True,False,0
2026-10-04T02:12:13.2953460Z,14CA0000,40118,1100,533,340,700,340,700,2,340,110,True,False,0
2026-10-04T02:12:13.3114042Z,14CA0000,40118,1100,533,340,700,340,700,2,340,110,True,False,0
2026-10-04T02:12:13.3273444Z,14CA0000,40118,1100,533,340,700,340,700,2,340,110,True,False,0
2026-10-04T02:12:13.3423351Z,14CA0000,40118,1100,533,340,700,340,700,2,340,110,True,False,0
2026-10-04T02:12:13.3572907Z,14CA0000,40118,1100,533,340,700,340,700,2,340,110,True,False,0
2026-10-04T02:12:13.3733926Z,14CA0000,40118,1100,533,340,700,340,700,2,340,110,True,False,0
2026-10-04T02:12:13.3893980Z,14CA0000,40118,1100,533,340,700,340,700,2,340,110,True,False,0
2026-10-04T02:12:13.4053931Z,14CA0000,40118,1100,533,340,700,340,700,2,340,110,True,False,0
2026-10-04T02:12:13.4213649Z,14CA0000,40118,1100,533,340,700,340,700,2,340,110,True,False,0
2026-10-04T02:12:13.4363646Z,14CA0000,40118,1100,533,340,700,340,700,2,340,110,True,False,0
2026-10-04T02:12:13.4523453Z,14CA0000,40118,1100,533,340,700,340,700,2,340,110,True,False,0
2026-10-04T02:12:13.4673273Z,14CA0000,40118,1100,533,340,700,340,700,2,340,110,True,False,0
2026-10-04T02:12:13.4833417Z,14CA0000,40118,1100,533,340,700,340,700,2,340,110,True,False,0
2026-10-04T02:12:13.4993421Z,14CA0000,40118,1100,533,340,700,340,700,2,340,110,True,False,0
2026-10-04T02:12:13.5153289Z,14CA0000,40118,1100,533,340,700,340,700,2,340,110,True,False,0
2026-10-04T02:12:13.5313585Z,14CA0000,40118,1100,533,340,700,340,700,2,340,110,True,False,0
2026-10-04T02:12:13.5473390Z,14CA0000,40118,1100,533,340,700,340,700,2,340,110,True,False,0
2026-10-04T02:12:13.5633376Z,14CA0000,40118,1100,533,340,700,340,700,2,340,110,True,False,0
2026-10-04T02:12:13.5793335Z,14CA0000,40118,1100,533,340,700,340,700,2,340,110,True,False,0
2026-10-04T02:12:13.5954204Z,14CA0000,40118,1100,533,340,700,340,700,2,340,110,True,False,0
2026-10-04T02:12:13.6113449Z,14CA0000,40118,1100,533,340,700,340,700,2,340,110,True,False,0
2026-10-04T02:12:13.6267976Z,14CA0000,40118,1100,533,340,700,340,700,2,340,110,True,False,0
2026-10-04T02:12:13.6427994Z,14CA0000,40118,1100,533,340,700,340,700,2,340,110,True,False,0
2026-10-04T02:12:13.6582946Z,14CA0000,40118,1100,533,340,700,340,700,2,340,110,True,False,0
2026-10-04T02:12:13.6736313Z,14CA0000,40118,1100,533,340,700,340,700,2,340,110,True,False,0
2026-10-04T02:12:13.6896090Z,14CA0000,40118,1100,533,340,700,340,700,2,340,110,True,False,0
2026-10-04T02:12:13.7056163Z,14CA0000,40118,1100,533,340,700,340,700,2,340,110,True,False,0
2026-10-04T02:12:13.7217903Z,14CA0000,40118,1100,533,340,700,340,700,2,340,110,True,False,0
2026-10-04T02:12:13.7376250Z,14CA0000,40118,1100,533,340,700,340,700,2,340,110,True,False,0
2026-10-04T02:12:13.7531440Z,14CA0000,40118,1100,533,340,700,340,700,2,340,110,True,False,0
2026-10-04T02:12:13.7690890Z,14CA0000,40118,1100,533,340,700,340,700,2,340,110,True,False,0
2026-10-04T02:12:13.7851196Z,14CA0000,40118,1100,533,340,700,340,700,2,340,110,True,False,0
2026-10-04T02:12:13.8011964Z,14CA0000,40118,1100,533,340,700,340,700,2,340,110,True,False,0
2026-10-04T02:12:13.8171254Z,14CA0000,40118,1100,533,340,700,340,700,2,340,110,True,False,0
2026-10-04T02:12:13.8331229Z,14CA0000,40118,1100,533,340,700,340,700,2,340,110,True,False,0
2026-10-04T02:12:13.8491360Z,14CA0000,40118,1100,533,340,700,340,700,2,340,110,True,False,0
2026-10-04T02:12:13.8650906Z,14CA0000,40118,1100,533,340,700,340,700,2,340,110,True,False,0
2026-10-04T02:12:13.8802757Z,14CA0000,40118,1100,533,340,700,340,700,2,340,110,True,False,0
2026-10-04T02:12:13.8952660Z,14CA0000,40118,1100,533,340,700,340,700,2,340,110,True,False,0
2026-10-04T02:12:13.9111311Z,14CA0000,40118,1100,533,340,700,340,700,2,340,110,True,False,0
2026-10-04T02:12:13.9271845Z,14CA0000,40118,1100,533,340,700,340,700,2,340,110,True,False,0
2026-10-04T02:12:13.9431592Z,14CA0000,40118,1100,533,340,700,340,700,2,340,110,True,False,0
2026-10-04T02:12:13.9591247Z,14CA0000,40118,1100,533,340,700,340,700,2,340,110,True,False,0
2026-10-04T02:12:13.9751252Z,14CA0000,40118,1100,533,340,700,340,700,2,340,110,True,False,0
2026-10-04T02:12:13.9901330Z,14CA0000,40118,1100,533,340,700,340,700,2,340,110,True,False,0
2026-10-04T02:12:14.0053278Z,14CA0000,40118,1100,533,340,700,340,700,2,340,110,True,False,0
2026-10-04T02:12:14.0211735Z,14CA0000,40118,1100,533,340,700,340,700,2,340,110,True,False,0
2026-10-04T02:12:14.0371313Z,14CA0000,40118,1100,533,340,700,340,700,2,340,110,True,False,0
2026-10-04T02:12:14.0531448Z,14CA0000,40118,1100,533,340,700,340,700,2,340,110,True,False,0
2026-10-04T02:12:14.0691421Z,14CA0000,40118,1100,533,340,700,340,700,2,340,110,True,False,0
2026-10-04T02:12:14.0851364Z,14CA0000,40118,1100,533,340,700,340,700,2,340,110,True,False,0
2026-10-04T02:12:14.1011619Z,14CA0000,40118,1100,533,340,700,340,700,2,340,110,True,False,0
2026-10-04T02:12:14.1173029Z,14CA0000,40118,1100,533,340,700,340,700,2,340,110,True,False,0
2026-10-04T02:12:14.1331374Z,14CA0000,40118,1100,533,340,700,340,700,2,340,110,True,False,0
2026-10-04T02:12:14.1491359Z,14CA0000,40118,1100,533,340,700,340,700,2,340,110,True,False,0
2026-10-04T02:12:14.1651590Z,14CA0000,40118,1100,533,340,700,340,700,2,340,110,True,False,0
2026-10-04T02:12:14.1811808Z,14CA0000,40118,1100,533,340,700,340,700,2,340,110,True,False,0
2026-10-04T02:12:14.1972041Z,14CA0000,40118,1100,533,340,700,340,700,2,340,110,True,False,0
2026-10-04T02:12:14.2131513Z,14CA0000,40118,1100,533,340,700,340,700,2,340,110,True,False,0
2026-10-04T02:12:14.2294147Z,14CA0000,40118,1100,533,340,700,340,700,2,340,110,True,False,0
2026-10-04T02:12:14.2451493Z,14CA0000,40118,1100,533,340,700,340,700,2,340,110,True,False,0
2026-10-04T02:12:14.2611511Z,14CA0000,40118,1100,533,340,700,340,700,2,340,110,True,False,0
2026-10-04T02:12:14.2771601Z,14CA0000,40118,1100,533,340,700,340,700,2,340,110,True,False,0
2026-10-04T02:12:14.2931783Z,14CA0000,40118,1100,533,340,700,340,700,2,340,110,True,False,0
2026-10-04T02:12:14.3091609Z,14CA0000,40118,1100,533,340,700,340,700,2,340,110,True,False,0
2026-10-04T02:12:14.3251555Z,14CA0000,40118,1100,533,340,700,340,700,2,340,110,True,False,0
2026-10-04T02:12:14.3401391Z,14CA0000,40118,1100,533,340,700,340,700,2,340,110,True,False,0
2026-10-04T02:12:14.3562371Z,14CA0000,40118,1100,533,340,700,340,700,2,340,110,True,False,0
2026-10-04T02:12:14.3711894Z,14CA0000,40118,1100,533,340,700,340,700,2,340,110,True,False,0
2026-10-04T02:12:14.3872382Z,14CA0000,40118,1100,533,340,700,340,700,2,340,110,True,False,0
2026-10-04T02:12:14.4031816Z,14CA0000,40118,1100,533,340,700,340,700,2,340,110,True,False,0
2026-10-04T02:12:14.4192046Z,14CA0000,40118,1100,533,340,700,340,700,2,340,110,True,False,0
2026-10-04T02:12:14.4341592Z,14CA0000,40118,1100,533,340,700,340,700,2,340,110,True,False,0
2026-10-04T02:12:14.4491856Z,14CA0000,40118,1100,533,340,700,340,700,2,340,110,True,False,0
2026-10-04T02:12:14.4641651Z,14CA0000,40118,1100,533,340,700,340,700,2,340,110,True,False,0
2026-10-04T02:12:14.4801848Z,14CA0000,40118,1100,533,340,700,340,700,2,340,110,True,False,0
2026-10-04T02:12:14.4951871Z,14CA0000,40118,1100,533,340,700,340,700,2,340,110,True,False,0
2026-10-04T02:12:14.5112200Z,14CA0000,40118,1100,533,340,700,340,700,2,340,110,True,False,0
2026-10-04T02:12:14.5271701Z,14CA0000,40118,1100,533,340,700,340,700,2,340,110,True,False,0
2026-10-04T02:12:14.5432149Z,14CA0000,40118,1100,533,340,700,340,700,2,340,110,True,False,0
2026-10-04T02:12:14.5591788Z,14CA0000,40118,1100,533,340,700,340,700,2,340,110,True,False,0
2026-10-04T02:12:14.5751618Z,14CA0000,40118,1100,533,340,700,340,700,2,340,110,True,False,0
2026-10-04T02:12:14.5902269Z,14CA0000,40118,1100,533,340,700,340,700,2,340,110,True,False,0
2026-10-04T02:12:14.6052083Z,14CA0000,40118,1100,533,340,700,340,700,2,340,110,True,False,0
2026-10-04T02:12:14.6212628Z,14CA0000,40118,1100,533,340,700,340,700,2,340,110,True,False,0
2026-10-04T02:12:14.6371725Z,14CA0000,40118,1100,533,340,700,340,700,2,340,110,True,False,0
2026-10-04T02:12:14.6531951Z,14CA0000,40118,1100,533,340,700,340,700,2,340,110,True,False,0
2026-10-04T02:12:14.6691893Z,14CA0000,40118,1100,533,340,700,340,700,2,340,110,True,False,0
2026-10-04T02:12:14.6841895Z,14CA0000,40118,1100,533,340,700,340,700,2,340,110,True,False,0
2026-10-04T02:12:14.7002290Z,14CA0000,40118,1100,533,340,700,340,700,2,340,110,True,False,0
2026-10-04T02:12:14.7152123Z,14CA0000,40118,1100,533,340,700,340,700,2,340,110,True,False,0
2026-10-04T02:12:14.7311826Z,14CA0000,40118,1100,533,340,700,340,700,2,340,110,True,False,0
2026-10-04T02:12:14.7467165Z,14CA0000,40118,1100,533,340,700,340,700,2,340,110,True,False,0
2026-10-04T02:12:14.7627191Z,14CA0000,40118,1100,533,340,700,340,700,2,340,110,True,False,0
2026-10-04T02:12:14.7786953Z,14CA0000,40118,1100,533,340,700,340,700,2,340,110,True,False,0
2026-10-04T02:12:14.7946698Z,14CA0000,40118,1100,533,340,700,340,700,2,340,110,True,False,0
2026-10-04T02:12:14.8107488Z,14CA0000,40118,1100,533,340,700,340,700,2,340,110,True,False,0
2026-10-04T02:12:14.8267403Z,14CA0000,40118,1100,533,340,700,340,700,2,340,110,True,False,0
2026-10-04T02:12:14.8418673Z,14CA0000,40118,1100,533,340,700,340,700,2,340,110,True,False,0
2026-10-04T02:12:14.8573379Z,14CA0000,40118,1100,533,340,700,340,700,2,340,110,True,False,0
2026-10-04T02:12:14.8733104Z,14CA0000,40118,1100,533,340,700,340,700,2,340,110,True,False,0
2026-10-04T02:12:14.8893517Z,14CA0000,40118,1100,533,340,700,340,700,2,340,110,True,False,0
2026-10-04T02:12:14.9053843Z,14CA0000,40118,1100,533,340,700,340,700,2,340,110,True,False,0
2026-10-04T02:12:14.9214434Z,14CA0000,40118,1100,533,340,700,340,700,2,340,110,True,False,0
2026-10-04T02:12:14.9373649Z,14CA0000,40118,1100,533,340,700,340,700,2,340,110,True,False,0
2026-10-04T02:12:14.9533519Z,14CA0000,40118,1100,533,340,700,340,700,2,340,110,True,False,0
2026-10-04T02:12:14.9683470Z,14CA0000,40118,1100,533,340,700,340,700,2,340,110,True,False,0
2026-10-04T02:12:14.9843494Z,14CA0000,40118,1100,533,340,700,340,700,2,340,110,True,False,0
2026-10-04T02:12:14.9995163Z,14CA0000,40118,1100,533,340,700,340,700,2,340,110,True,False,0
2026-10-04T02:12:15.0154282Z,14CA0000,40118,1100,533,340,700,340,700,2,340,110,True,False,0
2026-10-04T02:12:15.0314408Z,14CA0000,40118,1100,533,340,700,340,700,2,340,110,True,False,0
2026-10-04T02:12:15.0474759Z,14CA0000,40118,1100,533,340,700,340,700,2,340,110,True,False,0
2026-10-04T02:12:15.0633836Z,14CA0000,40118,1100,533,340,700,340,700,2,340,110,True,False,0
2026-10-04T02:12:15.0794490Z,14CA0000,40118,1100,533,340,700,340,700,2,340,110,True,False,0
2026-10-04T02:12:15.0955515Z,14CA0000,40118,1100,533,340,700,340,700,2,340,110,True,False,0
2026-10-04T02:12:15.1114032Z,14CA0000,40118,1100,533,340,700,340,700,2,340,110,True,False,0
2026-10-04T02:12:15.1274059Z,14CA0000,40118,1100,533,340,700,340,700,2,340,110,True,False,0
2026-10-04T02:12:15.1434820Z,14CA0000,40118,1100,533,340,700,340,700,2,340,110,True,False,0
2026-10-04T02:12:15.1594513Z,14CA0000,40118,1100,533,340,700,340,700,2,340,110,True,False,0
2026-10-04T02:12:15.1754963Z,14CA0000,40118,1100,533,340,700,340,700,2,340,110,True,False,0
2026-10-04T02:12:15.1914395Z,14CA0000,40118,1100,533,340,700,340,700,2,340,110,True,False,0
2026-10-04T02:12:15.2076390Z,14CA0000,40118,1100,533,340,700,340,700,2,340,110,True,False,0
2026-10-04T02:12:15.2234672Z,14CA0000,40118,1100,533,340,700,340,700,2,340,110,True,False,0
2026-10-04T02:12:15.2394380Z,14CA0000,40118,1100,533,340,700,340,700,2,340,110,True,False,0
2026-10-04T02:12:15.2553596Z,14CA0000,40118,1100,533,340,700,340,700,2,340,110,True,False,0
2026-10-04T02:12:15.2714131Z,14CA0000,40118,1100,533,340,700,340,700,2,340,110,True,False,0
2026-10-04T02:12:15.2874194Z,14CA0000,40118,1100,533,340,700,340,700,2,340,110,True,False,0
2026-10-04T02:12:15.3034965Z,14CA0000,40118,1100,533,340,700,340,700,2,340,110,True,False,0
2026-10-04T02:12:15.3195268Z,14CA0000,40118,1100,533,340,700,340,700,2,340,110,True,False,0
2026-10-04T02:12:15.3343151Z,14CA0000,40118,1100,533,340,700,340,700,2,340,110,True,False,0
2026-10-04T02:12:15.3503701Z,14CA0000,40118,1100,533,340,700,340,700,2,340,110,True,False,0
2026-10-04T02:12:15.3653545Z,14CA0000,40118,1100,533,340,700,340,700,2,340,110,True,False,0
2026-10-04T02:12:15.3813735Z,14CA0000,40118,1100,533,340,700,340,700,2,340,110,True,False,0
2026-10-04T02:12:15.3973100Z,14CA0000,40118,1100,533,340,700,340,700,2,340,110,True,False,0
2026-10-04T02:12:15.4133612Z,14CA0000,40118,1100,533,340,700,340,700,2,340,110,True,False,0
2026-10-04T02:12:15.4295480Z,14CA0000,40118,1100,533,340,700,340,700,2,340,110,True,False,0
2026-10-04T02:12:15.4453751Z,14CA0000,40118,1100,533,340,700,340,700,2,340,110,True,False,0
2026-10-04T02:12:15.4613704Z,14CA0000,40118,1100,533,340,700,340,700,2,340,110,True,False,0
2026-10-04T02:12:15.4773426Z,14CA0000,40118,1100,533,340,700,340,700,2,340,110,True,False,0
2026-10-04T02:12:15.4933648Z,14CA0000,40118,1100,533,340,700,340,700,2,340,110,True,False,0
2026-10-04T02:12:15.5093667Z,14CA0000,40118,1100,533,340,700,340,700,2,340,110,True,False,0
2026-10-04T02:12:15.5254057Z,14CA0000,40118,1100,533,340,700,340,700,2,340,110,True,False,0
2026-10-04T02:12:15.5405426Z,14CA0000,40118,1100,533,340,700,340,700,2,340,110,True,False,0
2026-10-04T02:12:15.5564042Z,14CA0000,40118,1100,533,340,700,340,700,2,340,110,True,False,0
2026-10-04T02:12:15.5714187Z,14CA0000,40118,1100,533,340,700,340,700,2,340,110,True,False,0
2026-10-04T02:12:15.5873659Z,14CA0000,40118,1100,533,340,700,340,700,2,340,110,True,False,0
2026-10-04T02:12:15.6024086Z,14CA0000,40118,1100,533,340,700,340,700,2,340,110,True,False,0
2026-10-04T02:12:15.6173867Z,14CA0000,40118,1100,533,340,700,340,700,2,340,110,True,False,0
2026-10-04T02:12:15.6333674Z,14CA0000,40118,1100,533,340,700,340,700,2,340,110,True,False,0
2026-10-04T02:12:15.6495067Z,14CA0000,40118,1100,533,340,700,340,700,2,340,110,True,False,0
2026-10-04T02:12:15.6643517Z,14CA0000,40118,1100,533,340,700,340,700,2,340,110,True,False,0
2026-10-04T02:12:15.6803723Z,14CA0000,40118,1100,533,340,700,340,700,2,340,110,True,False,0
2026-10-04T02:12:15.6953732Z,14CA0000,40118,1100,533,340,700,340,700,2,340,110,True,False,0
2026-10-04T02:12:15.7113944Z,14CA0000,40118,1100,533,340,700,340,700,2,340,110,True,False,0
2026-10-04T02:12:15.7273677Z,14CA0000,40118,1100,533,340,700,340,700,2,340,110,True,False,0
2026-10-04T02:12:15.7433348Z,14CA0000,40118,1100,533,340,700,340,700,2,340,110,True,False,0
2026-10-04T02:12:15.7593040Z,14CA0000,40118,1100,533,340,700,340,700,2,340,110,True,False,0
2026-10-04T02:12:15.7753115Z,14CA0000,40118,1100,533,340,700,340,700,2,340,110,True,False,0
2026-10-04T02:12:15.7912900Z,14CA0000,40118,1100,533,340,700,340,700,2,340,110,True,False,0
2026-10-04T02:12:15.8074238Z,14CA0000,40118,1100,533,340,700,340,700,2,340,110,True,False,0
2026-10-04T02:12:15.8233391Z,14CA0000,40118,1100,533,340,700,340,700,2,340,110,True,False,0
2026-10-04T02:12:15.8385292Z,14CA0000,40118,1100,533,340,700,340,700,2,340,110,True,False,0
2026-10-04T02:12:15.8547070Z,14CA0000,40118,1100,533,340,700,340,700,2,340,110,True,False,0
2026-10-04T02:12:15.8695531Z,14CA0000,40118,1100,533,340,700,340,700,2,340,110,True,False,0
2026-10-04T02:12:15.8845496Z,14CA0000,40118,1100,533,340,700,340,700,2,340,110,True,False,0
2026-10-04T02:12:15.9005054Z,14CA0000,40118,1100,533,340,700,340,700,2,340,110,True,False,0
2026-10-04T02:12:15.9155453Z,14CA0000,40118,1100,533,340,700,340,700,2,340,110,True,False,0
2026-10-04T02:12:15.9314964Z,14CA0000,40118,1100,533,340,700,340,700,2,340,110,True,False,0
2026-10-04T02:12:15.9475361Z,14CA0000,40118,1100,533,340,700,340,700,2,340,110,True,False,0
2026-10-04T02:12:15.9635562Z,14CA0000,40118,1100,533,340,700,340,700,2,340,110,True,False,0
2026-10-04T02:12:15.9795921Z,14CA0000,40118,1100,533,340,700,340,700,2,340,110,True,False,0
2026-10-04T02:12:15.9955588Z,14CA0000,40118,1100,533,340,700,340,700,2,340,110,True,False,0
2026-10-04T02:12:16.0115687Z,14CA0000,40118,1100,533,340,700,340,700,2,340,110,True,False,0
2026-10-04T02:12:16.0275698Z,14CA0000,40118,1100,533,340,700,340,700,2,340,110,True,False,0
2026-10-04T02:12:16.0435642Z,14CA0000,40118,1100,533,340,700,340,700,2,340,110,True,False,0
2026-10-04T02:12:16.0595674Z,14CA0000,40118,1100,533,340,700,340,700,2,340,110,True,False,0
2026-10-04T02:12:16.0755872Z,14CA0000,40118,1100,533,340,700,340,700,2,340,110,True,False,0
2026-10-04T02:12:16.0915623Z,14CA0000,40118,1100,533,340,700,340,700,2,340,110,True,False,0
2026-10-04T02:12:16.1075544Z,14CA0000,40118,1100,533,340,700,340,700,2,340,110,True,False,0
2026-10-04T02:12:16.1235804Z,14CA0000,40118,1100,533,340,700,340,700,2,340,110,True,False,0
2026-10-04T02:12:16.1395851Z,14CA0000,40118,1100,533,340,700,340,700,2,340,110,True,False,0
2026-10-04T02:12:16.1556004Z,14CA0000,40118,1100,533,340,700,340,700,2,340,110,True,False,0
2026-10-04T02:12:16.1715919Z,14CA0000,40118,1100,533,340,700,340,700,2,340,110,True,False,0
2026-10-04T02:12:16.1876493Z,14CA0000,40118,1100,533,340,700,340,700,2,340,110,True,False,0
2026-10-04T02:12:16.2036005Z,14CA0000,40118,1100,533,340,700,340,700,2,340,110,True,False,0
2026-10-04T02:12:16.2185635Z,14CA0000,40118,1100,533,340,700,340,700,2,340,110,True,False,0
2026-10-04T02:12:16.2335608Z,14CA0000,40118,1100,533,340,700,340,700,2,340,110,True,False,0
2026-10-04T02:12:16.2495857Z,14CA0000,40118,1100,533,340,700,340,700,2,340,110,True,False,0
2026-10-04T02:12:16.2655351Z,14CA0000,40118,1100,533,340,700,340,700,2,340,110,True,False,0
2026-10-04T02:12:16.2816096Z,14CA0000,40118,1100,533,340,700,340,700,2,340,110,True,False,0
2026-10-04T02:12:16.2975580Z,14CA0000,40118,1100,533,340,700,340,700,2,340,110,True,False,0
2026-10-04T02:12:16.3136488Z,14CA0000,40118,1100,533,340,700,340,700,2,340,110,True,False,0
2026-10-04T02:12:16.3295685Z,14CA0000,40118,1100,533,340,700,340,700,2,340,110,True,False,0
2026-10-04T02:12:16.3455777Z,14CA0000,40118,1100,533,340,700,340,700,2,340,110,True,False,0
2026-10-04T02:12:16.3615708Z,14CA0000,40118,1100,533,340,700,340,700,2,340,110,True,False,0
2026-10-04T02:12:16.3775791Z,14CA0000,40118,1100,533,340,700,340,700,2,340,110,True,False,0
2026-10-04T02:12:16.3935624Z,14CA0000,40118,1100,533,340,700,340,700,2,340,110,True,False,0
2026-10-04T02:12:16.4095762Z,14CA0000,40118,1100,533,340,700,340,700,2,340,110,True,False,0
2026-10-04T02:12:16.4255664Z,14CA0000,40118,1100,533,340,700,340,700,2,340,110,True,False,0
2026-10-04T02:12:16.4415682Z,14CA0000,40118,1100,533,340,700,340,700,2,340,110,True,False,0
2026-10-04T02:12:16.4575675Z,14CA0000,40118,1100,533,340,700,340,700,2,340,110,True,False,0
2026-10-04T02:12:16.4736338Z,14CA0000,40118,1100,533,340,700,340,700,2,340,110,True,False,0
2026-10-04T02:12:16.4896182Z,14CA0000,40118,1100,533,340,700,340,700,2,340,110,True,False,0
2026-10-04T02:12:16.5046665Z,14CA0000,40118,1100,533,340,700,340,700,2,340,110,True,False,0
2026-10-04T02:12:16.5197241Z,14CA0000,40118,1100,533,340,700,340,700,2,340,110,True,False,0
2026-10-04T02:12:16.5345853Z,14CA0000,40118,1100,533,340,700,340,700,2,340,110,True,False,0
2026-10-04T02:12:16.5506214Z,14CA0000,40118,1100,533,340,700,340,700,2,340,110,True,False,0
2026-10-04T02:12:16.5656446Z,14CA0000,40118,1100,533,340,700,340,700,2,340,110,True,False,0
2026-10-04T02:12:16.5816620Z,14CA0000,40118,1100,533,340,700,340,700,2,340,110,True,False,0
2026-10-04T02:12:16.5976391Z,14CA0000,40118,1100,533,340,700,340,700,2,340,110,True,False,0
2026-10-04T02:12:16.6136368Z,14CA0000,40118,1100,533,340,700,340,700,2,340,110,True,False,0
2026-10-04T02:12:16.6298143Z,14CA0000,40118,1100,533,340,700,340,700,2,340,110,True,False,0
2026-10-04T02:12:16.6456468Z,14CA0000,40118,1100,533,340,700,340,700,2,340,110,True,False,0
2026-10-04T02:12:16.6616398Z,14CA0000,40118,1100,533,340,700,340,700,2,340,110,True,False,0
2026-10-04T02:12:16.6776247Z,14CA0000,40118,1100,533,340,700,340,700,2,340,110,True,False,0
2026-10-04T02:12:16.6936353Z,14CA0000,40118,1100,533,340,700,340,700,2,340,110,True,False,0
2026-10-04T02:12:16.7096478Z,14CA0000,40118,1100,533,340,700,340,700,2,340,110,True,False,0
2026-10-04T02:12:16.7246716Z,14CA0000,40118,1100,533,340,700,340,700,2,340,110,True,False,0
2026-10-04T02:12:16.7398593Z,14CA0000,40118,1100,533,340,700,340,700,2,340,110,True,False,0
2026-10-04T02:12:16.7556438Z,14CA0000,40118,1100,533,340,700,340,700,2,340,110,True,False,0
2026-10-04T02:12:16.7716544Z,14CA0000,40118,1100,533,340,700,340,700,2,340,110,True,False,0
2026-10-04T02:12:16.7876395Z,14CA0000,40118,1100,533,340,700,340,700,2,340,110,True,False,0
2026-10-04T02:12:16.8036661Z,14CA0000,40118,1100,533,340,700,340,700,2,340,110,True,False,0
2026-10-04T02:12:16.8186489Z,14CA0000,40118,1100,533,340,700,340,700,2,340,110,True,False,0
2026-10-04T02:12:16.8336581Z,14CA0000,40118,1100,533,340,700,340,700,2,340,110,True,False,0
2026-10-04T02:12:16.8492140Z,14CA0000,40118,1100,533,340,700,340,700,2,340,110,True,False,0
2026-10-04T02:12:16.8650360Z,14CA0000,40118,1100,533,340,700,340,700,2,340,110,True,False,0
2026-10-04T02:12:16.8810775Z,14CA0000,40118,1100,533,340,700,340,700,2,340,110,True,False,0
2026-10-04T02:12:16.8970691Z,14CA0000,40118,1100,533,340,700,340,700,2,340,110,True,False,0
2026-10-04T02:12:16.9130455Z,14CA0000,40118,1100,533,340,700,340,700,2,340,110,True,False,0
2026-10-04T02:12:16.9291178Z,14CA0000,40118,1100,533,340,700,340,700,2,340,110,True,False,0
2026-10-04T02:12:16.9450779Z,14CA0000,40118,1100,533,340,700,340,700,2,340,110,True,False,0
2026-10-04T02:12:16.9611679Z,14CA0000,40118,1100,533,340,700,340,700,2,340,110,True,False,0
2026-10-04T02:12:16.9770318Z,14CA0000,40118,1100,533,340,700,340,700,2,340,110,True,False,0
2026-10-04T02:12:16.9930096Z,14CA0000,40118,1100,533,340,700,340,700,2,340,110,True,False,0
2026-10-04T02:12:17.0090158Z,14CA0000,40118,1100,533,340,700,340,700,2,340,110,True,False,0
2026-10-04T02:12:17.0250172Z,14CA0000,40118,1100,533,340,700,340,700,2,340,110,True,False,0
2026-10-04T02:12:17.0410575Z,14CA0000,40118,1100,533,340,700,340,700,2,340,110,True,False,0
2026-10-04T02:12:17.0560117Z,14CA0000,40118,1100,533,340,700,340,700,2,340,110,True,False,0
2026-10-04T02:12:17.0720154Z,14CA0000,40118,1100,533,340,700,340,700,2,340,110,True,False,0
2026-10-04T02:12:17.0870069Z,14CA0000,40118,1100,533,340,700,340,700,2,340,110,True,False,0
2026-10-04T02:12:17.1030097Z,14CA0000,40118,1100,533,340,700,340,700,2,340,110,True,False,0
2026-10-04T02:12:17.1189947Z,14CA0000,40118,1100,533,340,700,340,700,2,340,110,True,False,0
2026-10-04T02:12:17.1350085Z,14CA0000,40118,1100,533,340,700,340,700,2,340,110,True,False,0
2026-10-04T02:12:17.1510539Z,14CA0000,40118,1100,533,340,700,340,700,2,340,110,True,False,0
2026-10-04T02:12:17.1670390Z,14CA0000,40118,1100,533,340,700,340,700,2,340,110,True,False,0
2026-10-04T02:12:17.1830851Z,14CA0000,40118,1100,533,340,700,340,700,2,340,110,True,False,0
2026-10-04T02:12:17.1990929Z,14CA0000,40118,1100,533,340,700,340,700,2,340,110,True,False,0
2026-10-04T02:12:17.2140097Z,14CA0000,40118,1100,533,340,700,340,700,2,340,110,True,False,0
2026-10-04T02:12:17.2290197Z,14CA0000,40118,1100,533,340,700,340,700,2,340,110,True,False,0
2026-10-04T02:12:17.2450066Z,14CA0000,40118,1100,533,340,700,340,700,2,340,110,True,False,0
2026-10-04T02:12:17.2605726Z,14CA0000,40118,1100,533,340,700,340,700,2,340,110,True,False,0
2026-10-04T02:12:17.2765759Z,14CA0000,40118,1100,533,340,700,340,700,2,340,110,True,False,0
2026-10-04T02:12:17.2925614Z,14CA0000,40118,1100,533,340,700,340,700,2,340,110,True,False,0
2026-10-04T02:12:17.3085869Z,14CA0000,40118,1100,533,340,700,340,700,2,340,110,True,False,0
2026-10-04T02:12:17.3235774Z,14CA0000,40118,1100,533,340,700,340,700,2,340,110,True,False,0
2026-10-04T02:12:17.3385450Z,14CA0000,40118,1100,533,340,700,340,700,2,340,110,True,False,0
2026-10-04T02:12:17.3545837Z,14CA0000,40118,1100,533,340,700,340,700,2,340,110,True,False,0
2026-10-04T02:12:17.3705971Z,14CA0000,40118,1100,533,340,700,340,700,2,340,110,True,False,0
2026-10-04T02:12:17.3865734Z,14CA0000,40118,1100,533,340,700,340,700,2,340,110,True,False,0
2026-10-04T02:12:17.4025406Z,14CA0000,40118,1100,533,340,700,340,700,2,340,110,True,False,0
2026-10-04T02:12:17.4175475Z,14CA0000,40118,1100,533,340,700,340,700,2,340,110,True,False,0
2026-10-04T02:12:17.4335504Z,14CA0000,40118,1100,533,340,700,340,700,2,340,110,True,False,0
2026-10-04T02:12:17.4485455Z,14CA0000,40118,1100,533,340,700,340,700,2,340,110,True,False,0
2026-10-04T02:12:17.4640613Z,14CA0000,40118,1100,533,340,700,340,700,2,340,110,True,False,0
2026-10-04T02:12:17.4800531Z,14CA0000,40118,1100,533,340,700,340,700,2,340,110,True,False,0
2026-10-04T02:12:17.4960393Z,14CA0000,40118,1100,533,340,700,340,700,2,340,110,True,False,0
2026-10-04T02:12:17.5112002Z,14CA0000,40118,1100,533,340,700,340,700,2,340,110,True,False,0
2026-10-04T02:12:17.5260119Z,14CA0000,40118,1100,533,340,700,340,700,2,340,110,True,False,0
2026-10-04T02:12:17.5420094Z,14CA0000,40118,1100,533,340,700,340,700,2,340,110,True,False,0
2026-10-04T02:12:17.5570514Z,14CA0000,40118,1100,533,340,700,340,700,2,340,110,True,False,0
2026-10-04T02:12:17.5719761Z,14CA0000,40118,1100,533,340,700,340,700,2,340,110,True,False,0
2026-10-04T02:12:17.5881106Z,14CA0000,40118,1100,533,340,700,340,700,2,340,110,True,False,0
2026-10-04T02:12:17.6030010Z,14CA0000,40118,1100,533,340,700,340,700,2,340,110,True,False,0
2026-10-04T02:12:17.6181866Z,14CA0000,40118,1100,533,340,700,340,700,2,340,110,True,False,0
2026-10-04T02:12:17.6340705Z,14CA0000,40118,1100,533,340,700,340,700,2,340,110,True,False,0
2026-10-04T02:12:17.6500141Z,14CA0000,40118,1100,533,340,700,340,700,2,340,110,True,False,0
2026-10-04T02:12:17.6660204Z,14CA0000,40118,1100,533,340,700,340,700,2,340,110,True,False,0
2026-10-04T02:12:17.6810395Z,14CA0000,40118,1100,533,340,700,340,700,2,340,110,True,False,0
2026-10-04T02:12:17.6960439Z,14CA0000,40118,1100,533,340,700,340,700,2,340,110,True,False,0
2026-10-04T02:12:17.7120407Z,14CA0000,40118,1100,533,340,700,340,700,2,340,110,True,False,0
2026-10-04T02:12:17.7280349Z,14CA0000,40118,1100,533,340,700,340,700,2,340,110,True,False,0
2026-10-04T02:12:17.7441319Z,14CA0000,40118,1100,533,340,700,340,700,2,340,110,True,False,0
2026-10-04T02:12:17.7600298Z,14CA0000,40118,1100,533,340,700,340,700,2,340,110,True,False,0
2026-10-04T02:12:17.7760127Z,14CA0000,40118,1100,533,340,700,340,700,2,340,110,True,False,0
2026-10-04T02:12:17.7910122Z,14CA0000,40118,1100,533,340,700,340,700,2,340,110,True,False,0
2026-10-04T02:12:17.8059693Z,14CA0000,40118,1100,533,340,700,340,700,2,340,110,True,False,0
2026-10-04T02:12:17.8220348Z,14CA0000,40118,1100,533,340,700,340,700,2,340,110,True,False,0
2026-10-04T02:12:17.8369949Z,14CA0000,40118,1100,533,340,700,340,700,2,340,110,True,False,0
2026-10-04T02:12:17.8521734Z,14CA0000,40118,1100,533,340,700,340,700,2,340,110,True,False,0
2026-10-04T02:12:17.8681713Z,14CA0000,40118,1100,533,340,700,340,700,2,340,110,True,False,0
2026-10-04T02:12:17.8831997Z,14CA0000,40118,1100,533,340,700,340,700,2,340,110,True,False,0
2026-10-04T02:12:17.8981662Z,14CA0000,40118,1100,533,340,700,340,700,2,340,110,True,False,0
2026-10-04T02:12:17.9141840Z,14CA0000,40118,1100,533,340,700,340,700,2,340,110,True,False,0
2026-10-04T02:12:17.9301944Z,14CA0000,40118,1100,533,340,700,340,700,2,340,110,True,False,0
2026-10-04T02:12:17.9461541Z,14CA0000,40118,1100,533,340,700,340,700,2,340,110,True,False,0
2026-10-04T02:12:17.9621648Z,14CA0000,40118,1100,533,340,700,340,700,2,340,110,True,False,0
2026-10-04T02:12:17.9781730Z,14CA0000,40118,1100,533,340,700,340,700,2,340,110,True,False,0
2026-10-04T02:12:17.9941825Z,14CA0000,40118,1100,533,340,700,340,700,2,340,110,True,False,0
2026-10-04T02:12:18.0101632Z,14CA0000,40118,1100,533,340,700,340,700,2,340,110,True,False,0
2026-10-04T02:12:18.0251869Z,14CA0000,40118,1100,533,340,700,340,700,2,340,110,True,False,0
2026-10-04T02:12:18.0402951Z,14CA0000,40118,1100,533,340,700,340,700,2,340,110,True,False,0
2026-10-04T02:12:18.0563538Z,14CA0000,40118,1100,533,340,700,340,700,2,340,110,True,False,0
2026-10-04T02:12:18.0711907Z,14CA0000,40118,1100,533,340,700,340,700,2,340,110,True,False,0
2026-10-04T02:12:18.0861860Z,14CA0000,40118,1100,533,340,700,340,700,2,340,110,True,False,0
2026-10-04T02:12:18.1011903Z,14CA0000,40118,1100,533,340,700,340,700,2,340,110,True,False,0
2026-10-04T02:12:18.1171617Z,14CA0000,40118,1100,533,340,700,340,700,2,340,110,True,False,0
2026-10-04T02:12:18.1321900Z,14CA0000,40118,1100,533,340,700,340,700,2,340,110,True,False,0
2026-10-04T02:12:18.1481717Z,14CA0000,40118,1100,533,340,700,340,700,2,340,110,True,False,0
2026-10-04T02:12:18.1638604Z,14CA0000,40118,1100,533,340,700,340,700,2,340,110,True,False,0
2026-10-04T02:12:18.1796813Z,14CA0000,40118,1100,533,340,700,340,700,2,340,110,True,False,0
2026-10-04T02:12:18.1957454Z,14CA0000,40118,1100,533,340,700,340,700,2,340,110,True,False,0
2026-10-04T02:12:18.2108008Z,14CA0000,40118,1100,533,340,700,340,700,2,340,110,True,False,0
2026-10-04T02:12:18.2267824Z,14CA0000,40118,1100,533,340,700,340,700,2,340,110,True,False,0
2026-10-04T02:12:18.2417193Z,14CA0000,40118,1100,533,340,700,340,700,2,340,110,True,False,0
2026-10-04T02:12:18.2570493Z,14CA0000,40118,1100,533,340,700,340,700,2,340,110,True,False,0
2026-10-04T02:12:18.2732693Z,14CA0000,40118,1100,533,340,700,340,700,2,340,110,True,False,0
2026-10-04T02:12:18.2890068Z,14CA0000,40118,1100,533,340,700,340,700,2,340,110,True,False,0
2026-10-04T02:12:18.3050726Z,14CA0000,40118,1100,533,340,700,340,700,2,340,110,True,False,0
2026-10-04T02:12:18.3210511Z,14CA0000,40118,1100,533,340,700,340,700,2,340,110,True,False,0
2026-10-04T02:12:18.3370287Z,14CA0000,40118,1100,533,340,700,340,700,2,340,110,True,False,0
2026-10-04T02:12:18.3530259Z,14CA0000,40118,1100,533,340,700,340,700,2,340,110,True,False,0
2026-10-04T02:12:18.3690129Z,14CA0000,40118,1100,533,340,700,340,700,2,340,110,True,False,0
2026-10-04T02:12:18.3850458Z,14CA0000,40118,1100,533,340,700,340,700,2,340,110,True,False,0
2026-10-04T02:12:18.3999977Z,14CA0000,40118,1100,533,340,700,340,700,2,340,110,True,False,0
2026-10-04T02:12:18.4149973Z,14CA0000,40118,1100,533,340,700,340,700,2,340,110,True,False,0
2026-10-04T02:12:18.4299656Z,14CA0000,40118,1100,533,340,700,340,700,2,340,110,True,False,0
2026-10-04T02:12:18.4460401Z,14CA0000,40118,1100,533,340,700,340,700,2,340,110,True,False,0
2026-10-04T02:12:18.4611094Z,14CA0000,40118,1100,533,340,700,340,700,2,340,110,True,False,0
2026-10-04T02:12:18.4769711Z,14CA0000,40118,1100,533,340,700,340,700,2,340,110,True,False,0
2026-10-04T02:12:18.4929767Z,14CA0000,40118,1100,533,340,700,340,700,2,340,110,True,False,0
2026-10-04T02:12:18.5090231Z,14CA0000,40118,1100,533,340,700,340,700,2,340,110,True,False,0
2026-10-04T02:12:18.5249930Z,14CA0000,40118,1100,533,340,700,340,700,2,340,110,True,False,0
2026-10-04T02:12:18.5400344Z,14CA0000,40118,1100,533,340,700,340,700,2,340,110,True,False,0
2026-10-04T02:12:18.5549944Z,14CA0000,40118,1100,533,340,700,340,700,2,340,110,True,False,0
2026-10-04T02:12:18.5710774Z,14CA0000,40118,1100,533,340,700,340,700,2,340,110,True,False,0
2026-10-04T02:12:18.5870408Z,14CA0000,40118,1100,533,340,700,340,700,2,340,110,True,False,0
2026-10-04T02:12:18.6030014Z,14CA0000,40118,1100,533,340,700,340,700,2,340,110,True,False,0
2026-10-04T02:12:18.6179859Z,14CA0000,40118,1100,533,340,700,340,700,2,340,110,True,False,0
2026-10-04T02:12:18.6330216Z,14CA0000,40118,1100,533,340,700,340,700,2,340,110,True,False,0
2026-10-04T02:12:18.6489853Z,14CA0000,40118,1100,533,340,700,340,700,2,340,110,True,False,0
2026-10-04T02:12:18.6650198Z,14CA0000,40118,1100,533,340,700,340,700,2,340,110,True,False,0
2026-10-04T02:12:18.6809952Z,14CA0000,40118,1100,533,340,700,340,700,2,340,110,True,False,0
2026-10-04T02:12:18.6970383Z,14CA0000,40118,1100,533,340,700,340,700,2,340,110,True,False,0
2026-10-04T02:12:18.7130025Z,14CA0000,40118,1100,533,340,700,340,700,2,340,110,True,False,0
2026-10-04T02:12:18.7290169Z,14CA0000,40118,1100,533,340,700,340,700,2,340,110,True,False,0
2026-10-04T02:12:18.7449953Z,14CA0000,40118,1100,533,340,700,340,700,2,340,110,True,False,0
2026-10-04T02:12:18.7610194Z,14CA0000,40118,1100,533,340,700,340,700,2,340,110,True,False,0
2026-10-04T02:12:18.7770020Z,14CA0000,40118,1100,533,340,700,340,700,2,340,110,True,False,0
2026-10-04T02:12:18.7930189Z,14CA0000,40118,1100,533,340,700,340,700,2,340,110,True,False,0
2026-10-04T02:12:18.8086077Z,14CA0000,40118,1100,533,340,700,340,700,2,340,110,True,False,0
2026-10-04T02:12:18.8245219Z,14CA0000,40118,1100,533,340,700,340,700,2,340,110,True,False,0
2026-10-04T02:12:18.8406357Z,14CA0000,40118,1100,533,340,700,340,700,2,340,110,True,False,0
2026-10-04T02:12:18.8562112Z,14CA0000,40118,1100,533,340,700,340,700,2,340,110,True,False,0
2026-10-04T02:12:18.8721589Z,14CA0000,40118,1100,533,340,700,340,700,2,340,110,True,False,0
2026-10-04T02:12:18.8881447Z,14CA0000,40118,1100,533,340,700,340,700,2,340,110,True,False,0
2026-10-04T02:12:18.9041169Z,14CA0000,40118,1100,533,340,700,340,700,2,340,110,True,False,0
2026-10-04T02:12:18.9200920Z,14CA0000,40118,1100,533,340,700,340,700,2,340,110,True,False,0
2026-10-04T02:12:18.9352508Z,14CA0000,40118,1100,533,340,700,340,700,2,340,110,True,False,0
2026-10-04T02:12:18.9500644Z,14CA0000,40118,1100,533,340,700,340,700,2,340,110,True,False,0
2026-10-04T02:12:18.9660365Z,14CA0000,40118,1100,533,340,700,340,700,2,340,110,True,False,0
2026-10-04T02:12:18.9820708Z,14CA0000,40118,1100,533,340,700,340,700,2,340,110,True,False,0
2026-10-04T02:12:18.9980531Z,14CA0000,40118,1100,533,340,700,340,700,2,340,110,True,False,0
2026-10-04T02:12:19.0140898Z,14CA0000,40118,1100,533,340,700,340,700,2,340,110,True,False,0
2026-10-04T02:12:19.0300393Z,14CA0000,40118,1100,533,340,700,340,700,2,340,110,True,False,0
2026-10-04T02:12:19.0451215Z,14CA0000,40118,1100,533,340,700,340,700,2,340,110,True,False,0
2026-10-04T02:12:19.0600568Z,14CA0000,40118,1100,533,340,700,340,700,2,340,110,True,False,0
2026-10-04T02:12:19.0750883Z,14CA0000,40118,1100,533,340,700,340,700,2,340,110,True,False,0
2026-10-04T02:12:19.0910497Z,14CA0000,40118,1100,533,340,700,340,700,2,340,110,True,False,0
2026-10-04T02:12:19.1060571Z,14CA0000,40118,1100,533,340,700,340,700,2,340,110,True,False,0
2026-10-04T02:12:19.1210940Z,14CA0000,40118,1100,533,340,700,340,700,2,340,110,True,False,0
2026-10-04T02:12:19.1370794Z,14CA0000,40118,1100,533,340,700,340,700,2,340,110,True,False,0
2026-10-04T02:12:19.1520338Z,14CA0000,40118,1100,533,340,700,340,700,2,340,110,True,False,0
2026-10-04T02:12:19.1680464Z,14CA0000,40118,1100,533,340,700,340,700,2,340,110,True,False,0
2026-10-04T02:12:19.1841037Z,14CA0000,40118,1100,533,340,700,340,700,2,340,110,True,False,0
2026-10-04T02:12:19.2000241Z,14CA0000,40118,1100,533,340,700,340,700,2,340,110,True,False,0
2026-10-04T02:12:19.2160567Z,14CA0000,40118,1100,533,340,700,340,700,2,340,110,True,False,0
2026-10-04T02:12:19.2320492Z,14CA0000,40118,1100,533,340,700,340,700,2,340,110,True,False,0
2026-10-04T02:12:19.2479568Z,14CA0000,40118,1100,533,340,700,340,700,2,340,110,True,False,0
2026-10-04T02:12:19.2639648Z,14CA0000,40118,1100,533,340,700,340,700,2,340,110,True,False,0
2026-10-04T02:12:19.2799301Z,14CA0000,40118,1100,533,340,700,340,700,2,340,110,True,False,0
2026-10-04T02:12:19.2959217Z,14CA0000,40118,1100,533,340,700,340,700,2,340,110,True,False,0
2026-10-04T02:12:19.3119909Z,14CA0000,40118,1100,533,340,700,340,700,2,340,110,True,False,0
2026-10-04T02:12:19.3279528Z,14CA0000,40118,1100,533,340,700,340,700,2,340,110,True,False,0
2026-10-04T02:12:19.3439421Z,14CA0000,40118,1100,533,340,700,340,700,2,340,110,True,False,0
2026-10-04T02:12:19.3590686Z,14CA0000,40118,1100,533,340,700,340,700,2,340,110,True,False,0
2026-10-04T02:12:19.3750864Z,14CA0000,40118,1100,533,340,700,340,700,2,340,110,True,False,0
2026-10-04T02:12:19.3901078Z,14CA0000,40118,1100,533,340,700,340,700,2,340,110,True,False,0
2026-10-04T02:12:19.4060848Z,14CA0000,40118,1100,533,340,700,340,700,2,340,110,True,False,0
2026-10-04T02:12:19.4220726Z,14CA0000,40118,1100,533,340,700,340,700,2,340,110,True,False,0
2026-10-04T02:12:19.4380892Z,14CA0000,40118,1100,533,340,700,340,700,2,340,110,True,False,0
2026-10-04T02:12:19.4541323Z,14CA0000,40118,1100,533,340,700,340,700,2,340,110,True,False,0
2026-10-04T02:12:19.4700728Z,14CA0000,40118,1100,533,340,700,340,700,2,340,110,True,False,0
2026-10-04T02:12:19.4856294Z,14CA0000,40118,1100,533,340,700,340,700,2,340,110,True,False,0
2026-10-04T02:12:19.5006330Z,14CA0000,40118,1100,533,340,700,340,700,2,340,110,True,False,0
2026-10-04T02:12:19.5166169Z,14CA0000,40118,1100,533,340,700,340,700,2,340,110,True,False,0
2026-10-04T02:12:19.5315788Z,14CA0000,40118,1100,533,340,700,340,700,2,340,110,True,False,0
2026-10-04T02:12:19.5475969Z,14CA0000,40118,1100,533,340,700,340,700,2,340,110,True,False,0
2026-10-04T02:12:19.5630993Z,14CA0000,40118,1100,533,340,700,340,700,2,340,110,True,False,0
2026-10-04T02:12:19.5791049Z,14CA0000,40118,1100,533,340,700,340,700,2,340,110,True,False,0
2026-10-04T02:12:19.5950849Z,14CA0000,40118,1100,533,340,700,340,700,2,340,110,True,False,0
2026-10-04T02:12:19.6110823Z,14CA0000,40118,1100,533,340,700,340,700,2,340,110,True,False,0
2026-10-04T02:12:19.6270743Z,14CA0000,40118,1100,533,340,700,340,700,2,340,110,True,False,0
2026-10-04T02:12:19.6430942Z,14CA0000,40118,1100,533,340,700,340,700,2,340,110,True,False,0
2026-10-04T02:12:19.6590715Z,14CA0000,40118,1100,533,340,700,340,700,2,340,110,True,False,0
2026-10-04T02:12:19.6751013Z,14CA0000,40118,1100,533,340,700,340,700,2,340,110,True,False,0
2026-10-04T02:12:19.6910885Z,14CA0000,40118,1100,533,340,700,340,700,2,340,110,True,False,0
2026-10-04T02:12:19.7060957Z,14CA0000,40118,1100,533,340,700,340,700,2,340,110,True,False,0
2026-10-04T02:12:19.7220805Z,14CA0000,40118,1100,533,340,700,340,700,2,340,110,True,False,0
2026-10-04T02:12:19.7370540Z,14CA0000,40118,1100,533,340,700,340,700,2,340,110,True,False,0
2026-10-04T02:12:19.7530689Z,14CA0000,40118,1100,533,340,700,340,700,2,340,110,True,False,0
2026-10-04T02:12:19.7690840Z,14CA0000,40118,1100,533,340,700,340,700,2,340,110,True,False,0
2026-10-04T02:12:19.7842530Z,14CA0000,40118,1100,533,340,700,340,700,2,340,110,True,False,0
2026-10-04T02:12:19.7992445Z,14CA0000,40118,1100,533,340,700,340,700,2,340,110,True,False,0
2026-10-04T02:12:19.8151273Z,14CA0000,40118,1100,533,340,700,340,700,2,340,110,True,False,0
2026-10-04T02:12:19.8311205Z,14CA0000,40118,1100,533,340,700,340,700,2,340,110,True,False,0
2026-10-04T02:12:19.8466414Z,14CA0000,40118,1100,533,340,700,340,700,2,340,110,True,False,0
2026-10-04T02:12:19.8626879Z,14CA0000,40118,1100,533,340,700,340,700,2,340,110,True,False,0
2026-10-04T02:12:19.8786607Z,14CA0000,40118,1100,533,340,700,340,700,2,340,110,True,False,0
2026-10-04T02:12:19.8946844Z,14CA0000,40118,1100,533,340,700,340,700,2,340,110,True,False,0
2026-10-04T02:12:19.9108813Z,14CA0000,40118,1100,533,340,700,340,700,2,340,110,True,False,0
2026-10-04T02:12:19.9256967Z,14CA0000,40118,1100,533,340,700,340,700,2,340,110,True,False,0
2026-10-04T02:12:19.9416570Z,14CA0000,40118,1100,533,340,700,340,700,2,340,110,True,False,0
2026-10-04T02:12:19.9566772Z,14CA0000,40118,1100,533,340,700,340,700,2,340,110,True,False,0
2026-10-04T02:12:19.9726822Z,14CA0000,40118,1100,533,340,700,340,700,2,340,110,True,False,0
2026-10-04T02:12:19.9886519Z,14CA0000,40118,1100,533,340,700,340,700,2,340,110,True,False,0
2026-10-04T02:12:20.0047812Z,14CA0000,40118,1100,533,340,700,340,700,2,340,110,True,False,0
2026-10-04T02:12:20.0208829Z,14CA0000,40118,1100,533,340,700,340,700,2,340,110,True,False,0
2026-10-04T02:12:20.0366357Z,14CA0000,40118,1100,533,340,700,340,700,2,340,110,True,False,0
2026-10-04T02:12:20.0516830Z,14CA0000,40118,1100,533,340,700,340,700,2,340,110,True,False,0
2026-10-04T02:12:20.0667183Z,14CA0000,40118,1100,533,340,700,340,700,2,340,110,True,False,0
2026-10-04T02:12:20.0826850Z,14CA0000,40118,1100,533,340,700,340,700,2,340,110,True,False,0
2026-10-04T02:12:20.0976398Z,14CA0000,40118,1100,533,340,700,340,700,2,340,110,True,False,0
2026-10-04T02:12:20.1126770Z,14CA0000,40118,1100,533,340,700,340,700,2,340,110,True,False,0
2026-10-04T02:12:20.1288270Z,14CA0000,40118,1100,533,340,700,340,700,2,340,110,True,False,0
2026-10-04T02:12:20.1446463Z,14CA0000,40118,1100,533,340,700,340,700,2,340,110,True,False,0
2026-10-04T02:12:20.1606339Z,14CA0000,40118,1100,533,340,700,340,700,2,340,110,True,False,0
2026-10-04T02:12:20.1766526Z,14CA0000,40118,1100,533,340,700,340,700,2,340,110,True,False,0
2026-10-04T02:12:20.1927286Z,14CA0000,40118,1100,533,340,700,340,700,2,340,110,True,False,0
2026-10-04T02:12:20.2087009Z,14CA0000,40118,1100,533,340,700,340,700,2,340,110,True,False,0
2026-10-04T02:12:20.2237191Z,14CA0000,40118,1100,533,340,700,340,700,2,340,110,True,False,0
2026-10-04T02:12:20.2398443Z,14CA0000,40118,1100,533,340,700,340,700,2,340,110,True,False,0
2026-10-04T02:12:20.2547243Z,14CA0000,40118,1100,533,340,700,340,700,2,340,110,True,False,0
2026-10-04T02:12:20.2707047Z,14CA0000,40118,1100,533,340,700,340,700,2,340,110,True,False,0
2026-10-04T02:12:20.2861732Z,14CA0000,40118,1100,533,340,700,340,700,2,340,110,True,False,0
2026-10-04T02:12:20.3022438Z,14CA0000,40118,1100,533,340,700,340,700,2,340,110,True,False,0
2026-10-04T02:12:20.3171925Z,14CA0000,40118,1100,533,340,700,340,700,2,340,110,True,False,0
2026-10-04T02:12:20.3322207Z,14CA0000,40118,1100,533,340,700,340,700,2,340,110,True,False,0
2026-10-04T02:12:20.3477056Z,14CA0000,40118,1100,533,340,700,340,700,2,340,110,True,False,0
2026-10-04T02:12:20.3636798Z,14CA0000,40118,1100,533,340,700,340,700,2,340,110,True,False,0
2026-10-04T02:12:20.3797132Z,14CA0000,40118,1100,533,340,700,340,700,2,340,110,True,False,0
2026-10-04T02:12:20.3957050Z,14CA0000,40118,1100,533,340,700,340,700,2,340,110,True,False,0
2026-10-04T02:12:20.4117675Z,14CA0000,40118,1100,533,340,700,340,700,2,340,110,True,False,0
2026-10-04T02:12:20.4277039Z,14CA0000,40118,1100,533,340,700,340,700,2,340,110,True,False,0
2026-10-04T02:12:20.4437225Z,14CA0000,40118,1100,533,340,700,340,700,2,340,110,True,False,0
2026-10-04T02:12:20.4597164Z,14CA0000,40118,1100,533,340,700,340,700,2,340,110,True,False,0
2026-10-04T02:12:20.4756994Z,14CA0000,40118,1100,533,340,700,340,700,2,340,110,True,False,0
2026-10-04T02:12:20.4906968Z,14CA0000,40118,1100,533,340,700,340,700,2,340,110,True,False,0
2026-10-04T02:12:20.5057327Z,14CA0000,40118,1100,533,340,700,340,700,2,340,110,True,False,0
2026-10-04T02:12:20.5217514Z,14CA0000,40118,1100,533,340,700,340,700,2,340,110,True,False,0
2026-10-04T02:12:20.5376847Z,14CA0000,40118,1100,533,340,700,340,700,2,340,110,True,False,0
2026-10-04T02:12:20.5537260Z,14CA0000,40118,1100,533,340,700,340,700,2,340,110,True,False,0
2026-10-04T02:12:20.5696980Z,14CA0000,40118,1100,533,340,700,340,700,2,340,110,True,False,0
2026-10-04T02:12:20.5857352Z,14CA0000,40118,1100,533,340,700,340,700,2,340,110,True,False,0
2026-10-04T02:12:20.6016965Z,14CA0000,40118,1100,533,340,700,340,700,2,340,110,True,False,0
2026-10-04T02:12:20.6177061Z,14CA0000,40118,1100,533,340,700,340,700,2,340,110,True,False,0
2026-10-04T02:12:20.6336843Z,14CA0000,40118,1100,533,340,700,340,700,2,340,110,True,False,0
2026-10-04T02:12:20.6497148Z,14CA0000,40118,1100,533,340,700,340,700,2,340,110,True,False,0
2026-10-04T02:12:20.6657231Z,14CA0000,40118,1100,533,340,700,340,700,2,340,110,True,False,0
2026-10-04T02:12:20.6817081Z,14CA0000,40118,1100,533,340,700,340,700,2,340,110,True,False,0
2026-10-04T02:12:20.6972467Z,14CA0000,40118,1100,533,340,700,340,700,2,340,110,True,False,0
2026-10-04T02:12:20.7132547Z,14CA0000,40118,1100,533,340,700,340,700,2,340,110,True,False,0
2026-10-04T02:12:20.7292309Z,14CA0000,40118,1100,533,340,700,340,700,2,340,110,True,False,0
2026-10-04T02:12:20.7452825Z,14CA0000,40118,1100,533,340,700,340,700,2,340,110,True,False,0
2026-10-04T02:12:20.7612354Z,14CA0000,40118,1100,533,340,700,340,700,2,340,110,True,False,0
2026-10-04T02:12:20.7773031Z,14CA0000,40118,1100,533,340,700,340,700,2,340,110,True,False,0
2026-10-04T02:12:20.7927006Z,14CA0000,40118,1100,533,340,700,340,700,2,340,110,True,False,0
2026-10-04T02:12:20.8087468Z,14CA0000,40118,1100,533,340,700,340,700,2,340,110,True,False,0
2026-10-04T02:12:20.8238779Z,14CA0000,40118,1100,533,340,700,340,700,2,340,110,True,False,0
2026-10-04T02:12:20.8387195Z,14CA0000,40118,1100,533,340,700,340,700,2,340,110,True,False,0
2026-10-04T02:12:20.8537144Z,14CA0000,40118,1100,533,340,700,340,700,2,340,110,True,False,0
2026-10-04T02:12:20.8697122Z,14CA0000,40118,1100,533,340,700,340,700,2,340,110,True,False,0
2026-10-04T02:12:20.8852519Z,14CA0000,40118,1100,533,340,700,340,700,2,340,110,True,False,0
2026-10-04T02:12:20.9013624Z,14CA0000,40118,1100,533,340,700,340,700,2,340,110,True,False,0
2026-10-04T02:12:20.9172254Z,14CA0000,40118,1100,533,340,700,340,700,2,340,110,True,False,0
2026-10-04T02:12:20.9333224Z,14CA0000,40118,1100,533,340,700,340,700,2,340,110,True,False,0
2026-10-04T02:12:20.9492413Z,14CA0000,40118,1100,533,340,700,340,700,2,340,110,True,False,0
2026-10-04T02:12:20.9642394Z,14CA0000,40118,1100,533,340,700,340,700,2,340,110,True,False,0
2026-10-04T02:12:20.9802213Z,14CA0000,40118,1100,533,340,700,340,700,2,340,110,True,False,0
2026-10-04T02:12:20.9952300Z,14CA0000,40118,1100,533,340,700,340,700,2,340,110,True,False,0
2026-10-04T02:12:21.0113019Z,14CA0000,40118,1100,533,340,700,340,700,2,340,110,True,False,0
2026-10-04T02:12:21.0272662Z,14CA0000,40118,1100,533,340,700,340,700,2,340,110,True,False,0
2026-10-04T02:12:21.0433176Z,14CA0000,40118,1100,533,340,700,340,700,2,340,110,True,False,0
2026-10-04T02:12:21.0592305Z,14CA0000,40118,1100,533,340,700,340,700,2,340,110,True,False,0
2026-10-04T02:12:21.0752505Z,14CA0000,40118,1100,533,340,700,340,700,2,340,110,True,False,0
2026-10-04T02:12:21.0902748Z,14CA0000,40118,1100,533,340,700,340,700,2,340,110,True,False,0
2026-10-04T02:12:21.1052679Z,14CA0000,40118,1100,533,340,700,340,700,2,340,110,True,False,0
2026-10-04T02:12:21.1213227Z,14CA0000,40118,1100,533,340,700,340,700,2,340,110,True,False,0
2026-10-04T02:12:21.1372588Z,14CA0000,40118,1100,533,340,700,340,700,2,340,110,True,False,0
2026-10-04T02:12:21.1532635Z,14CA0000,40118,1100,533,340,700,340,700,2,340,110,True,False,0
2026-10-04T02:12:21.1692144Z,14CA0000,40118,1100,533,340,700,340,700,2,340,110,True,False,0
2026-10-04T02:12:21.1852865Z,14CA0000,40118,1100,533,340,700,340,700,2,340,110,True,False,0
2026-10-04T02:12:21.2002515Z,14CA0000,40118,1100,533,340,700,340,700,2,340,110,True,False,0
2026-10-04T02:12:21.2152446Z,14CA0000,40118,1100,533,340,700,340,700,2,340,110,True,False,0
2026-10-04T02:12:21.2302263Z,14CA0000,40118,1100,533,340,700,340,700,2,340,110,True,False,0
2026-10-04T02:12:21.2452449Z,14CA0000,40118,1100,533,340,700,340,700,2,340,110,True,False,0
2026-10-04T02:12:21.2612127Z,14CA0000,40118,1100,533,340,700,340,700,2,340,110,True,False,0
2026-10-04T02:12:21.2771910Z,14CA0000,40118,1100,533,340,700,340,700,2,340,110,True,False,0
2026-10-04T02:12:21.2932259Z,14CA0000,40118,1100,533,340,700,340,700,2,340,110,True,False,0
2026-10-04T02:12:21.3092957Z,14CA0000,40118,1100,533,340,700,340,700,2,340,110,True,False,0
2026-10-04T02:12:21.3242784Z,14CA0000,40118,1100,533,340,700,340,700,2,340,110,True,False,0
2026-10-04T02:12:21.3392551Z,14CA0000,40118,1100,533,340,700,340,700,2,340,110,True,False,0
2026-10-04T02:12:21.3542453Z,14CA0000,40118,1100,533,340,700,340,700,2,340,110,True,False,0
2026-10-04T02:12:21.3702241Z,14CA0000,40118,1100,533,340,700,340,700,2,340,110,True,False,0
2026-10-04T02:12:21.3852418Z,14CA0000,40118,1100,533,340,700,340,700,2,340,110,True,False,0
2026-10-04T02:12:21.4012028Z,14CA0000,40118,1100,533,340,700,340,700,2,340,110,True,False,0
2026-10-04T02:12:21.4172222Z,14CA0000,40118,1100,533,340,700,340,700,2,340,110,True,False,0
2026-10-04T02:12:21.4332261Z,14CA0000,40118,1100,533,340,700,340,700,2,340,110,True,False,0
2026-10-04T02:12:21.4492231Z,14CA0000,40118,1100,533,340,700,340,700,2,340,110,True,False,0
2026-10-04T02:12:21.4643323Z,14CA0000,40118,1100,533,340,700,340,700,2,340,110,True,False,0
2026-10-04T02:12:21.4803059Z,14CA0000,40118,1100,533,340,700,340,700,2,340,110,True,False,0
2026-10-04T02:12:21.4952321Z,14CA0000,40118,1100,533,340,700,340,700,2,340,110,True,False,0
2026-10-04T02:12:21.5112463Z,14CA0000,40118,1100,533,340,700,340,700,2,340,110,True,False,0
2026-10-04T02:12:21.5262286Z,14CA0000,40118,1100,533,340,700,340,700,2,340,110,True,False,0
2026-10-04T02:12:21.5412156Z,14CA0000,40118,1100,533,340,700,340,700,2,340,110,True,False,0
2026-10-04T02:12:21.5564042Z,14CA0000,40118,1100,533,340,700,340,700,2,340,110,True,False,0
2026-10-04T02:12:21.5722226Z,14CA0000,40118,1100,533,340,700,340,700,2,340,110,True,False,0
2026-10-04T02:12:21.5872959Z,14CA0000,40118,1100,533,340,700,340,700,2,340,110,True,False,0
2026-10-04T02:12:21.6032259Z,14CA0000,40118,1100,533,340,700,340,700,2,340,110,True,False,0
2026-10-04T02:12:21.6182446Z,14CA0000,40118,1100,533,340,700,340,700,2,340,110,True,False,0
2026-10-04T02:12:21.6332333Z,14CA0000,40118,1100,533,340,700,340,700,2,340,110,True,False,0
2026-10-04T02:12:21.6492485Z,14CA0000,40118,1100,533,340,700,340,700,2,340,110,True,False,0
2026-10-04T02:12:21.6642518Z,14CA0000,40118,1100,533,340,700,340,700,2,340,110,True,False,0
2026-10-04T02:12:21.6792371Z,14CA0000,40118,1100,533,340,700,340,700,2,340,110,True,False,0
2026-10-04T02:12:21.6952360Z,14CA0000,40118,1100,533,340,700,340,700,2,340,110,True,False,0
2026-10-04T02:12:21.7112488Z,14CA0000,40118,1100,533,340,700,340,700,2,340,110,True,False,0
2026-10-04T02:12:21.7272283Z,14CA0000,40118,1100,533,340,700,340,700,2,340,110,True,False,0
2026-10-04T02:12:21.7432605Z,14CA0000,40118,1100,533,340,700,340,700,2,340,110,True,False,0
2026-10-04T02:12:21.7592788Z,14CA0000,40118,1100,533,340,700,340,700,2,340,110,True,False,0
2026-10-04T02:12:21.7752445Z,14CA0000,40118,1100,533,340,700,340,700,2,340,110,True,False,0
2026-10-04T02:12:21.7902320Z,14CA0000,40118,1100,533,340,700,340,700,2,340,110,True,False,0
2026-10-04T02:12:21.8063103Z,14CA0000,40118,1100,533,340,700,340,700,2,340,110,True,False,0
2026-10-04T02:12:21.8212660Z,14CA0000,40118,1100,533,340,700,340,700,2,340,110,True,False,0
2026-10-04T02:12:21.8372362Z,14CA0000,40118,1100,533,340,700,340,700,2,340,110,True,False,0
2026-10-04T02:12:21.8523825Z,14CA0000,40118,1100,533,340,700,340,700,2,340,110,True,False,0
2026-10-04T02:12:21.8673931Z,14CA0000,40118,1100,533,340,700,340,700,2,340,110,True,False,0
2026-10-04T02:12:21.8828218Z,14CA0000,40118,1100,533,340,700,340,700,2,340,110,True,False,0
2026-10-04T02:12:21.8987951Z,14CA0000,40118,1100,533,340,700,340,700,2,340,110,True,False,0
2026-10-04T02:12:21.9148472Z,14CA0000,40118,1100,533,340,700,340,700,2,340,110,True,False,0
2026-10-04T02:12:21.9308673Z,14CA0000,40118,1100,533,340,700,340,700,2,340,110,True,False,0
2026-10-04T02:12:21.9467730Z,14CA0000,40118,1100,533,340,700,340,700,2,340,110,True,False,0
2026-10-04T02:12:21.9628054Z,14CA0000,40118,1100,533,340,700,340,700,2,340,110,True,False,0
2026-10-04T02:12:21.9788089Z,14CA0000,40118,1100,533,340,700,340,700,2,340,110,True,False,0
2026-10-04T02:12:21.9948289Z,14CA0000,40118,1100,533,340,700,340,700,2,340,110,True,False,0
2026-10-04T02:12:22.0108109Z,14CA0000,40118,1100,533,340,700,340,700,2,340,110,True,False,0
2026-10-04T02:12:22.0268292Z,14CA0000,40118,1100,533,340,700,340,700,2,340,110,True,False,0
2026-10-04T02:12:22.0428534Z,14CA0000,40118,1100,533,340,700,340,700,2,340,110,True,False,0
2026-10-04T02:12:22.0588152Z,14CA0000,40118,1100,533,340,700,340,700,2,340,110,True,False,0
2026-10-04T02:12:22.0738066Z,14CA0000,40118,1100,533,340,700,340,700,2,340,110,True,False,0
2026-10-04T02:12:22.0898320Z,14CA0000,40118,1100,533,340,700,340,700,2,340,110,True,False,0
2026-10-04T02:12:22.1048487Z,14CA0000,40118,1100,533,340,700,340,700,2,340,110,True,False,0
2026-10-04T02:12:22.1208432Z,14CA0000,40118,1100,533,340,700,340,700,2,340,110,True,False,0
2026-10-04T02:12:22.1368154Z,14CA0000,40118,1100,533,340,700,340,700,2,340,110,True,False,0
2026-10-04T02:12:22.1528214Z,14CA0000,40118,1100,533,340,700,340,700,2,340,110,True,False,0
2026-10-04T02:12:22.1688061Z,14CA0000,40118,1100,533,340,700,340,700,2,340,110,True,False,0
2026-10-04T02:12:22.1839178Z,14CA0000,40118,1100,533,340,700,340,700,2,340,110,True,False,0
2026-10-04T02:12:22.1999139Z,14CA0000,40118,1100,533,340,700,340,700,2,340,110,True,False,0
2026-10-04T02:12:22.2150601Z,14CA0000,40118,1100,533,340,700,340,700,2,340,110,True,False,0
2026-10-04T02:12:22.2308104Z,14CA0000,40118,1100,533,340,700,340,700,2,340,110,True,False,0
2026-10-04T02:12:22.2468332Z,14CA0000,40118,1100,533,340,700,340,700,2,340,110,True,False,0
2026-10-04T02:12:22.2627849Z,14CA0000,40118,1100,533,340,700,340,700,2,340,110,True,False,0
2026-10-04T02:12:22.2788434Z,14CA0000,40118,1100,533,340,700,340,700,2,340,110,True,False,0
2026-10-04T02:12:22.2948016Z,14CA0000,40118,1100,533,340,700,340,700,2,340,110,True,False,0
2026-10-04T02:12:22.3108689Z,14CA0000,40118,1100,533,340,700,340,700,2,340,110,True,False,0
2026-10-04T02:12:22.3269825Z,14CA0000,40118,1100,533,340,700,340,700,2,340,110,True,False,0
2026-10-04T02:12:22.3428276Z,14CA0000,40118,1100,533,340,700,340,700,2,340,110,True,False,0
2026-10-04T02:12:22.3588364Z,14CA0000,40118,1100,533,340,700,340,700,2,340,110,True,False,0
2026-10-04T02:12:22.3748296Z,14CA0000,40118,1100,533,340,700,340,700,2,340,110,True,False,0
2026-10-04T02:12:22.3908346Z,14CA0000,40118,1100,533,340,700,340,700,2,340,110,True,False,0
2026-10-04T02:12:22.4068431Z,14CA0000,40118,1100,533,340,700,340,700,2,340,110,True,False,0
2026-10-04T02:12:22.4229602Z,14CA0000,40118,1100,533,340,700,340,700,2,340,110,True,False,0
2026-10-04T02:12:22.4388265Z,14CA0000,40118,1100,533,340,700,340,700,2,340,110,True,False,0
2026-10-04T02:12:22.4548787Z,14CA0000,40118,1100,533,340,700,340,700,2,340,110,True,False,0
2026-10-04T02:12:22.4708151Z,14CA0000,40118,1100,533,340,700,340,700,2,340,110,True,False,0
2026-10-04T02:12:22.4868309Z,14CA0000,40118,1100,533,340,700,340,700,2,340,110,True,False,0
2026-10-04T02:12:22.5028205Z,14CA0000,40118,1100,533,340,700,340,700,2,340,110,True,False,0
2026-10-04T02:12:22.5188452Z,14CA0000,40118,1100,533,340,700,340,700,2,340,110,True,False,0
2026-10-04T02:12:22.5340384Z,14CA0000,40118,1100,533,340,700,340,700,2,340,110,True,False,0
2026-10-04T02:12:22.5488209Z,14CA0000,40118,1100,533,340,700,340,700,2,340,110,True,False,0
2026-10-04T02:12:22.5648540Z,14CA0000,40118,1100,533,340,700,340,700,2,340,110,True,False,0
2026-10-04T02:12:22.5807973Z,14CA0000,40118,1100,533,340,700,340,700,2,340,110,True,False,0
2026-10-04T02:12:22.5968233Z,14CA0000,40118,1100,533,340,700,340,700,2,340,110,True,False,0
2026-10-04T02:12:22.6123206Z,14CA0000,40118,1100,533,340,700,340,700,2,340,110,True,False,0
2026-10-04T02:12:22.6283212Z,14CA0000,40118,1100,533,340,700,340,700,2,340,110,True,False,0
2026-10-04T02:12:22.6444649Z,14CA0000,40118,1100,533,340,700,340,700,2,340,110,True,False,0
2026-10-04T02:12:22.6603293Z,14CA0000,40118,1100,533,340,700,340,700,2,340,110,True,False,0
2026-10-04T02:12:22.6763032Z,14CA0000,40118,1100,533,340,700,340,700,2,340,110,True,False,0
2026-10-04T02:12:22.6923285Z,14CA0000,40118,1100,533,340,700,340,700,2,340,110,True,False,0
2026-10-04T02:12:22.7082982Z,14CA0000,40118,1100,533,340,700,340,700,2,340,110,True,False,0
2026-10-04T02:12:22.7233907Z,14CA0000,40118,1100,533,340,700,340,700,2,340,110,True,False,0
2026-10-04T02:12:22.7393252Z,14CA0000,40118,1100,533,340,700,340,700,2,340,110,True,False,0
2026-10-04T02:12:22.7546216Z,14CA0000,40118,1100,533,340,700,340,700,2,340,110,True,False,0
2026-10-04T02:12:22.7703088Z,14CA0000,40118,1100,533,340,700,340,700,2,340,110,True,False,0
2026-10-04T02:12:22.7863963Z,14CA0000,40118,1100,533,340,700,340,700,2,340,110,True,False,0
2026-10-04T02:12:22.8024084Z,14CA0000,40118,1100,533,340,700,340,700,2,340,110,True,False,0
2026-10-04T02:12:22.8183147Z,14CA0000,40118,1100,533,340,700,340,700,2,340,110,True,False,0
2026-10-04T02:12:22.8343075Z,14CA0000,40118,1100,533,340,700,340,700,2,340,110,True,False,0
2026-10-04T02:12:22.8503793Z,14CA0000,40118,1100,533,340,700,340,700,2,340,110,True,False,0
2026-10-04T02:12:22.8665167Z,14CA0000,40118,1100,533,340,700,340,700,2,340,110,True,False,0
2026-10-04T02:12:22.8827254Z,14CA0000,40118,1100,533,340,700,340,700,2,340,110,True,False,0
2026-10-04T02:12:22.8983296Z,14CA0000,40118,1100,533,340,700,340,700,2,340,110,True,False,0
2026-10-04T02:12:22.9137666Z,14CA0000,40118,1100,533,340,700,340,700,2,340,110,True,False,0
2026-10-04T02:12:22.9298165Z,14CA0000,40118,1100,533,340,700,340,700,2,340,110,True,False,0
2026-10-04T02:12:22.9459862Z,14CA0000,40118,1100,533,340,700,340,700,2,340,110,True,False,0
2026-10-04T02:12:22.9617767Z,14CA0000,40118,1100,533,340,700,340,700,2,340,110,True,False,0
2026-10-04T02:12:22.9779482Z,14CA0000,40118,1100,533,340,700,340,700,2,340,110,True,False,0
2026-10-04T02:12:22.9937990Z,14CA0000,40118,1100,533,340,700,340,700,2,340,110,True,False,0
2026-10-04T02:12:23.0090219Z,14CA0000,40118,1100,533,340,700,340,700,2,340,110,True,False,0
2026-10-04T02:12:23.0240020Z,14CA0000,40118,1100,533,340,700,340,700,2,340,110,True,False,0
2026-10-04T02:12:23.0400409Z,14CA0000,40118,1100,533,340,700,340,700,2,340,110,True,False,0
2026-10-04T02:12:23.0559934Z,14CA0000,40118,1100,533,340,700,340,700,2,340,110,True,False,0
2026-10-04T02:12:23.0720320Z,14CA0000,40118,1100,533,340,700,340,700,2,340,110,True,False,0
2026-10-04T02:12:23.0880821Z,14CA0000,40118,1100,533,340,700,340,700,2,340,110,True,False,0
2026-10-04T02:12:23.1040378Z,14CA0000,40118,1100,533,340,700,340,700,2,340,110,True,False,0
2026-10-04T02:12:23.1199904Z,14CA0000,40118,1100,533,340,700,340,700,2,340,110,True,False,0
2026-10-04T02:12:23.1360109Z,14CA0000,40118,1100,533,340,700,340,700,2,340,110,True,False,0
2026-10-04T02:12:23.1520024Z,14CA0000,40118,1100,533,340,700,340,700,2,340,110,True,False,0
2026-10-04T02:12:23.1672710Z,14CA0000,40118,1100,533,340,700,340,700,2,340,110,True,False,0
2026-10-04T02:12:23.1833363Z,14CA0000,40118,1100,533,340,700,340,700,2,340,110,True,False,0
2026-10-04T02:12:23.1993074Z,14CA0000,40118,1100,533,340,700,340,700,2,340,110,True,False,0
2026-10-04T02:12:23.2153169Z,14CA0000,40118,1100,533,340,700,340,700,2,340,110,True,False,0
2026-10-04T02:12:23.2313032Z,14CA0000,40118,1100,533,340,700,340,700,2,340,110,True,False,0
2026-10-04T02:12:23.2472696Z,14CA0000,40118,1100,533,340,700,340,700,2,340,110,True,False,0
2026-10-04T02:12:23.2632811Z,14CA0000,40118,1100,533,340,700,340,700,2,340,110,True,False,0
2026-10-04T02:12:23.2792592Z,14CA0000,40118,1100,533,340,700,340,700,2,340,110,True,False,0
2026-10-04T02:12:23.2952921Z,14CA0000,40118,1100,533,340,700,340,700,2,340,110,True,False,0
2026-10-04T02:12:23.3113256Z,14CA0000,40118,1100,533,340,700,340,700,2,340,110,True,False,0
2026-10-04T02:12:23.3272467Z,14CA0000,40118,1100,533,340,700,340,700,2,340,110,True,False,0
2026-10-04T02:12:23.3432552Z,14CA0000,40118,1100,533,340,700,340,700,2,340,110,True,False,0
2026-10-04T02:12:23.3592864Z,14CA0000,40118,1100,533,340,700,340,700,2,340,110,True,False,0
2026-10-04T02:12:23.3752600Z,14CA0000,40118,1100,533,340,700,340,700,2,340,110,True,False,0
2026-10-04T02:12:23.3912890Z,14CA0000,40118,1100,533,340,700,340,700,2,340,110,True,False,0
2026-10-04T02:12:23.4074624Z,14CA0000,40118,1100,533,340,700,340,700,2,340,110,True,False,0
2026-10-04T02:12:23.4233277Z,14CA0000,40118,1100,533,340,700,340,700,2,340,110,True,False,0
2026-10-04T02:12:23.4392807Z,14CA0000,40118,1100,533,340,700,340,700,2,340,110,True,False,0
2026-10-04T02:12:23.4552985Z,14CA0000,40118,1100,533,340,700,340,700,2,340,110,True,False,0
2026-10-04T02:12:23.4713150Z,14CA0000,40118,1100,533,340,700,340,700,2,340,110,True,False,0
2026-10-04T02:12:23.4872891Z,14CA0000,40118,1100,533,340,700,340,700,2,340,110,True,False,0
2026-10-04T02:12:23.5032612Z,14CA0000,40118,1100,533,340,700,340,700,2,340,110,True,False,0
2026-10-04T02:12:23.5194087Z,14CA0000,40118,1100,533,340,700,340,700,2,340,110,True,False,0
2026-10-04T02:12:23.5342788Z,14CA0000,40118,1100,533,340,700,340,700,2,340,110,True,False,0
2026-10-04T02:12:23.5492969Z,14CA0000,40118,1100,533,340,700,340,700,2,340,110,True,False,0
2026-10-04T02:12:23.5642607Z,14CA0000,40118,1100,533,340,700,340,700,2,340,110,True,False,0
2026-10-04T02:12:23.5802733Z,14CA0000,40118,1100,533,340,700,340,700,2,340,110,True,False,0
2026-10-04T02:12:23.5952759Z,14CA0000,40118,1100,533,340,700,340,700,2,340,110,True,False,0
2026-10-04T02:12:23.6112641Z,14CA0000,40118,1100,533,340,700,340,700,2,340,110,True,False,0
2026-10-04T02:12:23.6273767Z,14CA0000,40118,1100,533,340,700,340,700,2,340,110,True,False,0
2026-10-04T02:12:23.6432924Z,14CA0000,40118,1100,533,340,700,340,700,2,340,110,True,False,0
2026-10-04T02:12:23.6592695Z,14CA0000,40118,1100,533,340,700,340,700,2,340,110,True,False,0
2026-10-04T02:12:23.6752682Z,14CA0000,40118,1100,533,340,700,340,700,2,340,110,True,False,0
2026-10-04T02:12:23.6903038Z,14CA0000,40118,1100,533,340,700,340,700,2,340,110,True,False,0
2026-10-04T02:12:23.7052775Z,14CA0000,40118,1100,533,340,700,340,700,2,340,110,True,False,0
2026-10-04T02:12:23.7212691Z,14CA0000,40118,1100,533,340,700,340,700,2,340,110,True,False,0
2026-10-04T02:12:23.7364037Z,14CA0000,40118,1100,533,340,700,340,700,2,340,110,True,False,0
2026-10-04T02:12:23.7513008Z,14CA0000,40118,1100,533,340,700,340,700,2,340,110,True,False,0
2026-10-04T02:12:23.7663023Z,14CA0000,40118,1100,533,340,700,340,700,2,340,110,True,False,0
2026-10-04T02:12:23.7823012Z,14CA0000,40118,1100,533,340,700,340,700,2,340,110,True,False,0
2026-10-04T02:12:23.7973104Z,14CA0000,40118,1100,533,340,700,340,700,2,340,110,True,False,0
2026-10-04T02:12:23.8127562Z,14CA0000,40118,1100,533,340,700,340,700,2,340,110,True,False,0
2026-10-04T02:12:23.8286983Z,14CA0000,40118,1100,533,340,700,340,700,2,340,110,True,False,0
2026-10-04T02:12:23.8441072Z,14CA0000,40118,1100,533,340,700,340,700,2,340,110,True,False,0
2026-10-04T02:12:23.8599163Z,14CA0000,40118,1100,533,340,700,340,700,2,340,110,True,False,0
2026-10-04T02:12:23.8749037Z,14CA0000,40118,1100,533,340,700,340,700,2,340,110,True,False,0
2026-10-04T02:12:23.8899597Z,14CA0000,40118,1100,533,340,700,340,700,2,340,110,True,False,0
2026-10-04T02:12:23.9059076Z,14CA0000,40118,1100,533,340,700,340,700,2,340,110,True,False,0
2026-10-04T02:12:23.9216290Z,14CA0000,40118,1100,533,340,700,340,700,2,340,110,True,False,0
2026-10-04T02:12:23.9377222Z,14CA0000,40118,1100,533,340,700,340,700,2,340,110,True,False,0
2026-10-04T02:12:23.9536028Z,14CA0000,40118,1100,533,340,700,340,700,2,340,110,True,False,0
2026-10-04T02:12:23.9684589Z,14CA0000,40118,1100,533,340,700,340,700,2,340,110,True,False,0
2026-10-04T02:12:23.9834598Z,14CA0000,40118,1100,533,340,700,340,700,2,340,110,True,False,0
2026-10-04T02:12:23.9994611Z,14CA0000,40118,1100,533,340,700,340,700,2,340,110,True,False,0
2026-10-04T02:12:24.0154685Z,14CA0000,40118,1100,533,340,700,340,700,2,340,110,True,False,0
2026-10-04T02:12:24.0314327Z,14CA0000,40118,1100,533,340,700,340,700,2,340,110,True,False,0
2026-10-04T02:12:24.0474207Z,14CA0000,40118,1100,533,340,700,340,700,2,340,110,True,False,0
2026-10-04T02:12:24.0636796Z,14CA0000,40118,1100,533,340,700,340,700,2,340,110,True,False,0
2026-10-04T02:12:24.0794754Z,14CA0000,40118,1100,533,340,700,340,700,2,340,110,True,False,0
2026-10-04T02:12:24.0954554Z,14CA0000,40118,1100,533,340,700,340,700,2,340,110,True,False,0
2026-10-04T02:12:24.1114502Z,14CA0000,40118,1100,533,340,700,340,700,2,340,110,True,False,0
2026-10-04T02:12:24.1274110Z,14CA0000,40118,1100,533,340,700,340,700,2,340,110,True,False,0
2026-10-04T02:12:24.1434586Z,14CA0000,40118,1100,533,340,700,340,700,2,340,110,True,False,0
2026-10-04T02:12:24.1594500Z,14CA0000,40118,1100,533,340,700,340,700,2,340,110,True,False,0
2026-10-04T02:12:24.1756223Z,14CA0000,40118,1100,533,340,700,340,700,2,340,110,True,False,0
2026-10-04T02:12:24.1905479Z,14CA0000,40118,1100,533,340,700,340,700,2,340,110,True,False,0
2026-10-04T02:12:24.2054787Z,14CA0000,40118,1100,533,340,700,340,700,2,340,110,True,False,0
2026-10-04T02:12:24.2210143Z,14CA0000,40118,1100,533,340,700,340,700,2,340,110,True,False,0
2026-10-04T02:12:24.2369782Z,14CA0000,40118,1100,533,340,700,340,700,2,340,110,True,False,0
2026-10-04T02:12:24.2529654Z,14CA0000,40118,1100,533,340,700,340,700,2,340,110,True,False,0
2026-10-04T02:12:24.2689572Z,14CA0000,40118,1100,533,340,700,340,700,2,340,110,True,False,0
2026-10-04T02:12:24.2841298Z,14CA0000,40118,1100,533,340,700,340,700,2,340,110,True,False,0
2026-10-04T02:12:24.3000043Z,14CA0000,40118,1100,533,340,700,340,700,2,340,110,True,False,0
2026-10-04T02:12:24.3155162Z,14CA0000,40118,1100,533,340,700,340,700,2,340,110,True,False,0
2026-10-04T02:12:24.3314728Z,14CA0000,40118,1100,533,340,700,340,700,2,340,110,True,False,0
2026-10-04T02:12:24.3474813Z,14CA0000,40118,1100,533,340,700,340,700,2,340,110,True,False,0
2026-10-04T02:12:24.3634660Z,14CA0000,40118,1100,533,340,700,340,700,2,340,110,True,False,0
2026-10-04T02:12:24.3794541Z,14CA0000,40118,1100,533,340,700,340,700,2,340,110,True,False,0
2026-10-04T02:12:24.3954643Z,14CA0000,40118,1100,533,340,700,340,700,2,340,110,True,False,0
2026-10-04T02:12:24.4104904Z,14CA0000,40118,1100,533,340,700,340,700,2,340,110,True,False,0
2026-10-04T02:12:24.4254766Z,14CA0000,40118,1100,533,340,700,340,700,2,340,110,True,False,0
2026-10-04T02:12:24.4404836Z,14CA0000,40118,1100,533,340,700,340,700,2,340,110,True,False,0
2026-10-04T02:12:24.4560628Z,14CA0000,40118,1100,533,340,700,340,700,2,340,110,True,False,0
2026-10-04T02:12:24.4715741Z,14CA0000,40118,1100,533,340,700,340,700,2,340,110,True,False,0
2026-10-04T02:12:24.4876188Z,14CA0000,40118,1100,533,340,700,340,700,2,340,110,True,False,0
2026-10-04T02:12:24.5037856Z,14CA0000,40118,1100,533,340,700,340,700,2,340,110,True,False,0
2026-10-04T02:12:24.5195983Z,14CA0000,40118,1100,533,340,700,340,700,2,340,110,True,False,0
2026-10-04T02:12:24.5355262Z,14CA0000,40118,1100,533,340,700,340,700,2,340,110,True,False,0
2026-10-04T02:12:24.5515994Z,14CA0000,40118,1100,533,340,700,340,700,2,340,110,True,False,0
2026-10-04T02:12:24.5675478Z,14CA0000,40118,1100,533,340,700,340,700,2,340,110,True,False,0
2026-10-04T02:12:24.5835541Z,14CA0000,40118,1100,533,340,700,340,700,2,340,110,True,False,0
2026-10-04T02:12:24.5984978Z,14CA0000,40118,1100,533,340,700,340,700,2,340,110,True,False,0
2026-10-04T02:12:24.6136614Z,14CA0000,40118,1100,533,340,700,340,700,2,340,110,True,False,0
2026-10-04T02:12:24.6295331Z,14CA0000,40118,1100,533,340,700,340,700,2,340,110,True,False,0
2026-10-04T02:12:24.6455151Z,14CA0000,40118,1100,533,340,700,340,700,2,340,110,True,False,0
2026-10-04T02:12:24.6615103Z,14CA0000,40118,1100,533,340,700,340,700,2,340,110,True,False,0
2026-10-04T02:12:24.6775068Z,14CA0000,40118,1100,533,340,700,340,700,2,340,110,True,False,0
2026-10-04T02:12:24.6934941Z,14CA0000,40118,1100,533,340,700,340,700,2,340,110,True,False,0
2026-10-04T02:12:24.7094971Z,14CA0000,40118,1100,533,340,700,340,700,2,340,110,True,False,0
2026-10-04T02:12:24.7252292Z,14CA0000,40118,1100,533,340,700,340,700,2,340,110,True,False,0
2026-10-04T02:12:24.7400914Z,14CA0000,40118,1100,533,340,700,340,700,2,340,110,True,False,0
2026-10-04T02:12:24.7560459Z,14CA0000,40118,1100,533,340,700,340,700,2,340,110,True,False,0
2026-10-04T02:12:24.7720408Z,14CA0000,40118,1100,533,340,700,340,700,2,340,110,True,False,0
2026-10-04T02:12:24.7879787Z,14CA0000,40118,1100,533,340,700,340,700,2,340,110,True,False,0
2026-10-04T02:12:24.8041192Z,14CA0000,40118,1100,533,340,700,340,700,2,340,110,True,False,0
2026-10-04T02:12:24.8200264Z,14CA0000,40118,1100,533,340,700,340,700,2,340,110,True,False,0
2026-10-04T02:12:24.8361955Z,14CA0000,40118,1100,533,340,700,340,700,2,340,110,True,False,0
2026-10-04T02:12:24.8510525Z,14CA0000,40118,1100,533,340,700,340,700,2,340,110,True,False,0
2026-10-04T02:12:24.8660340Z,14CA0000,40118,1100,533,340,700,340,700,2,340,110,True,False,0
2026-10-04T02:12:24.8820719Z,14CA0000,40118,1100,533,340,700,340,700,2,340,110,True,False,0
2026-10-04T02:12:24.8980462Z,14CA0000,40118,1100,533,340,700,340,700,2,340,110,True,False,0
2026-10-04T02:12:24.9140841Z,14CA0000,40118,1100,533,340,700,340,700,2,340,110,True,False,0
2026-10-04T02:12:24.9300812Z,14CA0000,40118,1100,533,340,700,340,700,2,340,110,True,False,0
2026-10-04T02:12:24.9462237Z,14CA0000,40118,1100,533,340,700,340,700,2,340,110,True,False,0
2026-10-04T02:12:24.9620419Z,14CA0000,40118,1100,533,340,700,340,700,2,340,110,True,False,0
2026-10-04T02:12:24.9780140Z,14CA0000,40118,1100,533,340,700,340,700,2,340,110,True,False,0
2026-10-04T02:12:24.9940384Z,14CA0000,40118,1100,533,340,700,340,700,2,340,110,True,False,0
2026-10-04T02:12:25.0100647Z,14CA0000,40118,1100,533,340,700,340,700,2,340,110,True,False,0
2026-10-04T02:12:25.0260343Z,14CA0000,40118,1100,533,340,700,340,700,2,340,110,True,False,0
2026-10-04T02:12:25.0420570Z,14CA0000,40118,1100,533,340,700,340,700,2,340,110,True,False,0
2026-10-04T02:12:25.0570672Z,14CA0000,40118,1100,533,340,700,340,700,2,340,110,True,False,0
2026-10-04T02:12:25.0720230Z,14CA0000,40118,1100,533,340,700,340,700,2,340,110,True,False,0
2026-10-04T02:12:25.0880860Z,14CA0000,40118,1100,533,340,700,340,700,2,340,110,True,False,0
2026-10-04T02:12:25.1040384Z,14CA0000,40118,1100,533,340,700,340,700,2,340,110,True,False,0
2026-10-04T02:12:25.1190196Z,14CA0000,40118,1100,533,340,700,340,700,2,340,110,True,False,0
2026-10-04T02:12:25.1340039Z,14CA0000,40118,1100,533,340,700,340,700,2,340,110,True,False,0
2026-10-04T02:12:25.1490331Z,14CA0000,40118,1100,533,340,700,340,700,2,340,110,True,False,0
2026-10-04T02:12:25.1650151Z,14CA0000,40118,1100,533,340,700,340,700,2,340,110,True,False,0
2026-10-04T02:12:25.1810909Z,14CA0000,40118,1100,533,340,700,340,700,2,340,110,True,False,0
2026-10-04T02:12:25.1970366Z,14CA0000,40118,1100,533,340,700,340,700,2,340,110,True,False,0
2026-10-04T02:12:25.2130309Z,14CA0000,40118,1100,533,340,700,340,700,2,340,110,True,False,0
2026-10-04T02:12:25.2290189Z,14CA0000,40118,1100,533,340,700,340,700,2,340,110,True,False,0
2026-10-04T02:12:25.2451496Z,14CA0000,40118,1100,533,340,700,340,700,2,340,110,True,False,0
2026-10-04T02:12:25.2610344Z,14CA0000,40118,1100,533,340,700,340,700,2,340,110,True,False,0
2026-10-04T02:12:25.2770400Z,14CA0000,40118,1100,533,340,700,340,700,2,340,110,True,False,0
2026-10-04T02:12:25.2930278Z,14CA0000,40118,1100,533,340,700,340,700,2,340,110,True,False,0
2026-10-04T02:12:25.3090945Z,14CA0000,40118,1100,533,340,700,340,700,2,340,110,True,False,0
2026-10-04T02:12:25.3245652Z,14CA0000,40118,1100,533,340,700,340,700,2,340,110,True,False,0
2026-10-04T02:12:25.3405648Z,14CA0000,40118,1100,533,340,700,340,700,2,340,110,True,False,0
2026-10-04T02:12:25.3565469Z,14CA0000,40118,1100,533,340,700,340,700,2,340,110,True,False,0
2026-10-04T02:12:25.3725635Z,14CA0000,40118,1100,533,340,700,340,700,2,340,110,True,False,0
2026-10-04T02:12:25.3875591Z,14CA0000,40118,1100,533,340,700,340,700,2,340,110,True,False,0
2026-10-04T02:12:25.4035755Z,14CA0000,40118,1100,533,340,700,340,700,2,340,110,True,False,0
2026-10-04T02:12:25.4185541Z,14CA0000,40118,1100,533,340,700,340,700,2,340,110,True,False,0
2026-10-04T02:12:25.4341358Z,14CA0000,40118,1100,533,340,700,340,700,2,340,110,True,False,0
2026-10-04T02:12:25.4501203Z,14CA0000,40118,1100,533,340,700,340,700,2,340,110,True,False,0
2026-10-04T02:12:25.4660804Z,14CA0000,40118,1100,533,340,700,340,700,2,340,110,True,False,0
2026-10-04T02:12:25.4827415Z,14CA0000,40118,1100,533,340,700,340,700,2,340,110,True,False,0
2026-10-04T02:12:25.4980684Z,14CA0000,40118,1100,533,340,700,340,700,2,340,110,True,False,0
2026-10-04T02:12:25.5140954Z,14CA0000,40118,1100,533,340,700,340,700,2,340,110,True,False,0
2026-10-04T02:12:25.5301009Z,14CA0000,40118,1100,533,340,700,340,700,2,340,110,True,False,0
2026-10-04T02:12:25.5460858Z,14CA0000,40118,1100,533,340,700,340,700,2,340,110,True,False,0
2026-10-04T02:12:25.5620731Z,14CA0000,40118,1100,533,340,700,340,700,2,340,110,True,False,0
2026-10-04T02:12:25.5780505Z,14CA0000,40118,1100,533,340,700,340,700,2,340,110,True,False,0
2026-10-04T02:12:25.5941142Z,14CA0000,40118,1100,533,340,700,340,700,2,340,110,True,False,0
2026-10-04T02:12:25.6100619Z,14CA0000,40118,1100,533,340,700,340,700,2,340,110,True,False,0
2026-10-04T02:12:25.6260618Z,14CA0000,40118,1100,533,340,700,340,700,2,340,110,True,False,0
2026-10-04T02:12:25.6420585Z,14CA0000,40118,1100,533,340,700,340,700,2,340,110,True,False,0
2026-10-04T02:12:25.6580544Z,14CA0000,40118,1100,533,340,700,340,700,2,340,110,True,False,0
2026-10-04T02:12:25.6730652Z,14CA0000,40118,1100,533,340,700,340,700,2,340,110,True,False,0
2026-10-04T02:12:25.6883396Z,14CA0000,40118,1100,533,340,700,340,700,2,340,110,True,False,0
2026-10-04T02:12:25.7043667Z,14CA0000,40118,1100,533,340,700,340,700,2,340,110,True,False,0
2026-10-04T02:12:25.7201658Z,14CA0000,40118,1100,533,340,700,340,700,2,340,110,True,False,0
2026-10-04T02:12:25.7361864Z,14CA0000,40118,1100,533,340,700,340,700,2,340,110,True,False,0
2026-10-04T02:12:25.7511063Z,14CA0000,40118,1100,533,340,700,340,700,2,340,110,True,False,0
2026-10-04T02:12:25.7661126Z,14CA0000,40118,1100,533,340,700,340,700,2,340,110,True,False,0
2026-10-04T02:12:25.7820621Z,14CA0000,40118,1100,533,340,700,340,700,2,340,110,True,False,0
2026-10-04T02:12:25.7981475Z,14CA0000,40118,1100,533,340,700,340,700,2,340,110,True,False,0
2026-10-04T02:12:25.8143844Z,14CA0000,40118,1100,533,340,700,340,700,2,340,110,True,False,0
2026-10-04T02:12:25.8300976Z,14CA0000,40118,1100,533,340,700,340,700,2,340,110,True,False,0
2026-10-04T02:12:25.8457432Z,14CA0000,40118,1100,533,340,700,340,700,2,340,110,True,False,0
2026-10-04T02:12:25.8612702Z,14CA0000,40118,1100,533,340,700,340,700,2,340,110,True,False,0
2026-10-04T02:12:25.8762986Z,14CA0000,40118,1100,533,340,700,340,700,2,340,110,True,False,0
2026-10-04T02:12:25.8922648Z,14CA0000,40118,1100,533,340,700,340,700,2,340,110,True,False,0
2026-10-04T02:12:25.9073062Z,14CA0000,40118,1100,533,340,700,340,700,2,340,110,True,False,0
2026-10-04T02:12:25.9225245Z,14CA0000,40118,1100,533,340,700,340,700,2,340,110,True,False,0
2026-10-04T02:12:25.9386128Z,14CA0000,40118,1100,533,340,700,340,700,2,340,110,True,False,0
2026-10-04T02:12:25.9542966Z,14CA0000,40118,1100,533,340,700,340,700,2,340,110,True,False,0
2026-10-04T02:12:25.9702820Z,14CA0000,40118,1100,533,340,700,340,700,2,340,110,True,False,0
2026-10-04T02:12:25.9862570Z,14CA0000,40118,1100,533,340,700,340,700,2,340,110,True,False,0
2026-10-04T02:12:26.0023122Z,14CA0000,40118,1100,533,340,700,340,700,2,340,110,True,False,0
2026-10-04T02:12:26.0182705Z,14CA0000,40118,1100,533,340,700,340,700,2,340,110,True,False,0
2026-10-04T02:12:26.0334747Z,14CA0000,40118,1100,533,340,700,340,700,2,340,110,True,False,0
2026-10-04T02:12:26.0492850Z,14CA0000,40118,1100,533,340,700,340,700,2,340,110,True,False,0
2026-10-04T02:12:26.0642545Z,14CA0000,40118,1100,533,340,700,340,700,2,340,110,True,False,0
2026-10-04T02:12:26.0802583Z,14CA0000,40118,1100,533,340,700,340,700,2,340,110,True,False,0
2026-10-04T02:12:26.0962872Z,14CA0000,40118,1100,533,340,700,340,700,2,340,110,True,False,0
2026-10-04T02:12:26.1122523Z,14CA0000,40118,1100,533,340,700,340,700,2,340,110,True,False,0
2026-10-04T02:12:26.1272482Z,14CA0000,40118,1100,533,340,700,340,700,2,340,110,True,False,0
2026-10-04T02:12:26.1423534Z,14CA0000,40118,1100,533,340,700,340,700,2,340,110,True,False,0
2026-10-04T02:12:26.1582656Z,14CA0000,40118,1100,533,340,700,340,700,2,340,110,True,False,0
2026-10-04T02:12:26.1732720Z,14CA0000,40118,1100,533,340,700,340,700,2,340,110,True,False,0
2026-10-04T02:12:26.1884598Z,14CA0000,40118,1100,533,340,700,340,700,2,340,110,True,False,0
2026-10-04T02:12:26.2032935Z,14CA0000,40118,1100,533,340,700,340,700,2,340,110,True,False,0
2026-10-04T02:12:26.2182753Z,14CA0000,40118,1100,533,340,700,340,700,2,340,110,True,False,0
2026-10-04T02:12:26.2342815Z,14CA0000,40118,1100,533,340,700,340,700,2,340,110,True,False,0
2026-10-04T02:12:26.2504444Z,14CA0000,40118,1100,533,340,700,340,700,2,340,110,True,False,0
2026-10-04T02:12:26.2652548Z,14CA0000,40118,1100,533,340,700,340,700,2,340,110,True,False,0
2026-10-04T02:12:26.2803185Z,14CA0000,40118,1100,533,340,700,340,700,2,340,110,True,False,0
2026-10-04T02:12:26.2952489Z,14CA0000,40118,1100,533,340,700,340,700,2,340,110,True,False,0
2026-10-04T02:12:26.3113251Z,14CA0000,40118,1100,533,340,700,340,700,2,340,110,True,False,0
2026-10-04T02:12:26.3262982Z,14CA0000,40118,1100,533,340,700,340,700,2,340,110,True,False,0
2026-10-04T02:12:26.3422676Z,14CA0000,40118,1100,533,340,700,340,700,2,340,110,True,False,0
2026-10-04T02:12:26.3582675Z,14CA0000,40118,1100,533,340,700,340,700,2,340,110,True,False,0
2026-10-04T02:12:26.3734052Z,14CA0000,40118,1100,533,340,700,340,700,2,340,110,True,False,0
2026-10-04T02:12:26.3892933Z,14CA0000,40118,1100,533,340,700,340,700,2,340,110,True,False,0
2026-10-04T02:12:26.4043275Z,14CA0000,40118,1100,533,340,700,340,700,2,340,110,True,False,0
2026-10-04T02:12:26.4202760Z,14CA0000,40118,1100,533,340,700,340,700,2,340,110,True,False,0
2026-10-04T02:12:26.4362951Z,14CA0000,40118,1100,533,340,700,340,700,2,340,110,True,False,0
2026-10-04T02:12:26.4522901Z,14CA0000,40118,1100,533,340,700,340,700,2,340,110,True,False,0
2026-10-04T02:12:26.4672773Z,14CA0000,40118,1100,533,340,700,340,700,2,340,110,True,False,0
2026-10-04T02:12:26.4822707Z,14CA0000,40118,1100,533,340,700,340,700,2,340,110,True,False,0
2026-10-04T02:12:26.4972808Z,14CA0000,40118,1100,533,340,700,340,700,2,340,110,True,False,0
2026-10-04T02:12:26.5132770Z,14CA0000,40118,1100,533,340,700,340,700,2,340,110,True,False,0
2026-10-04T02:12:26.5282911Z,14CA0000,40118,1100,533,340,700,340,700,2,340,110,True,False,0
2026-10-04T02:12:26.5438010Z,14CA0000,40118,1100,533,340,700,340,700,2,340,110,True,False,0
2026-10-04T02:12:26.5590023Z,14CA0000,40118,1100,533,340,700,340,700,2,340,110,True,False,0
2026-10-04T02:12:26.5750459Z,14CA0000,40118,1100,533,340,700,340,700,2,340,110,True,False,0
2026-10-04T02:12:26.5910887Z,14CA0000,40118,1100,533,340,700,340,700,2,340,110,True,False,0
2026-10-04T02:12:26.6070517Z,14CA0000,40118,1100,533,340,700,340,700,2,340,110,True,False,0
2026-10-04T02:12:26.6230413Z,14CA0000,40118,1100,533,340,700,340,700,2,340,110,True,False,0
2026-10-04T02:12:26.6390095Z,14CA0000,40118,1100,533,340,700,340,700,2,340,110,True,False,0
2026-10-04T02:12:26.6540324Z,14CA0000,40118,1100,533,340,700,340,700,2,340,110,True,False,0
2026-10-04T02:12:26.6690081Z,14CA0000,40118,1100,533,340,700,340,700,2,340,110,True,False,0
2026-10-04T02:12:26.6840117Z,14CA0000,40118,1100,533,340,700,340,700,2,340,110,True,False,0
2026-10-04T02:12:26.7000354Z,14CA0000,40118,1100,533,340,700,340,700,2,340,110,True,False,0
2026-10-04T02:12:26.7160180Z,14CA0000,40118,1100,533,340,700,340,700,2,340,110,True,False,0
2026-10-04T02:12:26.7320279Z,14CA0000,40118,1100,533,340,700,340,700,2,340,110,True,False,0
2026-10-04T02:12:26.7481124Z,14CA0000,40118,1100,533,340,700,340,700,2,340,110,True,False,0
2026-10-04T02:12:26.7630173Z,14CA0000,40118,1100,533,340,700,340,700,2,340,110,True,False,0
2026-10-04T02:12:26.7785401Z,14CA0000,40118,1100,533,340,700,340,700,2,340,110,True,False,0
2026-10-04T02:12:26.7945215Z,14CA0000,40118,1100,533,340,700,340,700,2,340,110,True,False,0
2026-10-04T02:12:26.8105696Z,14CA0000,40118,1100,533,340,700,340,700,2,340,110,True,False,0
2026-10-04T02:12:26.8264922Z,14CA0000,40118,1100,533,340,700,340,700,2,340,110,True,False,0
2026-10-04T02:12:26.8425420Z,14CA0000,40118,1100,533,340,700,340,700,2,340,110,True,False,0
2026-10-04T02:12:26.8575136Z,14CA0000,40118,1100,533,340,700,340,700,2,340,110,True,False,0
2026-10-04T02:12:26.8725535Z,14CA0000,40118,1100,533,340,700,340,700,2,340,110,True,False,0
2026-10-04T02:12:26.8885311Z,14CA0000,40118,1100,533,340,700,340,700,2,340,110,True,False,0
2026-10-04T02:12:26.9045675Z,14CA0000,40118,1100,533,340,700,340,700,2,340,110,True,False,0
2026-10-04T02:12:26.9205949Z,14CA0000,40118,1100,533,340,700,340,700,2,340,110,True,False,0
2026-10-04T02:12:26.9365219Z,14CA0000,40118,1100,533,340,700,340,700,2,340,110,True,False,0
2026-10-04T02:12:26.9525150Z,14CA0000,40118,1100,533,340,700,340,700,2,340,110,True,False,0
2026-10-04T02:12:26.9684922Z,14CA0000,40118,1100,533,340,700,340,700,2,340,110,True,False,0
2026-10-04T02:12:26.9845265Z,14CA0000,40118,1100,533,340,700,340,700,2,340,110,True,False,0
2026-10-04T02:12:27.0005169Z,14CA0000,40118,1100,533,340,700,340,700,2,340,110,True,False,0
2026-10-04T02:12:27.0164989Z,14CA0000,40118,1100,533,340,700,340,700,2,340,110,True,False,0
2026-10-04T02:12:27.0325229Z,14CA0000,40118,1100,533,340,700,340,700,2,340,110,True,False,0
2026-10-04T02:12:27.0485130Z,14CA0000,40118,1100,533,340,700,340,700,2,340,110,True,False,0
2026-10-04T02:12:27.0645258Z,14CA0000,40118,1100,533,340,700,340,700,2,340,110,True,False,0
2026-10-04T02:12:27.0805203Z,14CA0000,40118,1100,533,340,700,340,700,2,340,110,True,False,0
2026-10-04T02:12:27.0965285Z,14CA0000,40118,1100,533,340,700,340,700,2,340,110,True,False,0
2026-10-04T02:12:27.1125115Z,14CA0000,40118,1100,533,340,700,340,700,2,340,110,True,False,0
2026-10-04T02:12:27.1284930Z,14CA0000,40118,1100,533,340,700,340,700,2,340,110,True,False,0
2026-10-04T02:12:27.1445133Z,14CA0000,40118,1100,533,340,700,340,700,2,340,110,True,False,0
2026-10-04T02:12:27.1604727Z,14CA0000,40118,1100,533,340,700,340,700,2,340,110,True,False,0
2026-10-04T02:12:27.1756717Z,14CA0000,40118,1100,533,340,700,340,700,2,340,110,True,False,0
2026-10-04T02:12:27.1916337Z,14CA0000,40118,1100,533,340,700,340,700,2,340,110,True,False,0
2026-10-04T02:12:27.2065240Z,14CA0000,40118,1100,533,340,700,340,700,2,340,110,True,False,0
2026-10-04T02:12:27.2225365Z,14CA0000,40118,1100,533,340,700,340,700,2,340,110,True,False,0
2026-10-04T02:12:27.2386596Z,14CA0000,40118,1100,533,340,700,340,700,2,340,110,True,False,0
2026-10-04T02:12:27.2545956Z,14CA0000,40118,1100,533,340,700,340,700,2,340,110,True,False,0
2026-10-04T02:12:27.2705582Z,14CA0000,40118,1100,533,340,700,340,700,2,340,110,True,False,0
2026-10-04T02:12:27.2865830Z,14CA0000,40118,1100,533,340,700,340,700,2,340,110,True,False,0
2026-10-04T02:12:27.3025975Z,14CA0000,40118,1100,533,340,700,340,700,2,340,110,True,False,0
2026-10-04T02:12:27.3175832Z,14CA0000,40118,1100,533,340,700,340,700,2,340,110,True,False,0
2026-10-04T02:12:27.3335549Z,14CA0000,40118,1100,533,340,700,340,700,2,340,110,True,False,0
2026-10-04T02:12:27.3487006Z,14CA0000,40118,1100,533,340,700,340,700,2,340,110,True,False,0
2026-10-04T02:12:27.3645167Z,14CA0000,40118,1100,533,340,700,340,700,2,340,110,True,False,0
2026-10-04T02:12:27.3805636Z,14CA0000,40118,1100,533,340,700,340,700,2,340,110,True,False,0
2026-10-04T02:12:27.3965742Z,14CA0000,40118,1100,533,340,700,340,700,2,340,110,True,False,0
2026-10-04T02:12:27.4125687Z,14CA0000,40118,1100,533,340,700,340,700,2,340,110,True,False,0
2026-10-04T02:12:27.4285180Z,14CA0000,40118,1100,533,340,700,340,700,2,340,110,True,False,0
2026-10-04T02:12:27.4440866Z,14CA0000,40118,1100,533,340,700,340,700,2,340,110,True,False,0
2026-10-04T02:12:27.4602548Z,14CA0000,40118,1100,533,340,700,340,700,2,340,110,True,False,0
2026-10-04T02:12:27.4761151Z,14CA0000,40118,1100,533,340,700,340,700,2,340,110,True,False,0
2026-10-04T02:12:27.4920761Z,14CA0000,40118,1100,533,340,700,340,700,2,340,110,True,False,0
2026-10-04T02:12:27.5081095Z,14CA0000,40118,1100,533,340,700,340,700,2,340,110,True,False,0
2026-10-04T02:12:27.5240789Z,14CA0000,40118,1100,533,340,700,340,700,2,340,110,True,False,0
2026-10-04T02:12:27.5401043Z,14CA0000,40118,1100,533,340,700,340,700,2,340,110,True,False,0
2026-10-04T02:12:27.5560835Z,14CA0000,40118,1100,533,340,700,340,700,2,340,110,True,False,0
2026-10-04T02:12:27.5722182Z,14CA0000,40118,1100,533,340,700,340,700,2,340,110,True,False,0
2026-10-04T02:12:27.5882572Z,14CA0000,40118,1100,533,340,700,340,700,2,340,110,True,False,0
2026-10-04T02:12:27.6041159Z,14CA0000,40118,1100,533,340,700,340,700,2,340,110,True,False,0
2026-10-04T02:12:27.6200711Z,14CA0000,40118,1100,533,340,700,340,700,2,340,110,True,False,0
2026-10-04T02:12:27.6360826Z,14CA0000,40118,1100,533,340,700,340,700,2,340,110,True,False,0
2026-10-04T02:12:27.6510757Z,14CA0000,40118,1100,533,340,700,340,700,2,340,110,True,False,0
2026-10-04T02:12:27.6670724Z,14CA0000,40118,1100,533,340,700,340,700,2,340,110,True,False,0
2026-10-04T02:12:27.6820607Z,14CA0000,40118,1100,533,340,700,340,700,2,340,110,True,False,0
2026-10-04T02:12:27.6971243Z,14CA0000,40118,1100,533,340,700,340,700,2,340,110,True,False,0
2026-10-04T02:12:27.7130802Z,14CA0000,40118,1100,533,340,700,340,700,2,340,110,True,False,0
2026-10-04T02:12:27.7280886Z,14CA0000,40118,1100,533,340,700,340,700,2,340,110,True,False,0
2026-10-04T02:12:27.7440370Z,14CA0000,40118,1100,533,340,700,340,700,2,340,110,True,False,0
2026-10-04T02:12:27.7600746Z,14CA0000,40118,1100,533,340,700,340,700,2,340,110,True,False,0
2026-10-04T02:12:27.7761506Z,14CA0000,40118,1100,533,340,700,340,700,2,340,110,True,False,0
2026-10-04T02:12:27.7920858Z,14CA0000,40118,1100,533,340,700,340,700,2,340,110,True,False,0
2026-10-04T02:12:27.8071843Z,14CA0000,40118,1100,533,340,700,340,700,2,340,110,True,False,0
2026-10-04T02:12:27.8231280Z,14CA0000,40118,1100,533,340,700,340,700,2,340,110,True,False,0
2026-10-04T02:12:27.8381219Z,14CA0000,40118,1100,533,340,700,340,700,2,340,110,True,False,0
2026-10-04T02:12:27.8534411Z,14CA0000,40118,1100,533,340,700,340,700,2,340,110,True,False,0
2026-10-04T02:12:27.8685243Z,14CA0000,40118,1100,533,340,700,340,700,2,340,110,True,False,0
2026-10-04T02:12:27.8845588Z,14CA0000,40118,1100,533,340,700,340,700,2,340,110,True,False,0
2026-10-04T02:12:27.9005235Z,14CA0000,40118,1100,533,340,700,340,700,2,340,110,True,False,0
2026-10-04T02:12:27.9166004Z,14CA0000,40118,1100,533,340,700,340,700,2,340,110,True,False,0
2026-10-04T02:12:27.9326133Z,14CA0000,40118,1100,533,340,700,340,700,2,340,110,True,False,0
2026-10-04T02:12:27.9485644Z,14CA0000,40118,1100,533,340,700,340,700,2,340,110,True,False,0
2026-10-04T02:12:27.9645525Z,14CA0000,40118,1100,533,340,700,340,700,2,340,110,True,False,0
2026-10-04T02:12:27.9805633Z,14CA0000,40118,1100,533,340,700,340,700,2,340,110,True,False,0
2026-10-04T02:12:27.9965504Z,14CA0000,40118,1100,533,340,700,340,700,2,340,110,True,False,0
2026-10-04T02:12:28.0125928Z,14CA0000,40118,1100,533,340,700,340,700,2,340,110,True,False,0
2026-10-04T02:12:28.0285708Z,14CA0000,40118,1100,533,340,700,340,700,2,340,110,True,False,0
2026-10-04T02:12:28.0440710Z,14CA0000,40118,1100,533,340,700,340,700,2,340,110,True,False,0
2026-10-04T02:12:28.0600735Z,14CA0000,40118,1100,533,340,700,340,700,2,340,110,True,False,0
2026-10-04T02:12:28.0760897Z,14CA0000,40118,1100,533,340,700,340,700,2,340,110,True,False,0
2026-10-04T02:12:28.0920615Z,14CA0000,40118,1100,533,340,700,340,700,2,340,110,True,False,0
2026-10-04T02:12:28.1080467Z,14CA0000,40118,1100,533,340,700,340,700,2,340,110,True,False,0
2026-10-04T02:12:28.1241014Z,14CA0000,40118,1100,533,340,700,340,700,2,340,110,True,False,0
2026-10-04T02:12:28.1402179Z,14CA0000,40118,1100,533,340,700,340,700,2,340,110,True,False,0
2026-10-04T02:12:28.1560697Z,14CA0000,40118,1100,533,340,700,340,700,2,340,110,True,False,0
2026-10-04T02:12:28.1720633Z,14CA0000,40118,1100,533,340,700,340,700,2,340,110,True,False,0
2026-10-04T02:12:28.1881967Z,14CA0000,40118,1100,533,340,700,340,700,2,340,110,True,False,0
2026-10-04T02:12:28.2040631Z,14CA0000,40118,1100,533,340,700,340,700,2,340,110,True,False,0
2026-10-04T02:12:28.2200851Z,14CA0000,40118,1100,533,340,700,340,700,2,340,110,True,False,0
2026-10-04T02:12:28.2360925Z,14CA0000,40118,1100,533,340,700,340,700,2,340,110,True,False,0
2026-10-04T02:12:28.2511006Z,14CA0000,40118,1100,533,340,700,340,700,2,340,110,True,False,0
2026-10-04T02:12:28.2670748Z,14CA0000,40118,1100,533,340,700,340,700,2,340,110,True,False,0
2026-10-04T02:12:28.2820905Z,14CA0000,40118,1100,533,340,700,340,700,2,340,110,True,False,0
2026-10-04T02:12:28.2980707Z,14CA0000,40118,1100,533,340,700,340,700,2,340,110,True,False,0
2026-10-04T02:12:28.3141608Z,14CA0000,40118,1100,533,340,700,340,700,2,340,110,True,False,0
2026-10-04T02:12:28.3300835Z,14CA0000,40118,1100,533,340,700,340,700,2,340,110,True,False,0
2026-10-04T02:12:28.3460748Z,14CA0000,40118,1100,533,340,700,340,700,2,340,110,True,False,0
2026-10-04T02:12:28.3620889Z,14CA0000,40118,1100,533,340,700,340,700,2,340,110,True,False,0
2026-10-04T02:12:28.3780651Z,14CA0000,40118,1100,533,340,700,340,700,2,340,110,True,False,0
2026-10-04T02:12:28.3941105Z,14CA0000,40118,1100,533,340,700,340,700,2,340,110,True,False,0
2026-10-04T02:12:28.4100717Z,14CA0000,40118,1100,533,340,700,340,700,2,340,110,True,False,0
2026-10-04T02:12:28.4260399Z,14CA0000,40118,1100,533,340,700,340,700,2,340,110,True,False,0
2026-10-04T02:12:28.4410781Z,14CA0000,40118,1100,533,340,700,340,700,2,340,110,True,False,0
2026-10-04T02:12:28.4562271Z,14CA0000,40118,1100,533,340,700,340,700,2,340,110,True,False,0
2026-10-04T02:12:28.4711604Z,14CA0000,40118,1100,533,340,700,340,700,2,340,110,True,False,0
2026-10-04T02:12:28.4870858Z,14CA0000,40118,1100,533,340,700,340,700,2,340,110,True,False,0
2026-10-04T02:12:28.5021370Z,14CA0000,40118,1100,533,340,700,340,700,2,340,110,True,False,0
2026-10-04T02:12:28.5170973Z,14CA0000,40118,1100,533,340,700,340,700,2,340,110,True,False,0
2026-10-04T02:12:28.5331030Z,14CA0000,40118,1100,533,340,700,340,700,2,340,110,True,False,0
2026-10-04T02:12:28.5483230Z,14CA0000,40118,1100,533,340,700,340,700,2,340,110,True,False,0
2026-10-04T02:12:28.5635950Z,14CA0000,40118,1100,533,340,700,340,700,2,340,110,True,False,0
2026-10-04T02:12:28.5796274Z,14CA0000,40118,1100,533,340,700,340,700,2,340,110,True,False,0
2026-10-04T02:12:28.5956247Z,14CA0000,40118,1100,533,340,700,340,700,2,340,110,True,False,0
2026-10-04T02:12:28.6116010Z,14CA0000,40118,1100,533,340,700,340,700,2,340,110,True,False,0
2026-10-04T02:12:28.6275783Z,14CA0000,40118,1100,533,340,700,340,700,2,340,110,True,False,0
2026-10-04T02:12:28.6436096Z,14CA0000,40118,1100,533,340,700,340,700,2,340,110,True,False,0
2026-10-04T02:12:28.6597244Z,14CA0000,40118,1100,533,340,700,340,700,2,340,110,True,False,0
2026-10-04T02:12:28.6755934Z,14CA0000,40118,1100,533,340,700,340,700,2,340,110,True,False,0
2026-10-04T02:12:28.6916211Z,14CA0000,40118,1100,533,340,700,340,700,2,340,110,True,False,0
2026-10-04T02:12:28.7065686Z,14CA0000,40118,1100,533,340,700,340,700,2,340,110,True,False,0
2026-10-04T02:12:28.7217003Z,14CA0000,40118,1100,533,340,700,340,700,2,340,110,True,False,0
2026-10-04T02:12:28.7376837Z,14CA0000,40118,1100,533,340,700,340,700,2,340,110,True,False,0
2026-10-04T02:12:28.7530930Z,14CA0000,40118,1100,533,340,700,340,700,2,340,110,True,False,0
2026-10-04T02:12:28.7693100Z,14CA0000,40118,1100,533,340,700,340,700,2,340,110,True,False,0
2026-10-04T02:12:28.7840871Z,14CA0000,40118,1100,533,340,700,340,700,2,340,110,True,False,0
2026-10-04T02:12:28.7991234Z,14CA0000,40118,1100,533,340,700,340,700,2,340,110,True,False,0
2026-10-04T02:12:28.8151627Z,14CA0000,40118,1100,533,340,700,340,700,2,340,110,True,False,0
2026-10-04T02:12:28.8311103Z,14CA0000,40118,1100,533,340,700,340,700,2,340,110,True,False,0
2026-10-04T02:12:28.8470994Z,14CA0000,40118,1100,533,340,700,340,700,2,340,110,True,False,0
2026-10-04T02:12:28.8630969Z,14CA0000,40118,1100,533,340,700,340,700,2,340,110,True,False,0
2026-10-04T02:12:28.8792524Z,14CA0000,40118,1100,533,340,700,340,700,2,340,110,True,False,0
2026-10-04T02:12:28.8951030Z,14CA0000,40118,1100,533,340,700,340,700,2,340,110,True,False,0
2026-10-04T02:12:28.9111258Z,14CA0000,40118,1100,533,340,700,340,700,2,340,110,True,False,0
2026-10-04T02:12:28.9271564Z,14CA0000,40118,1100,533,340,700,340,700,2,340,110,True,False,0
2026-10-04T02:12:28.9430949Z,14CA0000,40118,1100,533,340,700,340,700,2,340,110,True,False,0
2026-10-04T02:12:28.9590991Z,14CA0000,40118,1100,533,340,700,340,700,2,340,110,True,False,0
2026-10-04T02:12:28.9751307Z,14CA0000,40118,1100,533,340,700,340,700,2,340,110,True,False,0
2026-10-04T02:12:28.9901485Z,14CA0000,40118,1100,533,340,700,340,700,2,340,110,True,False,0
2026-10-04T02:12:29.0051392Z,14CA0000,40118,1100,533,340,700,340,700,2,340,110,True,False,0
2026-10-04T02:12:29.0211381Z,14CA0000,40118,1100,533,340,700,340,700,2,340,110,True,False,0
2026-10-04T02:12:29.0370807Z,14CA0000,40118,1100,533,340,700,340,700,2,340,110,True,False,0
2026-10-04T02:12:29.0531223Z,14CA0000,40118,1100,533,340,700,340,700,2,340,110,True,False,0
2026-10-04T02:12:29.0681081Z,14CA0000,40118,1100,533,340,700,340,700,2,340,110,True,False,0
2026-10-04T02:12:29.0831040Z,14CA0000,40118,1100,533,340,700,340,700,2,340,110,True,False,0
2026-10-04T02:12:29.0991711Z,14CA0000,40118,1100,533,340,700,340,700,2,340,110,True,False,0
2026-10-04T02:12:29.1141052Z,14CA0000,40118,1100,533,340,700,340,700,2,340,110,True,False,0
2026-10-04T02:12:29.1290906Z,14CA0000,40118,1100,533,340,700,340,700,2,340,110,True,False,0
2026-10-04T02:12:29.1451165Z,14CA0000,40118,1100,533,340,700,340,700,2,340,110,True,False,0
2026-10-04T02:12:29.1606039Z,14CA0000,40118,1100,533,340,700,340,700,2,340,110,True,False,0
2026-10-04T02:12:29.1766123Z,14CA0000,40118,1100,533,340,700,340,700,2,340,110,True,False,0
2026-10-04T02:12:29.1926555Z,14CA0000,40118,1100,533,340,700,340,700,2,340,110,True,False,0
2026-10-04T02:12:29.2086405Z,14CA0000,40118,1100,533,340,700,340,700,2,340,110,True,False,0
2026-10-04T02:12:29.2245964Z,14CA0000,40118,1100,533,340,700,340,700,2,340,110,True,False,0
2026-10-04T02:12:29.2406411Z,14CA0000,40118,1100,533,340,700,340,700,2,340,110,True,False,0
2026-10-04T02:12:29.2562271Z,14CA0000,40118,1100,533,340,700,340,700,2,340,110,True,False,0
2026-10-04T02:12:29.2722091Z,14CA0000,40118,1100,533,340,700,340,700,2,340,110,True,False,0
2026-10-04T02:12:29.2882324Z,14CA0000,40118,1100,533,340,700,340,700,2,340,110,True,False,0
2026-10-04T02:12:29.3042729Z,14CA0000,40118,1100,533,340,700,340,700,2,340,110,True,False,0
2026-10-04T02:12:29.3203505Z,14CA0000,40118,1100,533,340,700,340,700,2,340,110,True,False,0
2026-10-04T02:12:29.3351432Z,14CA0000,40118,1100,533,340,700,340,700,2,340,110,True,False,0
2026-10-04T02:12:29.3511554Z,14CA0000,40118,1100,533,340,700,340,700,2,340,110,True,False,0
2026-10-04T02:12:29.3661434Z,14CA0000,40118,1100,533,340,700,340,700,2,340,110,True,False,0
2026-10-04T02:12:29.3821303Z,14CA0000,40118,1100,533,340,700,340,700,2,340,110,True,False,0
2026-10-04T02:12:29.3981504Z,14CA0000,40118,1100,533,340,700,340,700,2,340,110,True,False,0
2026-10-04T02:12:29.4141287Z,14CA0000,40118,1100,533,340,700,340,700,2,340,110,True,False,0
2026-10-04T02:12:29.4303162Z,14CA0000,40118,1100,533,340,700,340,700,2,340,110,True,False,0
2026-10-04T02:12:29.4461238Z,14CA0000,40118,1100,533,340,700,340,700,2,340,110,True,False,0
2026-10-04T02:12:29.4621260Z,14CA0000,40118,1100,533,340,700,340,700,2,340,110,True,False,0
2026-10-04T02:12:29.4781533Z,14CA0000,40118,1100,533,340,700,340,700,2,340,110,True,False,0
2026-10-04T02:12:29.4941457Z,14CA0000,40118,1100,533,340,700,340,700,2,340,110,True,False,0
2026-10-04T02:12:29.5101182Z,14CA0000,40118,1100,533,340,700,340,700,2,340,110,True,False,0
2026-10-04T02:12:29.5261635Z,14CA0000,40118,1100,533,340,700,340,700,2,340,110,True,False,0
2026-10-04T02:12:29.5421668Z,14CA0000,40118,1100,533,340,700,340,700,2,340,110,True,False,0
2026-10-04T02:12:29.5581504Z,14CA0000,40118,1100,533,340,700,340,700,2,340,110,True,False,0
2026-10-04T02:12:29.5741561Z,14CA0000,40118,1100,533,340,700,340,700,2,340,110,True,False,0
2026-10-04T02:12:29.5894208Z,14CA0000,40118,1100,533,340,700,340,700,2,340,110,True,False,0
2026-10-04T02:12:29.6041564Z,14CA0000,40118,1100,533,340,700,340,700,2,340,110,True,False,0
2026-10-04T02:12:29.6201369Z,14CA0000,40118,1100,533,340,700,340,700,2,340,110,True,False,0
2026-10-04T02:12:29.6361450Z,14CA0000,40118,1100,533,340,700,340,700,2,340,110,True,False,0
2026-10-04T02:12:29.6513149Z,14CA0000,40118,1100,533,340,700,340,700,2,340,110,True,False,0
2026-10-04T02:12:29.6661579Z,14CA0000,40118,1100,533,340,700,340,700,2,340,110,True,False,0
2026-10-04T02:12:29.6821385Z,14CA0000,40118,1100,533,340,700,340,700,2,340,110,True,False,0
2026-10-04T02:12:29.6971255Z,14CA0000,40118,1100,533,340,700,340,700,2,340,110,True,False,0
2026-10-04T02:12:29.7131530Z,14CA0000,40118,1100,533,340,700,340,700,2,340,110,True,False,0
2026-10-04T02:12:29.7281293Z,14CA0000,40118,1100,533,340,700,340,700,2,340,110,True,False,0
2026-10-04T02:12:29.7441257Z,14CA0000,40118,1100,533,340,700,340,700,2,340,110,True,False,0
2026-10-04T02:12:29.7601399Z,14CA0000,40118,1100,533,340,700,340,700,2,340,110,True,False,0
2026-10-04T02:12:29.7761697Z,14CA0000,40118,1100,533,340,700,340,700,2,340,110,True,False,0
2026-10-04T02:12:29.7921503Z,14CA0000,40118,1100,533,340,700,340,700,2,340,110,True,False,0
2026-10-04T02:12:29.8081936Z,14CA0000,40118,1100,533,340,700,340,700,2,340,110,True,False,0
2026-10-04T02:12:29.8231666Z,14CA0000,40118,1100,533,340,700,340,700,2,340,110,True,False,0
2026-10-04T02:12:29.8381915Z,14CA0000,40118,1100,533,340,700,340,700,2,340,110,True,False,0
2026-10-04T02:12:29.8541980Z,14CA0000,40118,1100,533,340,700,340,700,2,340,110,True,False,0
2026-10-04T02:12:29.8701496Z,14CA0000,40118,1100,533,340,700,340,700,2,340,110,True,False,0
2026-10-04T02:12:29.8861144Z,14CA0000,40118,1100,533,340,700,340,700,2,340,110,True,False,0
2026-10-04T02:12:29.9011443Z,14CA0000,40118,1100,533,340,700,340,700,2,340,110,True,False,0
2026-10-04T02:12:29.9161384Z,14CA0000,40118,1100,533,340,700,340,700,2,340,110,True,False,0
2026-10-04T02:12:29.9321796Z,14CA0000,40118,1100,533,340,700,340,700,2,340,110,True,False,0
2026-10-04T02:12:29.9480981Z,14CA0000,40118,1100,533,340,700,340,700,2,340,110,True,False,0
2026-10-04T02:12:29.9641335Z,14CA0000,40118,1100,533,340,700,340,700,2,340,110,True,False,0
2026-10-04T02:12:29.9801347Z,14CA0000,40118,1100,533,340,700,340,700,2,340,110,True,False,0
2026-10-04T02:12:29.9961347Z,14CA0000,40118,1100,533,340,700,340,700,2,340,110,True,False,0
2026-10-04T02:12:30.0121431Z,14CA0000,40118,1100,533,340,700,340,700,2,340,110,True,False,0
2026-10-04T02:12:30.0281361Z,14CA0000,40118,1100,533,340,700,340,700,2,340,110,True,False,0
2026-10-04T02:12:30.0441239Z,14CA0000,40118,1100,533,340,700,340,700,2,340,110,True,False,0
2026-10-04T02:12:30.0601286Z,14CA0000,40118,1100,533,340,700,340,700,2,340,110,True,False,0
2026-10-04T02:12:30.0761307Z,14CA0000,40118,1100,533,340,700,340,700,2,340,110,True,False,0
2026-10-04T02:12:30.0921271Z,14CA0000,40118,1100,533,340,700,340,700,2,340,110,True,False,0
2026-10-04T02:12:30.1081210Z,14CA0000,40118,1100,533,340,700,340,700,2,340,110,True,False,0
2026-10-04T02:12:30.1241592Z,14CA0000,40118,1100,533,340,700,340,700,2,340,110,True,False,0
2026-10-04T02:12:30.1401516Z,14CA0000,40118,1100,533,340,700,340,700,2,340,110,True,False,0
2026-10-04T02:12:30.1561553Z,14CA0000,40118,1100,533,340,700,340,700,2,340,110,True,False,0
2026-10-04T02:12:30.1722049Z,14CA0000,40118,1100,533,340,700,340,700,2,340,110,True,False,0
2026-10-04T02:12:30.1883069Z,14CA0000,40118,1100,533,340,700,340,700,2,340,110,True,False,0
2026-10-04T02:12:30.2041670Z,14CA0000,40118,1100,533,340,700,340,700,2,340,110,True,False,0
2026-10-04T02:12:30.2201351Z,14CA0000,40118,1100,533,340,700,340,700,2,340,110,True,False,0
2026-10-04T02:12:30.2361741Z,14CA0000,40118,1100,533,340,700,340,700,2,340,110,True,False,0
2026-10-04T02:12:30.2521593Z,14CA0000,40118,1100,533,340,700,340,700,2,340,110,True,False,0
2026-10-04T02:12:30.2676677Z,14CA0000,40118,1100,533,340,700,340,700,2,340,110,True,False,0
2026-10-04T02:12:30.2826676Z,14CA0000,40118,1100,533,340,700,340,700,2,340,110,True,False,0
2026-10-04T02:12:30.2986575Z,14CA0000,40118,1100,533,340,700,340,700,2,340,110,True,False,0
2026-10-04T02:12:30.3136908Z,14CA0000,40118,1100,533,340,700,340,700,2,340,110,True,False,0
2026-10-04T02:12:30.3296420Z,14CA0000,40118,1100,533,340,700,340,700,2,340,110,True,False,0
2026-10-04T02:12:30.3456627Z,14CA0000,40118,1100,533,340,700,340,700,2,340,110,True,False,0
2026-10-04T02:12:30.3616811Z,14CA0000,40118,1100,533,340,700,340,700,2,340,110,True,False,0
2026-10-04T02:12:30.3771682Z,14CA0000,40118,1100,533,340,700,340,700,2,340,110,True,False,0
2026-10-04T02:12:30.3931740Z,14CA0000,40118,1100,533,340,700,340,700,2,340,110,True,False,0
2026-10-04T02:12:30.4091677Z,14CA0000,40118,1100,533,340,700,340,700,2,340,110,True,False,0
2026-10-04T02:12:30.4251690Z,14CA0000,40118,1100,533,340,700,340,700,2,340,110,True,False,0
2026-10-04T02:12:30.4411649Z,14CA0000,40118,1100,533,340,700,340,700,2,340,110,True,False,0
2026-10-04T02:12:30.4571327Z,14CA0000,40118,1100,533,340,700,340,700,2,340,110,True,False,0
2026-10-04T02:12:30.4731937Z,14CA0000,40118,1100,533,340,700,340,700,2,340,110,True,False,0
2026-10-04T02:12:30.4891977Z,14CA0000,40118,1100,533,340,700,340,700,2,340,110,True,False,0
2026-10-04T02:12:30.5042913Z,14CA0000,40118,1100,533,340,700,340,700,2,340,110,True,False,0
2026-10-04T02:12:30.5193148Z,14CA0000,40118,1100,533,340,700,340,700,2,340,110,True,False,0
2026-10-04T02:12:30.5341866Z,14CA0000,40118,1100,533,340,700,340,700,2,340,110,True,False,0
2026-10-04T02:12:30.5501749Z,14CA0000,40118,1100,533,340,700,340,700,2,340,110,True,False,0
2026-10-04T02:12:30.5651944Z,14CA0000,40118,1100,533,340,700,340,700,2,340,110,True,False,0
2026-10-04T02:12:30.5803469Z,14CA0000,40118,1100,533,340,700,340,700,2,340,110,True,False,0
2026-10-04T02:12:30.5962059Z,14CA0000,40118,1100,533,340,700,340,700,2,340,110,True,False,0
2026-10-04T02:12:30.6112007Z,14CA0000,40118,1100,533,340,700,340,700,2,340,110,True,False,0
2026-10-04T02:12:30.6274136Z,14CA0000,40118,1100,533,340,700,340,700,2,340,110,True,False,0
2026-10-04T02:12:30.6431706Z,14CA0000,40118,1100,533,340,700,340,700,2,340,110,True,False,0
2026-10-04T02:12:30.6591763Z,14CA0000,40118,1100,533,340,700,340,700,2,340,110,True,False,0
2026-10-04T02:12:30.6752415Z,14CA0000,40118,1100,533,340,700,340,700,2,340,110,True,False,0
2026-10-04T02:12:30.6912289Z,14CA0000,40118,1100,533,340,700,340,700,2,340,110,True,False,0
2026-10-04T02:12:30.7072298Z,14CA0000,40118,1100,533,340,700,340,700,2,340,110,True,False,0
2026-10-04T02:12:30.7232116Z,14CA0000,40118,1100,533,340,700,340,700,2,340,110,True,False,0
2026-10-04T02:12:30.7393253Z,14CA0000,40118,1100,533,340,700,340,700,2,340,110,True,False,0
2026-10-04T02:12:30.7542764Z,14CA0000,40118,1100,533,340,700,340,700,2,340,110,True,False,0
2026-10-04T02:12:30.7691587Z,14CA0000,40118,1100,533,340,700,340,700,2,340,110,True,False,0
2026-10-04T02:12:30.7852296Z,14CA0000,40118,1100,533,340,700,340,700,2,340,110,True,False,0
2026-10-04T02:12:30.8011927Z,14CA0000,40118,1100,533,340,700,340,700,2,340,110,True,False,0
2026-10-04T02:12:30.8171794Z,14CA0000,40118,1100,533,340,700,340,700,2,340,110,True,False,0
2026-10-04T02:12:30.8331518Z,14CA0000,40118,1100,533,340,700,340,700,2,340,110,True,False,0
2026-10-04T02:12:30.8484618Z,14CA0000,40118,1100,533,340,700,340,700,2,340,110,True,False,0
2026-10-04T02:12:30.8632970Z,14CA0000,40118,1100,533,340,700,340,700,2,340,110,True,False,0
2026-10-04T02:12:30.8788245Z,14CA0000,40118,1100,533,340,700,340,700,2,340,110,True,False,0
2026-10-04T02:12:30.8948338Z,14CA0000,40118,1100,533,340,700,340,700,2,340,110,True,False,0
2026-10-04T02:12:30.9108136Z,14CA0000,40118,1100,533,340,700,340,700,2,340,110,True,False,0
2026-10-04T02:12:30.9268457Z,14CA0000,40118,1100,533,340,700,340,700,2,340,110,True,False,0
2026-10-04T02:12:30.9428091Z,14CA0000,40118,1100,533,340,700,340,700,2,340,110,True,False,0
2026-10-04T02:12:30.9589122Z,14CA0000,40118,1100,533,340,700,340,700,2,340,110,True,False,0
2026-10-04T02:12:30.9747871Z,14CA0000,40118,1100,533,340,700,340,700,2,340,110,True,False,0
2026-10-04T02:12:30.9898975Z,14CA0000,40118,1100,533,340,700,340,700,2,340,110,True,False,0
2026-10-04T02:12:31.0048469Z,14CA0000,40118,1100,533,340,700,340,700,2,340,110,True,False,0
2026-10-04T02:12:31.0208140Z,14CA0000,40118,1100,533,340,700,340,700,2,340,110,True,False,0
2026-10-04T02:12:31.0368104Z,14CA0000,40118,1100,533,340,700,340,700,2,340,110,True,False,0
2026-10-04T02:12:31.0528146Z,14CA0000,40118,1100,533,340,700,340,700,2,340,110,True,False,0
2026-10-04T02:12:31.0677550Z,14CA0000,40118,1100,533,340,700,340,700,2,340,110,True,False,0
2026-10-04T02:12:31.0827994Z,14CA0000,40118,1100,533,340,700,340,700,2,340,110,True,False,0
2026-10-04T02:12:31.0982897Z,14CA0000,40118,1100,533,340,700,340,700,2,340,110,True,False,0
2026-10-04T02:12:31.1143090Z,14CA0000,40118,1100,533,340,700,340,700,2,340,110,True,False,0
2026-10-04T02:12:31.1303095Z,14CA0000,40118,1100,533,340,700,340,700,2,340,110,True,False,0
2026-10-04T02:12:31.1452971Z,14CA0000,40118,1100,533,340,700,340,700,2,340,110,True,False,0
2026-10-04T02:12:31.1604689Z,14CA0000,40118,1100,533,340,700,340,700,2,340,110,True,False,0
2026-10-04T02:12:31.1765035Z,14CA0000,40118,1100,533,340,700,340,700,2,340,110,True,False,0
2026-10-04T02:12:31.1923907Z,14CA0000,40118,1100,533,340,700,340,700,2,340,110,True,False,0
2026-10-04T02:12:31.2084036Z,14CA0000,40118,1100,533,340,700,340,700,2,340,110,True,False,0
2026-10-04T02:12:31.2234866Z,14CA0000,40118,1100,533,340,700,340,700,2,340,110,True,False,0
2026-10-04T02:12:31.2383359Z,14CA0000,40118,1100,533,340,700,340,700,2,340,110,True,False,0
2026-10-04T02:12:31.2533160Z,14CA0000,40118,1100,533,340,700,340,700,2,340,110,True,False,0
2026-10-04T02:12:31.2692678Z,14CA0000,40118,1100,533,340,700,340,700,2,340,110,True,False,0
2026-10-04T02:12:31.2845063Z,14CA0000,40118,1100,533,340,700,340,700,2,340,110,True,False,0
2026-10-04T02:12:31.3003371Z,14CA0000,40118,1100,533,340,700,340,700,2,340,110,True,False,0
2026-10-04T02:12:31.3163336Z,14CA0000,40118,1100,533,340,700,340,700,2,340,110,True,False,0
2026-10-04T02:12:31.3322795Z,14CA0000,40118,1100,533,340,700,340,700,2,340,110,True,False,0
2026-10-04T02:12:31.3483031Z,14CA0000,40118,1100,533,340,700,340,700,2,340,110,True,False,0
2026-10-04T02:12:31.3643016Z,14CA0000,40118,1100,533,340,700,340,700,2,340,110,True,False,0
2026-10-04T02:12:31.3803157Z,14CA0000,40118,1100,533,340,700,340,700,2,340,110,True,False,0
2026-10-04T02:12:31.3964566Z,14CA0000,40118,1100,533,340,700,340,700,2,340,110,True,False,0
2026-10-04T02:12:31.4123089Z,14CA0000,40118,1100,533,340,700,340,700,2,340,110,True,False,0
2026-10-04T02:12:31.4282902Z,14CA0000,40118,1100,533,340,700,340,700,2,340,110,True,False,0
2026-10-04T02:12:31.4443393Z,14CA0000,40118,1100,533,340,700,340,700,2,340,110,True,False,0
2026-10-04T02:12:31.4602896Z,14CA0000,40118,1100,533,340,700,340,700,2,340,110,True,False,0
2026-10-04T02:12:31.4753323Z,14CA0000,40118,1100,533,340,700,340,700,2,340,110,True,False,0
2026-10-04T02:12:31.4903691Z,14CA0000,40118,1100,533,340,700,340,700,2,340,110,True,False,0
2026-10-04T02:12:31.5065205Z,14CA0000,40118,1100,533,340,700,340,700,2,340,110,True,False,0
2026-10-04T02:12:31.5223073Z,14CA0000,40118,1100,533,340,700,340,700,2,340,110,True,False,0
2026-10-04T02:12:31.5383449Z,14CA0000,40118,1100,533,340,700,340,700,2,340,110,True,False,0
2026-10-04T02:12:31.5543760Z,14CA0000,40118,1100,533,340,700,340,700,2,340,110,True,False,0
2026-10-04T02:12:31.5703425Z,14CA0000,40118,1100,533,340,700,340,700,2,340,110,True,False,0
2026-10-04T02:12:31.5858258Z,14CA0000,40118,1100,533,340,700,340,700,2,340,110,True,False,0
2026-10-04T02:12:31.6008399Z,14CA0000,40118,1100,533,340,700,340,700,2,340,110,True,False,0
2026-10-04T02:12:31.6160514Z,14CA0000,40118,1100,533,340,700,340,700,2,340,110,True,False,0
2026-10-04T02:12:31.6318160Z,14CA0000,40118,1100,533,340,700,340,700,2,340,110,True,False,0
2026-10-04T02:12:31.6478055Z,14CA0000,40118,1100,533,340,700,340,700,2,340,110,True,False,0
2026-10-04T02:12:31.6638473Z,14CA0000,40118,1100,533,340,700,340,700,2,340,110,True,False,0
2026-10-04T02:12:31.6792106Z,14CA0000,40118,1100,533,340,700,340,700,2,340,110,True,False,0
2026-10-04T02:12:31.6952215Z,14CA0000,40118,1100,533,340,700,340,700,2,340,110,True,False,0
2026-10-04T02:12:31.7111920Z,14CA0000,40118,1100,533,340,700,340,700,2,340,110,True,False,0
2026-10-04T02:12:31.7262169Z,14CA0000,40118,1100,533,340,700,340,700,2,340,110,True,False,0
2026-10-04T02:12:31.7412016Z,14CA0000,40118,1100,533,340,700,340,700,2,340,110,True,False,0
2026-10-04T02:12:31.7562325Z,14CA0000,40118,1100,533,340,700,340,700,2,340,110,True,False,0
2026-10-04T02:12:31.7722382Z,14CA0000,40118,1100,533,340,700,340,700,2,340,110,True,False,0
2026-10-04T02:12:31.7872164Z,14CA0000,40118,1100,533,340,700,340,700,2,340,110,True,False,0
2026-10-04T02:12:31.8032604Z,14CA0000,40118,1100,533,340,700,340,700,2,340,110,True,False,0
2026-10-04T02:12:31.8192218Z,14CA0000,40118,1100,533,340,700,340,700,2,340,110,True,False,0
2026-10-04T02:12:31.8352085Z,14CA0000,40118,1100,533,340,700,340,700,2,340,110,True,False,0
2026-10-04T02:12:31.8503855Z,14CA0000,40118,1100,533,340,700,340,700,2,340,110,True,False,0
2026-10-04T02:12:31.8653393Z,14CA0000,40118,1100,533,340,700,340,700,2,340,110,True,False,0
2026-10-04T02:12:31.8814775Z,14CA0000,40118,1100,533,340,700,340,700,2,340,110,True,False,0
2026-10-04T02:12:31.8973925Z,14CA0000,40118,1100,533,340,700,340,700,2,340,110,True,False,0
2026-10-04T02:12:31.9133771Z,14CA0000,40118,1100,533,340,700,340,700,2,340,110,True,False,0
2026-10-04T02:12:31.9294177Z,14CA0000,40118,1100,533,340,700,340,700,2,340,110,True,False,0
2026-10-04T02:12:31.9453910Z,14CA0000,40118,1100,533,340,700,340,700,2,340,110,True,False,0
2026-10-04T02:12:31.9613750Z,14CA0000,40118,1100,533,340,700,340,700,2,340,110,True,False,0
2026-10-04T02:12:31.9773770Z,14CA0000,40118,1100,533,340,700,340,700,2,340,110,True,False,0
2026-10-04T02:12:31.9934287Z,14CA0000,40118,1100,533,340,700,340,700,2,340,110,True,False,0
2026-10-04T02:12:32.0094021Z,14CA0000,40118,1100,533,340,700,340,700,2,340,110,True,False,0
2026-10-04T02:12:32.0253765Z,14CA0000,40118,1100,533,340,700,340,700,2,340,110,True,False,0
2026-10-04T02:12:32.0404158Z,14CA0000,40118,1100,533,340,700,340,700,2,340,110,True,False,0
2026-10-04T02:12:32.0563858Z,14CA0000,40118,1100,533,340,700,340,700,2,340,110,True,False,0
2026-10-04T02:12:32.0715586Z,14CA0000,40118,1100,533,340,700,340,700,2,340,110,True,False,0
2026-10-04T02:12:32.0874869Z,14CA0000,40118,1100,533,340,700,340,700,2,340,110,True,False,0
2026-10-04T02:12:32.1024206Z,14CA0000,40118,1100,533,340,700,340,700,2,340,110,True,False,0
2026-10-04T02:12:32.1174082Z,14CA0000,40118,1100,533,340,700,340,700,2,340,110,True,False,0
2026-10-04T02:12:32.1331280Z,14CA0000,40118,1100,533,340,700,340,700,2,340,110,True,False,0
2026-10-04T02:12:32.1490908Z,14CA0000,40118,1100,533,340,700,340,700,2,340,110,True,False,0
2026-10-04T02:12:32.1652797Z,14CA0000,40118,1100,533,340,700,340,700,2,340,110,True,False,0
2026-10-04T02:12:32.1811363Z,14CA0000,40118,1100,533,340,700,340,700,2,340,110,True,False,0
2026-10-04T02:12:32.1969302Z,14CA0000,40118,1100,533,340,700,340,700,2,340,110,True,False,0
2026-10-04T02:12:32.2129260Z,14CA0000,40118,1100,533,340,700,340,700,2,340,110,True,False,0
2026-10-04T02:12:32.2289247Z,14CA0000,40118,1100,533,340,700,340,700,2,340,110,True,False,0
2026-10-04T02:12:32.2444682Z,14CA0000,40118,1100,533,340,700,340,700,2,340,110,True,False,0
2026-10-04T02:12:32.2604796Z,14CA0000,40118,1100,533,340,700,340,700,2,340,110,True,False,0
2026-10-04T02:12:32.2766123Z,14CA0000,40118,1100,533,340,700,340,700,2,340,110,True,False,0
2026-10-04T02:12:32.2924654Z,14CA0000,40118,1100,533,340,700,340,700,2,340,110,True,False,0
2026-10-04T02:12:32.3085270Z,14CA0000,40118,1100,533,340,700,340,700,2,340,110,True,False,0
2026-10-04T02:12:32.3235236Z,14CA0000,40118,1100,533,340,700,340,700,2,340,110,True,False,0
2026-10-04T02:12:32.3394508Z,14CA0000,40118,1100,533,340,700,340,700,2,340,110,True,False,0
2026-10-04T02:12:32.3545708Z,14CA0000,40118,1100,533,340,700,340,700,2,340,110,True,False,0
2026-10-04T02:12:32.3704591Z,14CA0000,40118,1100,533,340,700,340,700,2,340,110,True,False,0
2026-10-04T02:12:32.3864888Z,14CA0000,40118,1100,533,340,700,340,700,2,340,110,True,False,0
2026-10-04T02:12:32.4024711Z,14CA0000,40118,1100,533,340,700,340,700,2,340,110,True,False,0
2026-10-04T02:12:32.4180910Z,14CA0000,40118,1100,533,340,700,340,700,2,340,110,True,False,0
2026-10-04T02:12:32.4341075Z,14CA0000,40118,1100,533,340,700,340,700,2,340,110,True,False,0
2026-10-04T02:12:32.4500493Z,14CA0000,40118,1100,533,340,700,340,700,2,340,110,True,False,0
2026-10-04T02:12:32.4649868Z,14CA0000,40118,1100,533,340,700,340,700,2,340,110,True,False,0
2026-10-04T02:12:32.4810609Z,14CA0000,40118,1100,533,340,700,340,700,2,340,110,True,False,0
2026-10-04T02:12:32.4960472Z,14CA0000,40118,1100,533,340,700,340,700,2,340,110,True,False,0
2026-10-04T02:12:32.5120231Z,14CA0000,40118,1100,533,340,700,340,700,2,340,110,True,False,0
2026-10-04T02:12:32.5270073Z,14CA0000,40118,1100,533,340,700,340,700,2,340,110,True,False,0
2026-10-04T02:12:32.5420420Z,14CA0000,40118,1100,533,340,700,340,700,2,340,110,True,False,0
2026-10-04T02:12:32.5580238Z,14CA0000,40118,1100,533,340,700,340,700,2,340,110,True,False,0
2026-10-04T02:12:32.5730742Z,14CA0000,40118,1100,533,340,700,340,700,2,340,110,True,False,0
2026-10-04T02:12:32.5880816Z,14CA0000,40118,1100,533,340,700,340,700,2,340,110,True,False,0
2026-10-04T02:12:32.6040779Z,14CA0000,40118,1100,533,340,700,340,700,2,340,110,True,False,0
2026-10-04T02:12:32.6200414Z,14CA0000,40118,1100,533,340,700,340,700,2,340,110,True,False,0
2026-10-04T02:12:32.6350760Z,14CA0000,40118,1100,533,340,700,340,700,2,340,110,True,False,0
2026-10-04T02:12:32.6510817Z,14CA0000,40118,1100,533,340,700,340,700,2,340,110,True,False,0
2026-10-04T02:12:32.6660622Z,14CA0000,40118,1100,533,340,700,340,700,2,340,110,True,False,0
2026-10-04T02:12:32.6820950Z,14CA0000,40118,1100,533,340,700,340,700,2,340,110,True,False,0
2026-10-04T02:12:32.6980830Z,14CA0000,40118,1100,533,340,700,340,700,2,340,110,True,False,0
2026-10-04T02:12:32.7140662Z,14CA0000,40118,1100,533,340,700,340,700,2,340,110,True,False,0
2026-10-04T02:12:32.7300650Z,14CA0000,40118,1100,533,340,700,340,700,2,340,110,True,False,0
2026-10-04T02:12:32.7460731Z,14CA0000,40118,1100,533,340,700,340,700,2,340,110,True,False,0
2026-10-04T02:12:32.7620840Z,14CA0000,40118,1100,533,340,700,340,700,2,340,110,True,False,0
2026-10-04T02:12:32.7780863Z,14CA0000,40118,1100,533,340,700,340,700,2,340,110,True,False,0
2026-10-04T02:12:32.7940851Z,14CA0000,40118,1100,533,340,700,340,700,2,340,110,True,False,0
2026-10-04T02:12:32.8101014Z,14CA0000,40118,1100,533,340,700,340,700,2,340,110,True,False,0
2026-10-04T02:12:32.8260758Z,14CA0000,40118,1100,533,340,700,340,700,2,340,110,True,False,0
2026-10-04T02:12:32.8420861Z,14CA0000,40118,1100,533,340,700,340,700,2,340,110,True,False,0
2026-10-04T02:12:32.8574504Z,14CA0000,40118,1100,533,340,700,340,700,2,340,110,True,False,0
2026-10-04T02:12:32.8731017Z,14CA0000,40118,1100,533,340,700,340,700,2,340,110,True,False,0
2026-10-04T02:12:32.8891680Z,14CA0000,40118,1100,533,340,700,340,700,2,340,110,True,False,0
2026-10-04T02:12:32.9051780Z,14CA0000,40118,1100,533,340,700,340,700,2,340,110,True,False,0
2026-10-04T02:12:32.9212345Z,14CA0000,40118,1100,533,340,700,340,700,2,340,110,True,False,0
2026-10-04T02:12:32.9362894Z,14CA0000,40118,1100,533,340,700,340,700,2,340,110,True,False,0
2026-10-04T02:12:32.9511547Z,14CA0000,40118,1100,533,340,700,340,700,2,340,110,True,False,0
2026-10-04T02:12:32.9671973Z,14CA0000,40118,1100,533,340,700,340,700,2,340,110,True,False,0
2026-10-04T02:12:32.9831910Z,14CA0000,40118,1100,533,340,700,340,700,2,340,110,True,False,0
2026-10-04T02:12:32.9991246Z,14CA0000,40118,1100,533,340,700,340,700,2,340,110,True,False,0
2026-10-04T02:12:33.0151984Z,14CA0000,40118,1100,533,340,700,340,700,2,340,110,True,False,0
2026-10-04T02:12:33.0311457Z,14CA0000,40118,1100,533,340,700,340,700,2,340,110,True,False,0
2026-10-04T02:12:33.0471962Z,14CA0000,40118,1100,533,340,700,340,700,2,340,110,True,False,0
2026-10-04T02:12:33.0631544Z,14CA0000,40118,1100,533,340,700,340,700,2,340,110,True,False,0
2026-10-04T02:12:33.0792154Z,14CA0000,40118,1100,533,340,700,340,700,2,340,110,True,False,0
2026-10-04T02:12:33.0941816Z,14CA0000,40118,1100,533,340,700,340,700,2,340,110,True,False,0
2026-10-04T02:12:33.1092087Z,14CA0000,40118,1100,533,340,700,340,700,2,340,110,True,False,0
2026-10-04T02:12:33.1251634Z,14CA0000,40118,1100,533,340,700,340,700,2,340,110,True,False,0
2026-10-04T02:12:33.1402340Z,14CA0000,40118,1100,533,340,700,340,700,2,340,110,True,False,0
2026-10-04T02:12:33.1552395Z,14CA0000,40118,1100,533,340,700,340,700,2,340,110,True,False,0
2026-10-04T02:12:33.1712808Z,14CA0000,40118,1100,533,340,700,340,700,2,340,110,True,False,0
2026-10-04T02:12:33.1872675Z,14CA0000,40118,1100,533,340,700,340,700,2,340,110,True,False,0
2026-10-04T02:12:33.2032448Z,14CA0000,40118,1100,533,340,700,340,700,2,340,110,True,False,0
2026-10-04T02:12:33.2193228Z,14CA0000,40118,1100,533,340,700,340,700,2,340,110,True,False,0
2026-10-04T02:12:33.2342093Z,14CA0000,40118,1100,533,340,700,340,700,2,340,110,True,False,0
2026-10-04T02:12:33.2503828Z,14CA0000,40118,1100,533,340,700,340,700,2,340,110,True,False,0
2026-10-04T02:12:33.2652057Z,14CA0000,40118,1100,533,340,700,340,700,2,340,110,True,False,0
2026-10-04T02:12:33.2801950Z,14CA0000,40118,1100,533,340,700,340,700,2,340,110,True,False,0
2026-10-04T02:12:33.2962302Z,14CA0000,40118,1100,533,340,700,340,700,2,340,110,True,False,0
2026-10-04T02:12:33.3113055Z,14CA0000,40118,1100,533,340,700,340,700,2,340,110,True,False,0
2026-10-04T02:12:33.3272019Z,14CA0000,40118,1100,533,340,700,340,700,2,340,110,True,False,0
2026-10-04T02:12:33.3432753Z,14CA0000,40118,1100,533,340,700,340,700,2,340,110,True,False,0
2026-10-04T02:12:33.3593491Z,14CA0000,40118,1100,533,340,700,340,700,2,340,110,True,False,0
2026-10-04T02:12:33.3752033Z,14CA0000,40118,1100,533,340,700,340,700,2,340,110,True,False,0
2026-10-04T02:12:33.3911738Z,14CA0000,40118,1100,533,340,700,340,700,2,340,110,True,False,0
2026-10-04T02:12:33.4072228Z,14CA0000,40118,1100,533,340,700,340,700,2,340,110,True,False,0
2026-10-04T02:12:33.4232878Z,14CA0000,40118,1100,533,340,700,340,700,2,340,110,True,False,0
2026-10-04T02:12:33.4392252Z,14CA0000,40118,1100,533,340,700,340,700,2,340,110,True,False,0
2026-10-04T02:12:33.4552357Z,14CA0000,40118,1100,533,340,700,340,700,2,340,110,True,False,0
2026-10-04T02:12:33.4715115Z,14CA0000,40118,1100,533,340,700,340,700,2,340,110,True,False,0
2026-10-04T02:12:33.4872536Z,14CA0000,40118,1100,533,340,700,340,700,2,340,110,True,False,0
2026-10-04T02:12:33.5032350Z,14CA0000,40118,1100,533,340,700,340,700,2,340,110,True,False,0
2026-10-04T02:12:33.5192366Z,14CA0000,40118,1100,533,340,700,340,700,2,340,110,True,False,0
2026-10-04T02:12:33.5341901Z,14CA0000,40118,1100,533,340,700,340,700,2,340,110,True,False,0
2026-10-04T02:12:33.5492764Z,14CA0000,40118,1100,533,340,700,340,700,2,340,110,True,False,0
2026-10-04T02:12:33.5642285Z,14CA0000,40118,1100,533,340,700,340,700,2,340,110,True,False,0
2026-10-04T02:12:33.5804031Z,14CA0000,40118,1100,533,340,700,340,700,2,340,110,True,False,0
2026-10-04T02:12:33.5952658Z,14CA0000,40118,1100,533,340,700,340,700,2,340,110,True,False,0
2026-10-04T02:12:33.6112758Z,14CA0000,40118,1100,533,340,700,340,700,2,340,110,True,False,0
2026-10-04T02:12:33.6272550Z,14CA0000,40118,1100,533,340,700,340,700,2,340,110,True,False,0
2026-10-04T02:12:33.6426964Z,14CA0000,40118,1100,533,340,700,340,700,2,340,110,True,False,0
2026-10-04T02:12:33.6587070Z,14CA0000,40118,1100,533,340,700,340,700,2,340,110,True,False,0
2026-10-04T02:12:33.6747203Z,14CA0000,40118,1100,533,340,700,340,700,2,340,110,True,False,0
2026-10-04T02:12:33.6907054Z,14CA0000,40118,1100,533,340,700,340,700,2,340,110,True,False,0
2026-10-04T02:12:33.7067626Z,14CA0000,40118,1100,533,340,700,340,700,2,340,110,True,False,0
2026-10-04T02:12:33.7226976Z,14CA0000,40118,1100,533,340,700,340,700,2,340,110,True,False,0
2026-10-04T02:12:33.7386896Z,14CA0000,40118,1100,533,340,700,340,700,2,340,110,True,False,0
2026-10-04T02:12:33.7548176Z,14CA0000,40118,1100,533,340,700,340,700,2,340,110,True,False,0
2026-10-04T02:12:33.7707785Z,14CA0000,40118,1100,533,340,700,340,700,2,340,110,True,False,0
2026-10-04T02:12:33.7867218Z,14CA0000,40118,1100,533,340,700,340,700,2,340,110,True,False,0
2026-10-04T02:12:33.8022698Z,14CA0000,40118,1100,533,340,700,340,700,2,340,110,True,False,0
2026-10-04T02:12:33.8182333Z,14CA0000,40118,1100,533,340,700,340,700,2,340,110,True,False,0
2026-10-04T02:12:33.8332456Z,14CA0000,40118,1100,533,340,700,340,700,2,340,110,True,False,0
2026-10-04T02:12:33.8487599Z,14CA0000,40118,1100,533,340,700,340,700,2,340,110,True,False,0
2026-10-04T02:12:33.8644378Z,14CA0000,40118,1100,533,340,700,340,700,2,340,110,True,False,0
2026-10-04T02:12:33.8803790Z,14CA0000,40118,1100,533,340,700,340,700,2,340,110,True,False,0
2026-10-04T02:12:33.8964051Z,14CA0000,40118,1100,533,340,700,340,700,2,340,110,True,False,0
2026-10-04T02:12:33.9125023Z,14CA0000,40118,1100,533,340,700,340,700,2,340,110,True,False,0
2026-10-04T02:12:33.9284264Z,14CA0000,40118,1100,533,340,700,340,700,2,340,110,True,False,0
2026-10-04T02:12:33.9438917Z,14CA0000,40118,1100,533,340,700,340,700,2,340,110,True,False,0
2026-10-04T02:12:33.9598750Z,14CA0000,40118,1100,533,340,700,340,700,2,340,110,True,False,0
2026-10-04T02:12:33.9759137Z,14CA0000,40118,1100,533,340,700,340,700,2,340,110,True,False,0
2026-10-04T02:12:33.9918537Z,14CA0000,40118,1100,533,340,700,340,700,2,340,110,True,False,0
2026-10-04T02:12:34.0068146Z,14CA0000,40118,1100,533,340,700,340,700,2,340,110,True,False,0
2026-10-04T02:12:34.0230596Z,14CA0000,40118,1100,533,340,700,340,700,2,340,110,True,False,0
2026-10-04T02:12:34.0378763Z,14CA0000,40118,1100,533,340,700,340,700,2,340,110,True,False,0
2026-10-04T02:12:34.0538742Z,14CA0000,40118,1100,533,340,700,340,700,2,340,110,True,False,0
2026-10-04T02:12:34.0698096Z,14CA0000,40118,1100,533,340,700,340,700,2,340,110,True,False,0
2026-10-04T02:12:34.0858824Z,14CA0000,40118,1100,533,340,700,340,700,2,340,110,True,False,0
2026-10-04T02:12:34.1018290Z,14CA0000,40118,1100,533,340,700,340,700,2,340,110,True,False,0
2026-10-04T02:12:34.1168392Z,14CA0000,40118,1100,533,340,700,340,700,2,340,110,True,False,0
2026-10-04T02:12:34.1320367Z,14CA0000,40118,1100,533,340,700,340,700,2,340,110,True,False,0
2026-10-04T02:12:34.1479581Z,14CA0000,40118,1100,533,340,700,340,700,2,340,110,True,False,0
2026-10-04T02:12:34.1638578Z,14CA0000,40118,1100,533,340,700,340,700,2,340,110,True,False,0
2026-10-04T02:12:34.1798687Z,14CA0000,40118,1100,533,340,700,340,700,2,340,110,True,False,0
2026-10-04T02:12:34.1959420Z,14CA0000,40118,1100,533,340,700,340,700,2,340,110,True,False,0
2026-10-04T02:12:34.2118871Z,14CA0000,40118,1100,533,340,700,340,700,2,340,110,True,False,0
2026-10-04T02:12:34.2278863Z,14CA0000,40118,1100,533,340,700,340,700,2,340,110,True,False,0
2026-10-04T02:12:34.2438941Z,14CA0000,40118,1100,533,340,700,340,700,2,340,110,True,False,0
2026-10-04T02:12:34.2597387Z,14CA0000,40118,1100,533,340,700,340,700,2,340,110,True,False,0
2026-10-04T02:12:34.2747398Z,14CA0000,40118,1100,533,340,700,340,700,2,340,110,True,False,0
2026-10-04T02:12:34.2898174Z,14CA0000,40118,1100,533,340,700,340,700,2,340,110,True,False,0
2026-10-04T02:12:34.3058154Z,14CA0000,40118,1100,533,340,700,340,700,2,340,110,True,False,0
2026-10-04T02:12:34.3217594Z,14CA0000,40118,1100,533,340,700,340,700,2,340,110,True,False,0
2026-10-04T02:12:34.3376933Z,14CA0000,40118,1100,533,340,700,340,700,2,340,110,True,False,0
2026-10-04T02:12:34.3537468Z,14CA0000,40118,1100,533,340,700,340,700,2,340,110,True,False,0
2026-10-04T02:12:34.3697360Z,14CA0000,40118,1100,533,340,700,340,700,2,340,110,True,False,0
2026-10-04T02:12:34.3847354Z,14CA0000,40118,1100,533,340,700,340,700,2,340,110,True,False,0
2026-10-04T02:12:34.3996871Z,14CA0000,40118,1100,533,340,700,340,700,2,340,110,True,False,0
2026-10-04T02:12:34.4157420Z,14CA0000,40118,1100,533,340,700,340,700,2,340,110,True,False,0
2026-10-04T02:12:34.4317318Z,14CA0000,40118,1100,533,340,700,340,700,2,340,110,True,False,0
2026-10-04T02:12:34.4477374Z,14CA0000,40118,1100,533,340,700,340,700,2,340,110,True,False,0
2026-10-04T02:12:34.4637356Z,14CA0000,40118,1100,533,340,700,340,700,2,340,110,True,False,0
2026-10-04T02:12:34.4797219Z,14CA0000,40118,1100,533,340,700,340,700,2,340,110,True,False,0
2026-10-04T02:12:34.4957008Z,14CA0000,40118,1100,533,340,700,340,700,2,340,110,True,False,0
2026-10-04T02:12:34.5117344Z,14CA0000,40118,1100,533,340,700,340,700,2,340,110,True,False,0
2026-10-04T02:12:34.5268030Z,14CA0000,40118,1100,533,340,700,340,700,2,340,110,True,False,0
2026-10-04T02:12:34.5417321Z,14CA0000,40118,1100,533,340,700,340,700,2,340,110,True,False,0
2026-10-04T02:12:34.5577861Z,14CA0000,40118,1100,533,340,700,340,700,2,340,110,True,False,0
2026-10-04T02:12:34.5737533Z,14CA0000,40118,1100,533,340,700,340,700,2,340,110,True,False,0
2026-10-04T02:12:34.5897664Z,14CA0000,40118,1100,533,340,700,340,700,2,340,110,True,False,0
2026-10-04T02:12:34.6057611Z,14CA0000,40118,1100,533,340,700,340,700,2,340,110,True,False,0
2026-10-04T02:12:34.6217433Z,14CA0000,40118,1100,533,340,700,340,700,2,340,110,True,False,0
2026-10-04T02:12:34.6377100Z,14CA0000,40118,1100,533,340,700,340,700,2,340,110,True,False,0
2026-10-04T02:12:34.6537567Z,14CA0000,40118,1100,533,340,700,340,700,2,340,110,True,False,0
2026-10-04T02:12:34.6697327Z,14CA0000,40118,1100,533,340,700,340,700,2,340,110,True,False,0
2026-10-04T02:12:34.6847483Z,14CA0000,40118,1100,533,340,700,340,700,2,340,110,True,False,0
2026-10-04T02:12:34.7007306Z,14CA0000,40118,1100,533,340,700,340,700,2,340,110,True,False,0
2026-10-04T02:12:34.7157253Z,14CA0000,40118,1100,533,340,700,340,700,2,340,110,True,False,0
2026-10-04T02:12:34.7309942Z,14CA0000,40118,1100,533,340,700,340,700,2,340,110,True,False,0
2026-10-04T02:12:34.7470322Z,14CA0000,40118,1100,533,340,700,340,700,2,340,110,True,False,0
2026-10-04T02:12:34.7630127Z,14CA0000,40118,1100,533,340,700,340,700,2,340,110,True,False,0
2026-10-04T02:12:34.7790362Z,14CA0000,40118,1100,533,340,700,340,700,2,340,110,True,False,0
2026-10-04T02:12:34.7950107Z,14CA0000,40118,1100,533,340,700,340,700,2,340,110,True,False,0
2026-10-04T02:12:34.8110662Z,14CA0000,40118,1100,533,340,700,340,700,2,340,110,True,False,0
2026-10-04T02:12:34.8270368Z,14CA0000,40118,1100,533,340,700,340,700,2,340,110,True,False,0
2026-10-04T02:12:34.8430281Z,14CA0000,40118,1100,533,340,700,340,700,2,340,110,True,False,0
2026-10-04T02:12:34.8590469Z,14CA0000,40118,1100,533,340,700,340,700,2,340,110,True,False,0
2026-10-04T02:12:34.8750310Z,14CA0000,40118,1100,533,340,700,340,700,2,340,110,True,False,0
2026-10-04T02:12:34.8900332Z,14CA0000,40118,1100,533,340,700,340,700,2,340,110,True,False,0
2026-10-04T02:12:34.9060344Z,14CA0000,40118,1100,533,340,700,340,700,2,340,110,True,False,0
2026-10-04T02:12:34.9211179Z,14CA0000,40118,1100,533,340,700,340,700,2,340,110,True,False,0
2026-10-04T02:12:34.9370583Z,14CA0000,40118,1100,533,340,700,340,700,2,340,110,True,False,0
2026-10-04T02:12:34.9530147Z,14CA0000,40118,1100,533,340,700,340,700,2,340,110,True,False,0
2026-10-04T02:12:34.9690008Z,14CA0000,40118,1100,533,340,700,340,700,2,340,110,True,False,0
2026-10-04T02:12:34.9850580Z,14CA0000,40118,1100,533,340,700,340,700,2,340,110,True,False,0
2026-10-04T02:12:35.0010445Z,14CA0000,40118,1100,533,340,700,340,700,2,340,110,True,False,0
2026-10-04T02:12:35.0170674Z,14CA0000,40118,1100,533,340,700,340,700,2,340,110,True,False,0
2026-10-04T02:12:35.0330359Z,14CA0000,40118,1100,533,340,700,340,700,2,340,110,True,False,0
2026-10-04T02:12:35.0490321Z,14CA0000,40118,1100,533,340,700,340,700,2,340,110,True,False,0
2026-10-04T02:12:35.0650043Z,14CA0000,40118,1100,533,340,700,340,700,2,340,110,True,False,0
2026-10-04T02:12:35.0810775Z,14CA0000,40118,1100,533,340,700,340,700,2,340,110,True,False,0
2026-10-04T02:12:35.0970409Z,14CA0000,40118,1100,533,340,700,340,700,2,340,110,True,False,0
2026-10-04T02:12:35.1130332Z,14CA0000,40118,1100,533,340,700,340,700,2,340,110,True,False,0
2026-10-04T02:12:35.1281630Z,14CA0000,40118,1100,533,340,700,340,700,2,340,110,True,False,0
2026-10-04T02:12:35.1440912Z,14CA0000,40118,1100,533,340,700,340,700,2,340,110,True,False,0
2026-10-04T02:12:35.1590346Z,14CA0000,40118,1100,533,340,700,340,700,2,340,110,True,False,0
2026-10-04T02:12:35.1751055Z,14CA0000,40118,1100,533,340,700,340,700,2,340,110,True,False,0
2026-10-04T02:12:35.1901697Z,14CA0000,40118,1100,533,340,700,340,700,2,340,110,True,False,0
2026-10-04T02:12:35.2051126Z,14CA0000,40118,1100,533,340,700,340,700,2,340,110,True,False,0
2026-10-04T02:12:35.2214349Z,14CA0000,40118,1100,533,340,700,340,700,2,340,110,True,False,0
2026-10-04T02:12:35.2370531Z,14CA0000,40118,1100,533,340,700,340,700,2,340,110,True,False,0
2026-10-04T02:12:35.2530432Z,14CA0000,40118,1100,533,340,700,340,700,2,340,110,True,False,0
2026-10-04T02:12:35.2680272Z,14CA0000,40118,1100,533,340,700,340,700,2,340,110,True,False,0
2026-10-04T02:12:35.2831081Z,14CA0000,40118,1100,533,340,700,340,700,2,340,110,True,False,0
2026-10-04T02:12:35.2990774Z,14CA0000,40118,1100,533,340,700,340,700,2,340,110,True,False,0
2026-10-04T02:12:35.3146186Z,14CA0000,40118,1100,533,340,700,340,700,2,340,110,True,False,0
2026-10-04T02:12:35.3307058Z,14CA0000,40118,1100,533,340,700,340,700,2,340,110,True,False,0
2026-10-04T02:12:35.3461306Z,14CA0000,40118,1100,533,340,700,340,700,2,340,110,True,False,0
2026-10-04T02:12:35.3620750Z,14CA0000,40118,1100,533,340,700,340,700,2,340,110,True,False,0
2026-10-04T02:12:35.3780775Z,14CA0000,40118,1100,533,340,700,340,700,2,340,110,True,False,0
2026-10-04T02:12:35.3940811Z,14CA0000,40118,1100,533,340,700,340,700,2,340,110,True,False,0
2026-10-04T02:12:35.4101583Z,14CA0000,40118,1100,533,340,700,340,700,2,340,110,True,False,0
2026-10-04T02:12:35.4261100Z,14CA0000,40118,1100,533,340,700,340,700,2,340,110,True,False,0
2026-10-04T02:12:35.4423063Z,14CA0000,40118,1100,533,340,700,340,700,2,340,110,True,False,0
2026-10-04T02:12:35.4570814Z,14CA0000,40118,1100,533,340,700,340,700,2,340,110,True,False,0
2026-10-04T02:12:35.4732063Z,14CA0000,40118,1100,533,340,700,340,700,2,340,110,True,False,0
2026-10-04T02:12:35.4888972Z,14CA0000,40118,1100,533,340,700,340,700,2,340,110,True,False,0
2026-10-04T02:12:35.5041260Z,14CA0000,40118,1100,533,340,700,340,700,2,340,110,True,False,0
2026-10-04T02:12:35.5201594Z,14CA0000,40118,1100,533,340,700,340,700,2,340,110,True,False,0
2026-10-04T02:12:35.5351177Z,14CA0000,40118,1100,533,340,700,340,700,2,340,110,True,False,0
2026-10-04T02:12:35.5512780Z,14CA0000,40118,1100,533,340,700,340,700,2,340,110,True,False,0
2026-10-04T02:12:35.5671138Z,14CA0000,40118,1100,533,340,700,340,700,2,340,110,True,False,0
2026-10-04T02:12:35.5831318Z,14CA0000,40118,1100,533,340,700,340,700,2,340,110,True,False,0
2026-10-04T02:12:35.5981539Z,14CA0000,40118,1100,533,340,700,340,700,2,340,110,True,False,0
2026-10-04T02:12:35.6131352Z,14CA0000,40118,1100,533,340,700,340,700,2,340,110,True,False,0
2026-10-04T02:12:35.6291240Z,14CA0000,40118,1100,533,340,700,340,700,2,340,110,True,False,0
2026-10-04T02:12:35.6441089Z,14CA0000,40118,1100,533,340,700,340,700,2,340,110,True,False,0
2026-10-04T02:12:35.6591142Z,14CA0000,40118,1100,533,340,700,340,700,2,340,110,True,False,0
2026-10-04T02:12:35.6751124Z,14CA0000,40118,1100,533,340,700,340,700,2,340,110,True,False,0
2026-10-04T02:12:35.6910793Z,14CA0000,40118,1100,533,340,700,340,700,2,340,110,True,False,0
2026-10-04T02:12:35.7071571Z,14CA0000,40118,1100,533,340,700,340,700,2,340,110,True,False,0
2026-10-04T02:12:35.7221291Z,14CA0000,40118,1100,533,340,700,340,700,2,340,110,True,False,0
2026-10-04T02:12:35.7371948Z,14CA0000,40118,1100,533,340,700,340,700,2,340,110,True,False,0
2026-10-04T02:12:35.7531335Z,14CA0000,40118,1100,533,340,700,340,700,2,340,110,True,False,0
2026-10-04T02:12:35.7690975Z,14CA0000,40118,1100,533,340,700,340,700,2,340,110,True,False,0
2026-10-04T02:12:35.7842711Z,14CA0000,40118,1100,533,340,700,340,700,2,340,110,True,False,0
2026-10-04T02:12:35.7991215Z,14CA0000,40118,1100,533,340,700,340,700,2,340,110,True,False,0
2026-10-04T02:12:35.8151844Z,14CA0000,40118,1100,533,340,700,340,700,2,340,110,True,False,0
2026-10-04T02:12:35.8311525Z,14CA0000,40118,1100,533,340,700,340,700,2,340,110,True,False,0
2026-10-04T02:12:35.8471436Z,14CA0000,40118,1100,533,340,700,340,700,2,340,110,True,False,0
2026-10-04T02:12:35.8626847Z,14CA0000,40118,1100,533,340,700,340,700,2,340,110,True,False,0
2026-10-04T02:12:35.8788985Z,14CA0000,40118,1100,533,340,700,340,700,2,340,110,True,False,0
2026-10-04T02:12:35.8946603Z,14CA0000,40118,1100,533,340,700,340,700,2,340,110,True,False,0
2026-10-04T02:12:35.9107424Z,14CA0000,40118,1100,533,340,700,340,700,2,340,110,True,False,0
2026-10-04T02:12:35.9257417Z,14CA0000,40118,1100,533,340,700,340,700,2,340,110,True,False,0
2026-10-04T02:12:35.9416606Z,14CA0000,40118,1100,533,340,700,340,700,2,340,110,True,False,0
2026-10-04T02:12:35.9567665Z,14CA0000,40118,1100,533,340,700,340,700,2,340,110,True,False,0
2026-10-04T02:12:35.9726711Z,14CA0000,40118,1100,533,340,700,340,700,2,340,110,True,False,0
2026-10-04T02:12:35.9888203Z,14CA0000,40118,1100,533,340,700,340,700,2,340,110,True,False,0
2026-10-04T02:12:36.0047389Z,14CA0000,40118,1100,533,340,700,340,700,2,340,110,True,False,0
2026-10-04T02:12:36.0206916Z,14CA0000,40118,1100,533,340,700,340,700,2,340,110,True,False,0
2026-10-04T02:12:36.0366640Z,14CA0000,40118,1100,533,340,700,340,700,2,340,110,True,False,0
2026-10-04T02:12:36.0526686Z,14CA0000,40118,1100,533,340,700,340,700,2,340,110,True,False,0
2026-10-04T02:12:36.0676828Z,14CA0000,40118,1100,533,340,700,340,700,2,340,110,True,False,0
2026-10-04T02:12:36.0836459Z,14CA0000,40118,1100,533,340,700,340,700,2,340,110,True,False,0
2026-10-04T02:12:36.0988532Z,14CA0000,40118,1100,533,340,700,340,700,2,340,110,True,False,0
2026-10-04T02:12:36.1142063Z,14CA0000,40118,1100,533,340,700,340,700,2,340,110,True,False,0
2026-10-04T02:12:36.1302028Z,14CA0000,40118,1100,533,340,700,340,700,2,340,110,True,False,0
2026-10-04T02:12:36.1461827Z,14CA0000,40118,1100,533,340,700,340,700,2,340,110,True,False,0
2026-10-04T02:12:36.1622267Z,14CA0000,40118,1100,533,340,700,340,700,2,340,110,True,False,0
2026-10-04T02:12:36.1782171Z,14CA0000,40118,1100,533,340,700,340,700,2,340,110,True,False,0
2026-10-04T02:12:36.1942556Z,14CA0000,40118,1100,533,340,700,340,700,2,340,110,True,False,0
2026-10-04T02:12:36.2103739Z,14CA0000,40118,1100,533,340,700,340,700,2,340,110,True,False,0
2026-10-04T02:12:36.2261917Z,14CA0000,40118,1100,533,340,700,340,700,2,340,110,True,False,0
2026-10-04T02:12:36.2422197Z,14CA0000,40118,1100,533,340,700,340,700,2,340,110,True,False,0
2026-10-04T02:12:36.2572063Z,14CA0000,40118,1100,533,340,700,340,700,2,340,110,True,False,0
2026-10-04T02:12:36.2722063Z,14CA0000,40118,1100,533,340,700,340,700,2,340,110,True,False,0
2026-10-04T02:12:36.2882527Z,14CA0000,40118,1100,533,340,700,340,700,2,340,110,True,False,0
2026-10-04T02:12:36.3042659Z,14CA0000,40118,1100,533,340,700,340,700,2,340,110,True,False,0
2026-10-04T02:12:36.3204310Z,14CA0000,40118,1100,533,340,700,340,700,2,340,110,True,False,0
2026-10-04T02:12:36.3362148Z,14CA0000,40118,1100,533,340,700,340,700,2,340,110,True,False,0
2026-10-04T02:12:36.3522130Z,14CA0000,40118,1100,533,340,700,340,700,2,340,110,True,False,0
2026-10-04T02:12:36.3671987Z,14CA0000,40118,1100,533,340,700,340,700,2,340,110,True,False,0
2026-10-04T02:12:36.3822241Z,14CA0000,40118,1100,533,340,700,340,700,2,340,110,True,False,0
2026-10-04T02:12:36.3982289Z,14CA0000,40118,1100,533,340,700,340,700,2,340,110,True,False,0
2026-10-04T02:12:36.4142029Z,14CA0000,40118,1100,533,340,700,340,700,2,340,110,True,False,0
2026-10-04T02:12:36.4292080Z,14CA0000,40118,1100,533,340,700,340,700,2,340,110,True,False,0
2026-10-04T02:12:36.4442037Z,14CA0000,40118,1100,533,340,700,340,700,2,340,110,True,False,0
2026-10-04T02:12:36.4602150Z,14CA0000,40118,1100,533,340,700,340,700,2,340,110,True,False,0
2026-10-04T02:12:36.4762140Z,14CA0000,40118,1100,533,340,700,340,700,2,340,110,True,False,0
2026-10-04T02:12:36.4922301Z,14CA0000,40118,1100,533,340,700,340,700,2,340,110,True,False,0
2026-10-04T02:12:36.5082409Z,14CA0000,40118,1100,533,340,700,340,700,2,340,110,True,False,0
2026-10-04T02:12:36.5237504Z,14CA0000,40118,1100,533,340,700,340,700,2,340,110,True,False,0
2026-10-04T02:12:36.5397344Z,14CA0000,40118,1100,533,340,700,340,700,2,340,110,True,False,0
2026-10-04T02:12:36.5556926Z,14CA0000,40118,1100,533,340,700,340,700,2,340,110,True,False,0
2026-10-04T02:12:36.5717035Z,14CA0000,40118,1100,533,340,700,340,700,2,340,110,True,False,0
2026-10-04T02:12:36.5877703Z,14CA0000,40118,1100,533,340,700,340,700,2,340,110,True,False,0
2026-10-04T02:12:36.6027175Z,14CA0000,40118,1100,533,340,700,340,700,2,340,110,True,False,0
2026-10-04T02:12:36.6182460Z,14CA0000,40118,1100,533,340,700,340,700,2,340,110,True,False,0
2026-10-04T02:12:36.6342287Z,14CA0000,40118,1100,533,340,700,340,700,2,340,110,True,False,0
2026-10-04T02:12:36.6502387Z,14CA0000,40118,1100,533,340,700,340,700,2,340,110,True,False,0
2026-10-04T02:12:36.6662475Z,14CA0000,40118,1100,533,340,700,340,700,2,340,110,True,False,0
2026-10-04T02:12:36.6822333Z,14CA0000,40118,1100,533,340,700,340,700,2,340,110,True,False,0
2026-10-04T02:12:36.6982403Z,14CA0000,40118,1100,533,340,700,340,700,2,340,110,True,False,0
2026-10-04T02:12:36.7142525Z,14CA0000,40118,1100,533,340,700,340,700,2,340,110,True,False,0
2026-10-04T02:12:36.7302522Z,14CA0000,40118,1100,533,340,700,340,700,2,340,110,True,False,0
2026-10-04T02:12:36.7452363Z,14CA0000,40118,1100,533,340,700,340,700,2,340,110,True,False,0
2026-10-04T02:12:36.7612425Z,14CA0000,40118,1100,533,340,700,340,700,2,340,110,True,False,0
2026-10-04T02:12:36.7763014Z,14CA0000,40118,1100,533,340,700,340,700,2,340,110,True,False,0
2026-10-04T02:12:36.7921920Z,14CA0000,40118,1100,533,340,700,340,700,2,340,110,True,False,0
2026-10-04T02:12:36.8072321Z,14CA0000,40118,1100,533,340,700,340,700,2,340,110,True,False,0
2026-10-04T02:12:36.8221617Z,14CA0000,40118,1100,533,340,700,340,700,2,340,110,True,False,0
2026-10-04T02:12:36.8381656Z,14CA0000,40118,1100,533,340,700,340,700,2,340,110,True,False,0
2026-10-04T02:12:36.8542372Z,14CA0000,40118,1100,533,340,700,340,700,2,340,110,True,False,0
2026-10-04T02:12:36.8693068Z,14CA0000,40118,1100,533,340,700,340,700,2,340,110,True,False,0
2026-10-04T02:12:36.8851699Z,14CA0000,40118,1100,533,340,700,340,700,2,340,110,True,False,0
2026-10-04T02:12:36.9001818Z,14CA0000,40118,1100,533,340,700,340,700,2,340,110,True,False,0
2026-10-04T02:12:36.9161577Z,14CA0000,40118,1100,533,340,700,340,700,2,340,110,True,False,0
2026-10-04T02:12:36.9322348Z,14CA0000,40118,1100,533,340,700,340,700,2,340,110,True,False,0
2026-10-04T02:12:36.9481363Z,14CA0000,40118,1100,533,340,700,340,700,2,340,110,True,False,0
2026-10-04T02:12:36.9641402Z,14CA0000,40118,1100,533,340,700,340,700,2,340,110,True,False,0
2026-10-04T02:12:36.9803895Z,14CA0000,40118,1100,533,340,700,340,700,2,340,110,True,False,0
2026-10-04T02:12:36.9961539Z,14CA0000,40118,1100,533,340,700,340,700,2,340,110,True,False,0
2026-10-04T02:12:37.0121939Z,14CA0000,40118,1100,533,340,700,340,700,2,340,110,True,False,0
2026-10-04T02:12:37.0281573Z,14CA0000,40118,1100,533,340,700,340,700,2,340,110,True,False,0
2026-10-04T02:12:37.0442045Z,14CA0000,40118,1100,533,340,700,340,700,2,340,110,True,False,0
2026-10-04T02:12:37.0601683Z,14CA0000,40118,1100,533,340,700,340,700,2,340,110,True,False,0
2026-10-04T02:12:37.0761796Z,14CA0000,40118,1100,533,340,700,340,700,2,340,110,True,False,0
2026-10-04T02:12:37.0921833Z,14CA0000,40118,1100,533,340,700,340,700,2,340,110,True,False,0
2026-10-04T02:12:37.1072328Z,14CA0000,40118,1100,533,340,700,340,700,2,340,110,True,False,0
2026-10-04T02:12:37.1231698Z,14CA0000,40118,1100,533,340,700,340,700,2,340,110,True,False,0
2026-10-04T02:12:37.1382354Z,14CA0000,40118,1100,533,340,700,340,700,2,340,110,True,False,0
2026-10-04T02:12:37.1541843Z,14CA0000,40118,1100,533,340,700,340,700,2,340,110,True,False,0
2026-10-04T02:12:37.1701964Z,14CA0000,40118,1100,533,340,700,340,700,2,340,110,True,False,0
2026-10-04T02:12:37.1862122Z,14CA0000,40118,1100,533,340,700,340,700,2,340,110,True,False,0
2026-10-04T02:12:37.2021707Z,14CA0000,40118,1100,533,340,700,340,700,2,340,110,True,False,0
2026-10-04T02:12:37.2171383Z,14CA0000,40118,1100,533,340,700,340,700,2,340,110,True,False,0
2026-10-04T02:12:37.2331696Z,14CA0000,40118,1100,533,340,700,340,700,2,340,110,True,False,0
2026-10-04T02:12:37.2481781Z,14CA0000,40118,1100,533,340,700,340,700,2,340,110,True,False,0
2026-10-04T02:12:37.2642020Z,14CA0000,40118,1100,533,340,700,340,700,2,340,110,True,False,0
2026-10-04T02:12:37.2801798Z,14CA0000,40118,1100,533,340,700,340,700,2,340,110,True,False,0
2026-10-04T02:12:37.2961597Z,14CA0000,40118,1100,533,340,700,340,700,2,340,110,True,False,0
2026-10-04T02:12:37.3122335Z,14CA0000,40118,1100,533,340,700,340,700,2,340,110,True,False,0
2026-10-04T02:12:37.3271275Z,14CA0000,40118,1100,533,340,700,340,700,2,340,110,True,False,0
2026-10-04T02:12:37.3431950Z,14CA0000,40118,1100,533,340,700,340,700,2,340,110,True,False,0
2026-10-04T02:12:37.3580949Z,14CA0000,40118,1100,533,340,700,340,700,2,340,110,True,False,0
2026-10-04T02:12:37.3731004Z,14CA0000,40118,1100,533,340,700,340,700,2,340,110,True,False,0
2026-10-04T02:12:37.3891799Z,14CA0000,40118,1100,533,340,700,340,700,2,340,110,True,False,0
2026-10-04T02:12:37.4041685Z,14CA0000,40118,1100,533,340,700,340,700,2,340,110,True,False,0
2026-10-04T02:12:37.4201426Z,14CA0000,40118,1100,533,340,700,340,700,2,340,110,True,False,0
2026-10-04T02:12:37.4361103Z,14CA0000,40118,1100,533,340,700,340,700,2,340,110,True,False,0
2026-10-04T02:12:37.4521592Z,14CA0000,40118,1100,533,340,700,340,700,2,340,110,True,False,0
2026-10-04T02:12:37.4671269Z,14CA0000,40118,1100,533,340,700,340,700,2,340,110,True,False,0
2026-10-04T02:12:37.4821836Z,14CA0000,40118,1100,533,340,700,340,700,2,340,110,True,False,0
2026-10-04T02:12:37.4981051Z,14CA0000,40118,1100,533,340,700,340,700,2,340,110,True,False,0
2026-10-04T02:12:37.5141566Z,14CA0000,40118,1100,533,340,700,340,700,2,340,110,True,False,0
2026-10-04T02:12:37.5291313Z,14CA0000,40118,1100,533,340,700,340,700,2,340,110,True,False,0
2026-10-04T02:12:37.5451672Z,14CA0000,40118,1100,533,340,700,340,700,2,340,110,True,False,0
2026-10-04T02:12:37.5602298Z,14CA0000,40118,1100,533,340,700,340,700,2,340,110,True,False,0
2026-10-04T02:12:37.5762182Z,14CA0000,40118,1100,533,340,700,340,700,2,340,110,True,False,0
2026-10-04T02:12:37.5921985Z,14CA0000,40118,1100,533,340,700,340,700,2,340,110,True,False,0
2026-10-04T02:12:37.6071932Z,14CA0000,40118,1100,533,340,700,340,700,2,340,110,True,False,0
2026-10-04T02:12:37.6231920Z,14CA0000,40118,1100,533,340,700,340,700,2,340,110,True,False,0
2026-10-04T02:12:37.6388557Z,14CA0000,40118,1100,533,340,700,340,700,2,340,110,True,False,0
2026-10-04T02:12:37.6547413Z,14CA0000,40118,1100,533,340,700,340,700,2,340,110,True,False,0
2026-10-04T02:12:37.6706932Z,14CA0000,40118,1100,533,340,700,340,700,2,340,110,True,False,0
2026-10-04T02:12:37.6866546Z,14CA0000,40118,1100,533,340,700,340,700,2,340,110,True,False,0
2026-10-04T02:12:37.7026539Z,14CA0000,40118,1100,533,340,700,340,700,2,340,110,True,False,0
2026-10-04T02:12:37.7187309Z,14CA0000,40118,1100,533,340,700,340,700,2,340,110,True,False,0
2026-10-04T02:12:37.7338308Z,14CA0000,40118,1100,533,340,700,340,700,2,340,110,True,False,0
2026-10-04T02:12:37.7488049Z,14CA0000,40118,1100,533,340,700,340,700,2,340,110,True,False,0
2026-10-04T02:12:37.7648271Z,14CA0000,40118,1100,533,340,700,340,700,2,340,110,True,False,0
2026-10-04T02:12:37.7808020Z,14CA0000,40118,1100,533,340,700,340,700,2,340,110,True,False,0
2026-10-04T02:12:37.7968529Z,14CA0000,40118,1100,533,340,700,340,700,2,340,110,True,False,0
2026-10-04T02:12:37.8128350Z,14CA0000,40118,1100,533,340,700,340,700,2,340,110,True,False,0
2026-10-04T02:12:37.8283815Z,14CA0000,40118,1100,533,340,700,340,700,2,340,110,True,False,0
2026-10-04T02:12:37.8445571Z,14CA0000,40118,1100,533,340,700,340,700,2,340,110,True,False,0
2026-10-04T02:12:37.8603216Z,14CA0000,40118,1100,533,340,700,340,700,2,340,110,True,False,0
2026-10-04T02:12:37.8763217Z,14CA0000,40118,1100,533,340,700,340,700,2,340,110,True,False,0
2026-10-04T02:12:37.8913741Z,14CA0000,40118,1100,533,340,700,340,700,2,340,110,True,False,0
2026-10-04T02:12:37.9063301Z,14CA0000,40118,1100,533,340,700,340,700,2,340,110,True,False,0
2026-10-04T02:12:37.9224204Z,14CA0000,40118,1100,533,340,700,340,700,2,340,110,True,False,0
2026-10-04T02:12:37.9375697Z,14CA0000,40118,1100,533,340,700,340,700,2,340,110,True,False,0
2026-10-04T02:12:37.9535296Z,14CA0000,40118,1100,533,340,700,340,700,2,340,110,True,False,0
2026-10-04T02:12:37.9683348Z,14CA0000,40118,1100,533,340,700,340,700,2,340,110,True,False,0
2026-10-04T02:12:37.9843515Z,14CA0000,40118,1100,533,340,700,340,700,2,340,110,True,False,0
2026-10-04T02:12:38.0003303Z,14CA0000,40118,1100,533,340,700,340,700,2,340,110,True,False,0
2026-10-04T02:12:38.0153425Z,14CA0000,40118,1100,533,340,700,340,700,2,340,110,True,False,0
2026-10-04T02:12:38.0313159Z,14CA0000,40118,1100,533,340,700,340,700,2,340,110,True,False,0
2026-10-04T02:12:38.0463602Z,14CA0000,40118,1100,533,340,700,340,700,2,340,110,True,False,0
2026-10-04T02:12:38.0625065Z,14CA0000,40118,1100,533,340,700,340,700,2,340,110,True,False,0
2026-10-04T02:12:38.0783670Z,14CA0000,40118,1100,533,340,700,340,700,2,340,110,True,False,0
2026-10-04T02:12:38.0943275Z,14CA0000,40118,1100,533,340,700,340,700,2,340,110,True,False,0
2026-10-04T02:12:38.1103652Z,14CA0000,40118,1100,533,340,700,340,700,2,340,110,True,False,0
2026-10-04T02:12:38.1263239Z,14CA0000,40118,1100,533,340,700,340,700,2,340,110,True,False,0
2026-10-04T02:12:38.1423096Z,14CA0000,40118,1100,533,340,700,340,700,2,340,110,True,False,0
2026-10-04T02:12:38.1583354Z,14CA0000,40118,1100,533,340,700,340,700,2,340,110,True,False,0
2026-10-04T02:12:38.1735946Z,14CA0000,40118,1100,533,340,700,340,700,2,340,110,True,False,0
2026-10-04T02:12:38.1884945Z,14CA0000,40118,1100,533,340,700,340,700,2,340,110,True,False,0
2026-10-04T02:12:38.2044456Z,14CA0000,40118,1100,533,340,700,340,700,2,340,110,True,False,0
2026-10-04T02:12:38.2203105Z,14CA0000,40118,1100,533,340,700,340,700,2,340,110,True,False,0
2026-10-04T02:12:38.2363514Z,14CA0000,40118,1100,533,340,700,340,700,2,340,110,True,False,0
2026-10-04T02:12:38.2513352Z,14CA0000,40118,1100,533,340,700,340,700,2,340,110,True,False,0
2026-10-04T02:12:38.2663628Z,14CA0000,40118,1100,533,340,700,340,700,2,340,110,True,False,0
2026-10-04T02:12:38.2824937Z,14CA0000,40118,1100,533,340,700,340,700,2,340,110,True,False,0
2026-10-04T02:12:38.2983180Z,14CA0000,40118,1100,533,340,700,340,700,2,340,110,True,False,0
2026-10-04T02:12:38.3143870Z,14CA0000,40118,1100,533,340,700,340,700,2,340,110,True,False,0
2026-10-04T02:12:38.3303348Z,14CA0000,40118,1100,533,340,700,340,700,2,340,110,True,False,0
2026-10-04T02:12:38.3463483Z,14CA0000,40118,1100,533,340,700,340,700,2,340,110,True,False,0
2026-10-04T02:12:38.3623383Z,14CA0000,40118,1100,533,340,700,340,700,2,340,110,True,False,0
2026-10-04T02:12:38.3783564Z,14CA0000,40118,1100,533,340,700,340,700,2,340,110,True,False,0
2026-10-04T02:12:38.3943272Z,14CA0000,40118,1100,533,340,700,340,700,2,340,110,True,False,0
2026-10-04T02:12:38.4103568Z,14CA0000,40118,1100,533,340,700,340,700,2,340,110,True,False,0
2026-10-04T02:12:38.4263465Z,14CA0000,40118,1100,533,340,700,340,700,2,340,110,True,False,0
2026-10-04T02:12:38.4426083Z,14CA0000,40118,1100,533,340,700,340,700,2,340,110,True,False,0
2026-10-04T02:12:38.4583669Z,14CA0000,40118,1100,533,340,700,340,700,2,340,110,True,False,0
2026-10-04T02:12:38.4733764Z,14CA0000,40118,1100,533,340,700,340,700,2,340,110,True,False,0
2026-10-04T02:12:38.4894867Z,14CA0000,40118,1100,533,340,700,340,700,2,340,110,True,False,0
2026-10-04T02:12:38.5043743Z,14CA0000,40118,1100,533,340,700,340,700,2,340,110,True,False,0
2026-10-04T02:12:38.5203286Z,14CA0000,40118,1100,533,340,700,340,700,2,340,110,True,False,0
2026-10-04T02:12:38.5363219Z,14CA0000,40118,1100,533,340,700,340,700,2,340,110,True,False,0
2026-10-04T02:12:38.5513978Z,14CA0000,40118,1100,533,340,700,340,700,2,340,110,True,False,0
2026-10-04T02:12:38.5674070Z,14CA0000,40118,1100,533,340,700,340,700,2,340,110,True,False,0
2026-10-04T02:12:38.5823998Z,14CA0000,40118,1100,533,340,700,340,700,2,340,110,True,False,0
2026-10-04T02:12:38.5979004Z,14CA0000,40118,1100,533,340,700,340,700,2,340,110,True,False,0
2026-10-04T02:12:38.6140512Z,14CA0000,40118,1100,533,340,700,340,700,2,340,110,True,False,0
2026-10-04T02:12:38.6298728Z,14CA0000,40118,1100,533,340,700,340,700,2,340,110,True,False,0
2026-10-04T02:12:38.6458572Z,14CA0000,40118,1100,533,340,700,340,700,2,340,110,True,False,0
2026-10-04T02:12:38.6618653Z,14CA0000,40118,1100,533,340,700,340,700,2,340,110,True,False,0
2026-10-04T02:12:38.6778649Z,14CA0000,40118,1100,533,340,700,340,700,2,340,110,True,False,0
2026-10-04T02:12:38.6938601Z,14CA0000,40118,1100,533,340,700,340,700,2,340,110,True,False,0
2026-10-04T02:12:38.7099084Z,14CA0000,40118,1100,533,340,700,340,700,2,340,110,True,False,0
2026-10-04T02:12:38.7260983Z,14CA0000,40118,1100,533,340,700,340,700,2,340,110,True,False,0
2026-10-04T02:12:38.7418892Z,14CA0000,40118,1100,533,340,700,340,700,2,340,110,True,False,0
2026-10-04T02:12:38.7569148Z,14CA0000,40118,1100,533,340,700,340,700,2,340,110,True,False,0
2026-10-04T02:12:38.7729254Z,14CA0000,40118,1100,533,340,700,340,700,2,340,110,True,False,0
2026-10-04T02:12:38.7878975Z,14CA0000,40118,1100,533,340,700,340,700,2,340,110,True,False,0
2026-10-04T02:12:38.8039537Z,14CA0000,40118,1100,533,340,700,340,700,2,340,110,True,False,0
2026-10-04T02:12:38.8198768Z,14CA0000,40118,1100,533,340,700,340,700,2,340,110,True,False,0
2026-10-04T02:12:38.8349987Z,14CA0000,40118,1100,533,340,700,340,700,2,340,110,True,False,0
2026-10-04T02:12:38.8499500Z,14CA0000,40118,1100,533,340,700,340,700,2,340,110,True,False,0
2026-10-04T02:12:38.8658589Z,14CA0000,40118,1100,533,340,700,340,700,2,340,110,True,False,0
2026-10-04T02:12:38.8818598Z,14CA0000,40118,1100,533,340,700,340,700,2,340,110,True,False,0
2026-10-04T02:12:38.8979086Z,14CA0000,40118,1100,533,340,700,340,700,2,340,110,True,False,0
2026-10-04T02:12:38.9139690Z,14CA0000,40118,1100,533,340,700,340,700,2,340,110,True,False,0
2026-10-04T02:12:38.9299560Z,14CA0000,40118,1100,533,340,700,340,700,2,340,110,True,False,0
2026-10-04T02:12:38.9458480Z,14CA0000,40118,1100,533,340,700,340,700,2,340,110,True,False,0
2026-10-04T02:12:38.9615829Z,14CA0000,40118,1100,533,340,700,340,700,2,340,110,True,False,0
2026-10-04T02:12:38.9770480Z,14CA0000,40118,1100,533,340,700,340,700,2,340,110,True,False,0
2026-10-04T02:12:38.9930766Z,14CA0000,40118,1100,533,340,700,340,700,2,340,110,True,False,0
2026-10-04T02:12:39.0090551Z,14CA0000,40118,1100,533,340,700,340,700,2,340,110,True,False,0
2026-10-04T02:12:39.0240713Z,14CA0000,40118,1100,533,340,700,340,700,2,340,110,True,False,0
2026-10-04T02:12:39.0391062Z,14CA0000,40118,1100,533,340,700,340,700,2,340,110,True,False,0
2026-10-04T02:12:39.0540697Z,14CA0000,40118,1100,533,340,700,340,700,2,340,110,True,False,0
2026-10-04T02:12:39.0700483Z,14CA0000,40118,1100,533,340,700,340,700,2,340,110,True,False,0
2026-10-04T02:12:39.0850537Z,14CA0000,40118,1100,533,340,700,340,700,2,340,110,True,False,0
2026-10-04T02:12:39.1000380Z,14CA0000,40118,1100,533,340,700,340,700,2,340,110,True,False,0
2026-10-04T02:12:39.1160600Z,14CA0000,40118,1100,533,340,700,340,700,2,340,110,True,False,0
2026-10-04T02:12:39.1310648Z,14CA0000,40118,1100,533,340,700,340,700,2,340,110,True,False,0
2026-10-04T02:12:39.1460722Z,14CA0000,40118,1100,533,340,700,340,700,2,340,110,True,False,0
2026-10-04T02:12:39.1620511Z,14CA0000,40118,1100,533,340,700,340,700,2,340,110,True,False,0
2026-10-04T02:12:39.1770457Z,14CA0000,40118,1100,533,340,700,340,700,2,340,110,True,False,0
2026-10-04T02:12:39.1930895Z,14CA0000,40118,1100,533,340,700,340,700,2,340,110,True,False,0
2026-10-04T02:12:39.2090517Z,14CA0000,40118,1100,533,340,700,340,700,2,340,110,True,False,0
2026-10-04T02:12:39.2250301Z,14CA0000,40118,1100,533,340,700,340,700,2,340,110,True,False,0
2026-10-04T02:12:39.2402447Z,14CA0000,40118,1100,533,340,700,340,700,2,340,110,True,False,0
2026-10-04T02:12:39.2550528Z,14CA0000,40118,1100,533,340,700,340,700,2,340,110,True,False,0
2026-10-04T02:12:39.2712624Z,14CA0000,40118,1100,533,340,700,340,700,2,340,110,True,False,0
2026-10-04T02:12:39.2870438Z,14CA0000,40118,1100,533,340,700,340,700,2,340,110,True,False,0
2026-10-04T02:12:39.3038560Z,14CA0000,40118,1100,533,340,700,340,700,2,340,110,True,False,0
2026-10-04T02:12:39.3180386Z,14CA0000,40118,1100,533,340,700,340,700,2,340,110,True,False,0
2026-10-04T02:12:39.3330361Z,14CA0000,40118,1100,533,340,700,340,700,2,340,110,True,False,0
2026-10-04T02:12:39.3490595Z,14CA0000,40118,1100,533,340,700,340,700,2,340,110,True,False,0
2026-10-04T02:12:39.3650775Z,14CA0000,40118,1100,533,340,700,340,700,2,340,110,True,False,0
2026-10-04T02:12:39.3812494Z,14CA0000,40118,1100,533,340,700,340,700,2,340,110,True,False,0
2026-10-04T02:12:39.3970544Z,14CA0000,40118,1100,533,340,700,340,700,2,340,110,True,False,0
2026-10-04T02:12:39.4130386Z,14CA0000,40118,1100,533,340,700,340,700,2,340,110,True,False,0
2026-10-04T02:12:39.4290542Z,14CA0000,40118,1100,533,340,700,340,700,2,340,110,True,False,0
2026-10-04T02:12:39.4450531Z,14CA0000,40118,1100,533,340,700,340,700,2,340,110,True,False,0
2026-10-04T02:12:39.4610603Z,14CA0000,40118,1100,533,340,700,340,700,2,340,110,True,False,0
2026-10-04T02:12:39.4770365Z,14CA0000,40118,1100,533,340,700,340,700,2,340,110,True,False,0
2026-10-04T02:12:39.4932616Z,14CA0000,40118,1100,533,340,700,340,700,2,340,110,True,False,0
2026-10-04T02:12:39.5080741Z,14CA0000,40118,1100,533,340,700,340,700,2,340,110,True,False,0
2026-10-04T02:12:39.5240524Z,14CA0000,40118,1100,533,340,700,340,700,2,340,110,True,False,0
2026-10-04T02:12:39.5390587Z,14CA0000,40118,1100,533,340,700,340,700,2,340,110,True,False,0
2026-10-04T02:12:39.5551332Z,14CA0000,40118,1100,533,340,700,340,700,2,340,110,True,False,0
2026-10-04T02:12:39.5711047Z,14CA0000,40118,1100,533,340,700,340,700,2,340,110,True,False,0
2026-10-04T02:12:39.5870987Z,14CA0000,40118,1100,533,340,700,340,700,2,340,110,True,False,0
2026-10-04T02:12:39.6031906Z,14CA0000,40118,1100,533,340,700,340,700,2,340,110,True,False,0
2026-10-04T02:12:39.6190512Z,14CA0000,40118,1100,533,340,700,340,700,2,340,110,True,False,0
2026-10-04T02:12:39.6351541Z,14CA0000,40118,1100,533,340,700,340,700,2,340,110,True,False,0
2026-10-04T02:12:39.6510820Z,14CA0000,40118,1100,533,340,700,340,700,2,340,110,True,False,0
2026-10-04T02:12:39.6670774Z,14CA0000,40118,1100,533,340,700,340,700,2,340,110,True,False,0
2026-10-04T02:12:39.6830844Z,14CA0000,40118,1100,533,340,700,340,700,2,340,110,True,False,0
2026-10-04T02:12:39.6991015Z,14CA0000,40118,1100,533,340,700,340,700,2,340,110,True,False,0
2026-10-04T02:12:39.7151332Z,14CA0000,40118,1100,533,340,700,340,700,2,340,110,True,False,0
2026-10-04T02:12:39.7311006Z,14CA0000,40118,1100,533,340,700,340,700,2,340,110,True,False,0
2026-10-04T02:12:39.7470843Z,14CA0000,40118,1100,533,340,700,340,700,2,340,110,True,False,0
2026-10-04T02:12:39.7630910Z,14CA0000,40118,1100,533,340,700,340,700,2,340,110,True,False,0
2026-10-04T02:12:39.7790684Z,14CA0000,40118,1100,533,340,700,340,700,2,340,110,True,False,0
2026-10-04T02:12:39.7950963Z,14CA0000,40118,1100,533,340,700,340,700,2,340,110,True,False,0
2026-10-04T02:12:39.8111217Z,14CA0000,40118,1100,533,340,700,340,700,2,340,110,True,False,0
2026-10-04T02:12:39.8270842Z,14CA0000,40118,1100,533,340,700,340,700,2,340,110,True,False,0
2026-10-04T02:12:39.8430807Z,14CA0000,40118,1100,533,340,700,340,700,2,340,110,True,False,0
2026-10-04T02:12:39.8592040Z,14CA0000,40118,1100,533,340,700,340,700,2,340,110,True,False,0
2026-10-04T02:12:39.8742111Z,14CA0000,40118,1100,533,340,700,340,700,2,340,110,True,False,0
2026-10-04T02:12:39.8902002Z,14CA0000,40118,1100,533,340,700,340,700,2,340,110,True,False,0
2026-10-04T02:12:39.9051417Z,14CA0000,40118,1100,533,340,700,340,700,2,340,110,True,False,0
2026-10-04T02:12:39.9212258Z,14CA0000,40118,1100,533,340,700,340,700,2,340,110,True,False,0
2026-10-04T02:12:39.9372897Z,14CA0000,40118,1100,533,340,700,340,700,2,340,110,True,False,0
2026-10-04T02:12:39.9531797Z,14CA0000,40118,1100,533,340,700,340,700,2,340,110,True,False,0
2026-10-04T02:12:39.9691819Z,14CA0000,40118,1100,533,340,700,340,700,2,340,110,True,False,0
2026-10-04T02:12:39.9842178Z,14CA0000,40118,1100,533,340,700,340,700,2,340,110,True,False,0
2026-10-04T02:12:40.0001979Z,14CA0000,40118,1100,533,340,700,340,700,2,340,110,True,False,0
2026-10-04T02:12:40.0153575Z,14CA0000,40118,1100,533,340,700,340,700,2,340,110,True,False,0
2026-10-04T02:12:40.0313989Z,14CA0000,40118,1100,533,340,700,340,700,2,340,110,True,False,0
2026-10-04T02:12:40.0471837Z,14CA0000,40118,1100,533,340,700,340,700,2,340,110,True,False,0
2026-10-04T02:12:40.0631850Z,14CA0000,40118,1100,533,340,700,340,700,2,340,110,True,False,0
2026-10-04T02:12:40.0792022Z,14CA0000,40118,1100,533,340,700,340,700,2,340,110,True,False,0
2026-10-04T02:12:40.0951738Z,14CA0000,40118,1100,533,340,700,340,700,2,340,110,True,False,0
2026-10-04T02:12:40.1112457Z,14CA0000,40118,1100,533,340,700,340,700,2,340,110,True,False,0
2026-10-04T02:12:40.1272063Z,14CA0000,40118,1100,533,340,700,340,700,2,340,110,True,False,0
2026-10-04T02:12:40.1433474Z,14CA0000,40118,1100,533,340,700,340,700,2,340,110,True,False,0
2026-10-04T02:12:40.1592039Z,14CA0000,40118,1100,533,340,700,340,700,2,340,110,True,False,0
2026-10-04T02:12:40.1751883Z,14CA0000,40118,1100,533,340,700,340,700,2,340,110,True,False,0
2026-10-04T02:12:40.1912287Z,14CA0000,40118,1100,533,340,700,340,700,2,340,110,True,False,0
2026-10-04T02:12:40.2061444Z,14CA0000,40118,1100,533,340,700,340,700,2,340,110,True,False,0
2026-10-04T02:12:40.2212688Z,14CA0000,40118,1100,533,340,700,340,700,2,340,110,True,False,0
2026-10-04T02:12:40.2372105Z,14CA0000,40118,1100,533,340,700,340,700,2,340,110,True,False,0
2026-10-04T02:12:40.2534188Z,14CA0000,40118,1100,533,340,700,340,700,2,340,110,True,False,0
2026-10-04T02:12:40.2691951Z,14CA0000,40118,1100,533,340,700,340,700,2,340,110,True,False,0
2026-10-04T02:12:40.2841890Z,14CA0000,40118,1100,533,340,700,340,700,2,340,110,True,False,0
2026-10-04T02:12:40.2991759Z,14CA0000,40118,1100,533,340,700,340,700,2,340,110,True,False,0
2026-10-04T02:12:40.3152611Z,14CA0000,40118,1100,533,340,700,340,700,2,340,110,True,False,0
2026-10-04T02:12:40.3311891Z,14CA0000,40118,1100,533,340,700,340,700,2,340,110,True,False,0
2026-10-04T02:12:40.3471828Z,14CA0000,40118,1100,533,340,700,340,700,2,340,110,True,False,0
2026-10-04T02:12:40.3631689Z,14CA0000,40118,1100,533,340,700,340,700,2,340,110,True,False,0
2026-10-04T02:12:40.3791716Z,14CA0000,40118,1100,533,340,700,340,700,2,340,110,True,False,0
2026-10-04T02:12:40.3951780Z,14CA0000,40118,1100,533,340,700,340,700,2,340,110,True,False,0
2026-10-04T02:12:40.4111744Z,14CA0000,40118,1100,533,340,700,340,700,2,340,110,True,False,0
2026-10-04T02:12:40.4271601Z,14CA0000,40118,1100,533,340,700,340,700,2,340,110,True,False,0
2026-10-04T02:12:40.4421420Z,14CA0000,40118,1100,533,340,700,340,700,2,340,110,True,False,0
2026-10-04T02:12:40.4581757Z,14CA0000,40118,1100,533,340,700,340,700,2,340,110,True,False,0
2026-10-04T02:12:40.4732118Z,14CA0000,40118,1100,533,340,700,340,700,2,340,110,True,False,0
2026-10-04T02:12:40.4892047Z,14CA0000,40118,1100,533,340,700,340,700,2,340,110,True,False,0
2026-10-04T02:12:40.5052440Z,14CA0000,40118,1100,533,340,700,340,700,2,340,110,True,False,0
2026-10-04T02:12:40.5212096Z,14CA0000,40118,1100,533,340,700,340,700,2,340,110,True,False,0
2026-10-04T02:12:40.5371997Z,14CA0000,40118,1100,533,340,700,340,700,2,340,110,True,False,0
2026-10-04T02:12:40.5532078Z,14CA0000,40118,1100,533,340,700,340,700,2,340,110,True,False,0
2026-10-04T02:12:40.5692225Z,14CA0000,40118,1100,533,340,700,340,700,2,340,110,True,False,0
2026-10-04T02:12:40.5851966Z,14CA0000,40118,1100,533,340,700,340,700,2,340,110,True,False,0
2026-10-04T02:12:40.6003097Z,14CA0000,40118,1100,533,340,700,340,700,2,340,110,True,False,0
2026-10-04T02:12:40.6151902Z,14CA0000,40118,1100,533,340,700,340,700,2,340,110,True,False,0
2026-10-04T02:12:40.6311972Z,14CA0000,40118,1100,533,340,700,340,700,2,340,110,True,False,0
2026-10-04T02:12:40.6471977Z,14CA0000,40118,1100,533,340,700,340,700,2,340,110,True,False,0
2026-10-04T02:12:40.6631874Z,14CA0000,40118,1100,533,340,700,340,700,2,340,110,True,False,0
2026-10-04T02:12:40.6792040Z,14CA0000,40118,1100,533,340,700,340,700,2,340,110,True,False,0
2026-10-04T02:12:40.6953668Z,14CA0000,40118,1100,533,340,700,340,700,2,340,110,True,False,0
2026-10-04T02:12:40.7111522Z,14CA0000,40118,1100,533,340,700,340,700,2,340,110,True,False,0
2026-10-04T02:12:40.7271778Z,14CA0000,40118,1100,533,340,700,340,700,2,340,110,True,False,0
2026-10-04T02:12:40.7431965Z,14CA0000,40118,1100,533,340,700,340,700,2,340,110,True,False,0
2026-10-04T02:12:40.7591884Z,14CA0000,40118,1100,533,340,700,340,700,2,340,110,True,False,0
2026-10-04T02:12:40.7751754Z,14CA0000,40118,1100,533,340,700,340,700,2,340,110,True,False,0
2026-10-04T02:12:40.7912034Z,14CA0000,40118,1100,533,340,700,340,700,2,340,110,True,False,0
2026-10-04T02:12:40.8074232Z,14CA0000,40118,1100,533,340,700,340,700,2,340,110,True,False,0
2026-10-04T02:12:40.8232437Z,14CA0000,40118,1100,533,340,700,340,700,2,340,110,True,False,0
2026-10-04T02:12:40.8391946Z,14CA0000,40118,1100,533,340,700,340,700,2,340,110,True,False,0
2026-10-04T02:12:40.8552047Z,14CA0000,40118,1100,533,340,700,340,700,2,340,110,True,False,0
2026-10-04T02:12:40.8705371Z,14CA0000,40118,1100,533,340,700,340,700,2,340,110,True,False,0
2026-10-04T02:12:40.8865012Z,14CA0000,40118,1100,533,340,700,340,700,2,340,110,True,False,0
2026-10-04T02:12:40.9015185Z,14CA0000,40118,1100,533,340,700,340,700,2,340,110,True,False,0
2026-10-04T02:12:40.9166504Z,14CA0000,40118,1100,533,340,700,340,700,2,340,110,True,False,0
2026-10-04T02:12:40.9325500Z,14CA0000,40118,1100,533,340,700,340,700,2,340,110,True,False,0
2026-10-04T02:12:40.9485054Z,14CA0000,40118,1100,533,340,700,340,700,2,340,110,True,False,0
2026-10-04T02:12:40.9644963Z,14CA0000,40118,1100,533,340,700,340,700,2,340,110,True,False,0
2026-10-04T02:12:40.9804886Z,14CA0000,40118,1100,533,340,700,340,700,2,340,110,True,False,0
2026-10-04T02:12:40.9964790Z,14CA0000,40118,1100,533,340,700,340,700,2,340,110,True,False,0
2026-10-04T02:12:41.0125124Z,14CA0000,40118,1100,533,340,700,340,700,2,340,110,True,False,0
2026-10-04T02:12:41.0285098Z,14CA0000,40118,1100,533,340,700,340,700,2,340,110,True,False,0
2026-10-04T02:12:41.0445124Z,14CA0000,40118,1100,533,340,700,340,700,2,340,110,True,False,0
2026-10-04T02:12:41.0605030Z,14CA0000,40118,1100,533,340,700,340,700,2,340,110,True,False,0
2026-10-04T02:12:41.0765494Z,14CA0000,40118,1100,533,340,700,340,700,2,340,110,True,False,0
2026-10-04T02:12:41.0925165Z,14CA0000,40118,1100,533,340,700,340,700,2,340,110,True,False,0
2026-10-04T02:12:41.1085086Z,14CA0000,40118,1100,533,340,700,340,700,2,340,110,True,False,0
2026-10-04T02:12:41.1245246Z,14CA0000,40118,1100,533,340,700,340,700,2,340,110,True,False,0
2026-10-04T02:12:41.1405669Z,14CA0000,40118,1100,533,340,700,340,700,2,340,110,True,False,0
2026-10-04T02:12:41.1560791Z,14CA0000,40118,1100,533,340,700,340,700,2,340,110,True,False,0
2026-10-04T02:12:41.1720529Z,14CA0000,40118,1100,533,340,700,340,700,2,340,110,True,False,0
2026-10-04T02:12:41.1881430Z,14CA0000,40118,1100,533,340,700,340,700,2,340,110,True,False,0
2026-10-04T02:12:41.2041162Z,14CA0000,40118,1100,533,340,700,340,700,2,340,110,True,False,0
2026-10-04T02:12:41.2200104Z,14CA0000,40118,1100,533,340,700,340,700,2,340,110,True,False,0
2026-10-04T02:12:41.2362126Z,14CA0000,40118,1100,533,340,700,340,700,2,340,110,True,False,0
2026-10-04T02:12:41.2510514Z,14CA0000,40118,1100,533,340,700,340,700,2,340,110,True,False,0
2026-10-04T02:12:41.2670502Z,14CA0000,40118,1100,533,340,700,340,700,2,340,110,True,False,0
2026-10-04T02:12:41.2820947Z,14CA0000,40118,1100,533,340,700,340,700,2,340,110,True,False,0
2026-10-04T02:12:41.2980377Z,14CA0000,40118,1100,533,340,700,340,700,2,340,110,True,False,0
2026-10-04T02:12:41.3141050Z,14CA0000,40118,1100,533,340,700,340,700,2,340,110,True,False,0
2026-10-04T02:12:41.3300159Z,14CA0000,40118,1100,533,340,700,340,700,2,340,110,True,False,0
2026-10-04T02:12:41.3462003Z,14CA0000,40118,1100,533,340,700,340,700,2,340,110,True,False,0
2026-10-04T02:12:41.3620155Z,14CA0000,40118,1100,533,340,700,340,700,2,340,110,True,False,0
2026-10-04T02:12:41.3780824Z,14CA0000,40118,1100,533,340,700,340,700,2,340,110,True,False,0
2026-10-04T02:12:41.3940241Z,14CA0000,40118,1100,533,340,700,340,700,2,340,110,True,False,0
2026-10-04T02:12:41.4100939Z,14CA0000,40118,1100,533,340,700,340,700,2,340,110,True,False,0
2026-10-04T02:12:41.4260591Z,14CA0000,40118,1100,533,340,700,340,700,2,340,110,True,False,0
2026-10-04T02:12:41.4420022Z,14CA0000,40118,1100,533,340,700,340,700,2,340,110,True,False,0
2026-10-04T02:12:41.4582006Z,14CA0000,40118,1100,533,340,700,340,700,2,340,110,True,False,0
2026-10-04T02:12:41.4730439Z,14CA0000,40118,1100,533,340,700,340,700,2,340,110,True,False,0
2026-10-04T02:12:41.4880896Z,14CA0000,40118,1100,533,340,700,340,700,2,340,110,True,False,0
2026-10-04T02:12:41.5040381Z,14CA0000,40118,1100,533,340,700,340,700,2,340,110,True,False,0
2026-10-04T02:12:41.5200251Z,14CA0000,40118,1100,533,340,700,340,700,2,340,110,True,False,0
2026-10-04T02:12:41.5360106Z,14CA0000,40118,1100,533,340,700,340,700,2,340,110,True,False,0
2026-10-04T02:12:41.5510859Z,14CA0000,40118,1100,533,340,700,340,700,2,340,110,True,False,0
2026-10-04T02:12:41.5662624Z,14CA0000,40118,1100,533,340,700,340,700,2,340,110,True,False,0
2026-10-04T02:12:41.5820445Z,14CA0000,40118,1100,533,340,700,340,700,2,340,110,True,False,0
2026-10-04T02:12:41.5980225Z,14CA0000,40118,1100,533,340,700,340,700,2,340,110,True,False,0
2026-10-04T02:12:41.6140222Z,14CA0000,40118,1100,533,340,700,340,700,2,340,110,True,False,0
2026-10-04T02:12:41.6300130Z,14CA0000,40118,1100,533,340,700,340,700,2,340,110,True,False,0
2026-10-04T02:12:41.6450203Z,14CA0000,40118,1100,533,340,700,340,700,2,340,110,True,False,0
2026-10-04T02:12:41.6610129Z,14CA0000,40118,1100,533,340,700,340,700,2,340,110,True,False,0
2026-10-04T02:12:41.6760575Z,14CA0000,40118,1100,533,340,700,340,700,2,340,110,True,False,0
2026-10-04T02:12:41.6920137Z,14CA0000,40118,1100,533,340,700,340,700,2,340,110,True,False,0
2026-10-04T02:12:41.7080332Z,14CA0000,40118,1100,533,340,700,340,700,2,340,110,True,False,0
2026-10-04T02:12:41.7239779Z,14CA0000,40118,1100,533,340,700,340,700,2,340,110,True,False,0
2026-10-04T02:12:41.7400029Z,14CA0000,40118,1100,533,340,700,340,700,2,340,110,True,False,0
2026-10-04T02:12:41.7560572Z,14CA0000,40118,1100,533,340,700,340,700,2,340,110,True,False,0
2026-10-04T02:12:41.7710099Z,14CA0000,40118,1100,533,340,700,340,700,2,340,110,True,False,0
2026-10-04T02:12:41.7860432Z,14CA0000,40118,1100,533,340,700,340,700,2,340,110,True,False,0
2026-10-04T02:12:41.8010598Z,14CA0000,40118,1100,533,340,700,340,700,2,340,110,True,False,0
2026-10-04T02:12:41.8170187Z,14CA0000,40118,1100,533,340,700,340,700,2,340,110,True,False,0
2026-10-04T02:12:41.8321192Z,14CA0000,40118,1100,533,340,700,340,700,2,340,110,True,False,0
2026-10-04T02:12:41.8480860Z,14CA0000,40118,1100,533,340,700,340,700,2,340,110,True,False,0
2026-10-04T02:12:41.8633626Z,14CA0000,40118,1100,533,340,700,340,700,2,340,110,True,False,0
2026-10-04T02:12:41.8783123Z,14CA0000,40118,1100,533,340,700,340,700,2,340,110,True,False,0
2026-10-04T02:12:41.8945094Z,14CA0000,40118,1100,533,340,700,340,700,2,340,110,True,False,0
2026-10-04T02:12:41.9093042Z,14CA0000,40118,1100,533,340,700,340,700,2,340,110,True,False,0
2026-10-04T02:12:41.9253500Z,14CA0000,40118,1100,533,340,700,340,700,2,340,110,True,False,0
2026-10-04T02:12:41.9413074Z,14CA0000,40118,1100,533,340,700,340,700,2,340,110,True,False,0
2026-10-04T02:12:41.9563429Z,14CA0000,40118,1100,533,340,700,340,700,2,340,110,True,False,0
2026-10-04T02:12:41.9722920Z,14CA0000,40118,1100,533,340,700,340,700,2,340,110,True,False,0
2026-10-04T02:12:41.9872857Z,14CA0000,40118,1100,533,340,700,340,700,2,340,110,True,False,0
2026-10-04T02:12:42.0024717Z,14CA0000,40118,1100,533,340,700,340,700,2,340,110,True,False,0
2026-10-04T02:12:42.0173174Z,14CA0000,40118,1100,533,340,700,340,700,2,340,110,True,False,0
2026-10-04T02:12:42.0332895Z,14CA0000,40118,1100,533,340,700,340,700,2,340,110,True,False,0
2026-10-04T02:12:42.0483014Z,14CA0000,40118,1100,533,340,700,340,700,2,340,110,True,False,0
2026-10-04T02:12:42.0642690Z,14CA0000,40118,1100,533,340,700,340,700,2,340,110,True,False,0
2026-10-04T02:12:42.0792909Z,14CA0000,40118,1100,533,340,700,340,700,2,340,110,True,False,0
2026-10-04T02:12:42.0953098Z,14CA0000,40118,1100,533,340,700,340,700,2,340,110,True,False,0
2026-10-04T02:12:42.1114284Z,14CA0000,40118,1100,533,340,700,340,700,2,340,110,True,False,0
2026-10-04T02:12:42.1273045Z,14CA0000,40118,1100,533,340,700,340,700,2,340,110,True,False,0
2026-10-04T02:12:42.1433171Z,14CA0000,40118,1100,533,340,700,340,700,2,340,110,True,False,0
2026-10-04T02:12:42.1583069Z,14CA0000,40118,1100,533,340,700,340,700,2,340,110,True,False,0
2026-10-04T02:12:42.1738378Z,14CA0000,40118,1100,533,340,700,340,700,2,340,110,True,False,0
2026-10-04T02:12:42.1898766Z,14CA0000,40118,1100,533,340,700,340,700,2,340,110,True,False,0
2026-10-04T02:12:42.2058736Z,14CA0000,40118,1100,533,340,700,340,700,2,340,110,True,False,0
2026-10-04T02:12:42.2220843Z,14CA0000,40118,1100,533,340,700,340,700,2,340,110,True,False,0
2026-10-04T02:12:42.2378101Z,14CA0000,40118,1100,533,340,700,340,700,2,340,110,True,False,0
2026-10-04T02:12:42.2537923Z,14CA0000,40118,1100,533,340,700,340,700,2,340,110,True,False,0
2026-10-04T02:12:42.2698025Z,14CA0000,40118,1100,533,340,700,340,700,2,340,110,True,False,0
2026-10-04T02:12:42.2857838Z,14CA0000,40118,1100,533,340,700,340,700,2,340,110,True,False,0
2026-10-04T02:12:42.3008252Z,14CA0000,40118,1100,533,340,700,340,700,2,340,110,True,False,0
2026-10-04T02:12:42.3167817Z,14CA0000,40118,1100,533,340,700,340,700,2,340,110,True,False,0
2026-10-04T02:12:42.3319547Z,14CA0000,40118,1100,533,340,700,340,700,2,340,110,True,False,0
2026-10-04T02:12:42.3477717Z,14CA0000,40118,1100,533,340,700,340,700,2,340,110,True,False,0
2026-10-04T02:12:42.3637776Z,14CA0000,40118,1100,533,340,700,340,700,2,340,110,True,False,0
2026-10-04T02:12:42.3798001Z,14CA0000,40118,1100,533,340,700,340,700,2,340,110,True,False,0
2026-10-04T02:12:42.3947927Z,14CA0000,40118,1100,533,340,700,340,700,2,340,110,True,False,0
2026-10-04T02:12:42.4097661Z,14CA0000,40118,1100,533,340,700,340,700,2,340,110,True,False,0
2026-10-04T02:12:42.4257732Z,14CA0000,40118,1100,533,340,700,340,700,2,340,110,True,False,0
2026-10-04T02:12:42.4417845Z,14CA0000,40118,1100,533,340,700,340,700,2,340,110,True,False,0
2026-10-04T02:12:42.4577743Z,14CA0000,40118,1100,533,340,700,340,700,2,340,110,True,False,0
2026-10-04T02:12:42.4727728Z,14CA0000,40118,1100,533,340,700,340,700,2,340,110,True,False,0
2026-10-04T02:12:42.4880050Z,14CA0000,40118,1100,533,340,700,340,700,2,340,110,True,False,0
2026-10-04T02:12:42.5039040Z,14CA0000,40118,1100,533,340,700,340,700,2,340,110,True,False,0
2026-10-04T02:12:42.5198830Z,14CA0000,40118,1100,533,340,700,340,700,2,340,110,True,False,0
2026-10-04T02:12:42.5347656Z,14CA0000,40118,1100,533,340,700,340,700,2,340,110,True,False,0
2026-10-04T02:12:42.5510087Z,14CA0000,40118,1100,533,340,700,340,700,2,340,110,True,False,0
2026-10-04T02:12:42.5658097Z,14CA0000,40118,1100,533,340,700,340,700,2,340,110,True,False,0
2026-10-04T02:12:42.5817923Z,14CA0000,40118,1100,533,340,700,340,700,2,340,110,True,False,0
2026-10-04T02:12:42.5977508Z,14CA0000,40118,1100,533,340,700,340,700,2,340,110,True,False,0
2026-10-04T02:12:42.6128065Z,14CA0000,40118,1100,533,340,700,340,700,2,340,110,True,False,0
2026-10-04T02:12:42.6287767Z,14CA0000,40118,1100,533,340,700,340,700,2,340,110,True,False,0
2026-10-04T02:12:42.6437693Z,14CA0000,40118,1100,533,340,700,340,700,2,340,110,True,False,0
2026-10-04T02:12:42.6599191Z,14CA0000,40118,1100,533,340,700,340,700,2,340,110,True,False,0
2026-10-04T02:12:42.6758126Z,14CA0000,40118,1100,533,340,700,340,700,2,340,110,True,False,0
2026-10-04T02:12:42.6917862Z,14CA0000,40118,1100,533,340,700,340,700,2,340,110,True,False,0
2026-10-04T02:12:42.7068628Z,14CA0000,40118,1100,533,340,700,340,700,2,340,110,True,False,0
2026-10-04T02:12:42.7218823Z,14CA0000,40118,1100,533,340,700,340,700,2,340,110,True,False,0
2026-10-04T02:12:42.7378642Z,14CA0000,40118,1100,533,340,700,340,700,2,340,110,True,False,0
2026-10-04T02:12:42.7537940Z,14CA0000,40118,1100,533,340,700,340,700,2,340,110,True,False,0
2026-10-04T02:12:42.7699875Z,14CA0000,40118,1100,533,340,700,340,700,2,340,110,True,False,0
2026-10-04T02:12:42.7857701Z,14CA0000,40118,1100,533,340,700,340,700,2,340,110,True,False,0
2026-10-04T02:12:42.8008054Z,14CA0000,40118,1100,533,340,700,340,700,2,340,110,True,False,0
2026-10-04T02:12:42.8167971Z,14CA0000,40118,1100,533,340,700,340,700,2,340,110,True,False,0
2026-10-04T02:12:42.8317920Z,14CA0000,40118,1100,533,340,700,340,700,2,340,110,True,False,0
2026-10-04T02:12:42.8477887Z,14CA0000,40118,1100,533,340,700,340,700,2,340,110,True,False,0
2026-10-04T02:12:42.8632202Z,14CA0000,40118,1100,533,340,700,340,700,2,340,110,True,False,0
2026-10-04T02:12:42.8792397Z,14CA0000,40118,1100,533,340,700,340,700,2,340,110,True,False,0
2026-10-04T02:12:42.8950153Z,14CA0000,40118,1100,533,340,700,340,700,2,340,110,True,False,0
2026-10-04T02:12:42.9110118Z,14CA0000,40118,1100,533,340,700,340,700,2,340,110,True,False,0
2026-10-04T02:12:42.9270829Z,14CA0000,40118,1100,533,340,700,340,700,2,340,110,True,False,0
2026-10-04T02:12:42.9420053Z,14CA0000,40118,1100,533,340,700,340,700,2,340,110,True,False,0
2026-10-04T02:12:42.9577836Z,14CA0000,40118,1100,533,340,700,340,700,2,340,110,True,False,0
2026-10-04T02:12:42.9727611Z,14CA0000,40118,1100,533,340,700,340,700,2,340,110,True,False,0
2026-10-04T02:12:42.9890005Z,14CA0000,40118,1100,533,340,700,340,700,2,340,110,True,False,0
2026-10-04T02:12:43.0048735Z,14CA0000,40118,1100,533,340,700,340,700,2,340,110,True,False,0
2026-10-04T02:12:43.0207716Z,14CA0000,40118,1100,533,340,700,340,700,2,340,110,True,False,0
2026-10-04T02:12:43.0367288Z,14CA0000,40118,1100,533,340,700,340,700,2,340,110,True,False,0
2026-10-04T02:12:43.0527867Z,14CA0000,40118,1100,533,340,700,340,700,2,340,110,True,False,0
2026-10-04T02:12:43.0677324Z,14CA0000,40118,1100,533,340,700,340,700,2,340,110,True,False,0
2026-10-04T02:12:43.0833168Z,14CA0000,40118,1100,533,340,700,340,700,2,340,110,True,False,0
2026-10-04T02:12:43.0992823Z,14CA0000,40118,1100,533,340,700,340,700,2,340,110,True,False,0
2026-10-04T02:12:43.1153106Z,14CA0000,40118,1100,533,340,700,340,700,2,340,110,True,False,0
2026-10-04T02:12:43.1312759Z,14CA0000,40118,1100,533,340,700,340,700,2,340,110,True,False,0
2026-10-04T02:12:43.1473361Z,14CA0000,40118,1100,533,340,700,340,700,2,340,110,True,False,0
2026-10-04T02:12:43.1632898Z,14CA0000,40118,1100,533,340,700,340,700,2,340,110,True,False,0
2026-10-04T02:12:43.1793072Z,14CA0000,40118,1100,533,340,700,340,700,2,340,110,True,False,0
2026-10-04T02:12:43.1952993Z,14CA0000,40118,1100,533,340,700,340,700,2,340,110,True,False,0
2026-10-04T02:12:43.2112147Z,14CA0000,40118,1100,533,340,700,340,700,2,340,110,True,False,0
2026-10-04T02:12:43.2271464Z,14CA0000,40118,1100,533,340,700,340,700,2,340,110,True,False,0
2026-10-04T02:12:43.2431598Z,14CA0000,40118,1100,533,340,700,340,700,2,340,110,True,False,0
2026-10-04T02:12:43.2591456Z,14CA0000,40118,1100,533,340,700,340,700,2,340,110,True,False,0
2026-10-04T02:12:43.2751568Z,14CA0000,40118,1100,533,340,700,340,700,2,340,110,True,False,0
2026-10-04T02:12:43.2912481Z,14CA0000,40118,1100,533,340,700,340,700,2,340,110,True,False,0
2026-10-04T02:12:43.3073143Z,14CA0000,40118,1100,533,340,700,340,700,2,340,110,True,False,0
2026-10-04T02:12:43.3232728Z,14CA0000,40118,1100,533,340,700,340,700,2,340,110,True,False,0
2026-10-04T02:12:43.3392527Z,14CA0000,40118,1100,533,340,700,340,700,2,340,110,True,False,0
2026-10-04T02:12:43.3552280Z,14CA0000,40118,1100,533,340,700,340,700,2,340,110,True,False,0
2026-10-04T02:12:43.3713199Z,14CA0000,40118,1100,533,340,700,340,700,2,340,110,True,False,0
2026-10-04T02:12:43.3872762Z,14CA0000,40118,1100,533,340,700,340,700,2,340,110,True,False,0
2026-10-04T02:12:43.4022337Z,14CA0000,40118,1100,533,340,700,340,700,2,340,110,True,False,0
2026-10-04T02:12:43.4172577Z,14CA0000,40118,1100,533,340,700,340,700,2,340,110,True,False,0
2026-10-04T02:12:43.4332782Z,14CA0000,40118,1100,533,340,700,340,700,2,340,110,True,False,0
2026-10-04T02:12:43.4492661Z,14CA0000,40118,1100,533,340,700,340,700,2,340,110,True,False,0
2026-10-04T02:12:43.4643404Z,14CA0000,40118,1100,533,340,700,340,700,2,340,110,True,False,0
2026-10-04T02:12:43.4797961Z,14CA0000,40118,1100,533,340,700,340,700,2,340,110,True,False,0
2026-10-04T02:12:43.4958757Z,14CA0000,40118,1100,533,340,700,340,700,2,340,110,True,False,0
2026-10-04T02:12:43.5118507Z,14CA0000,40118,1100,533,340,700,340,700,2,340,110,True,False,0
2026-10-04T02:12:43.5278738Z,14CA0000,40118,1100,533,340,700,340,700,2,340,110,True,False,0
2026-10-04T02:12:43.5429291Z,14CA0000,40118,1100,533,340,700,340,700,2,340,110,True,False,0
2026-10-04T02:12:43.5587661Z,14CA0000,40118,1100,533,340,700,340,700,2,340,110,True,False,0
2026-10-04T02:12:43.5737827Z,14CA0000,40118,1100,533,340,700,340,700,2,340,110,True,False,0
2026-10-04T02:12:43.5895380Z,14CA0000,40118,1100,533,340,700,340,700,2,340,110,True,False,0
2026-10-04T02:12:43.6054666Z,14CA0000,40118,1100,533,340,700,340,700,2,340,110,True,False,0
2026-10-04T02:12:43.6215352Z,14CA0000,40118,1100,533,340,700,340,700,2,340,110,True,False,0
2026-10-04T02:12:43.6374977Z,14CA0000,40118,1100,533,340,700,340,700,2,340,110,True,False,0
2026-10-04T02:12:43.6537298Z,14CA0000,40118,1100,533,340,700,340,700,2,340,110,True,False,0
2026-10-04T02:12:43.6694949Z,14CA0000,40118,1100,533,340,700,340,700,2,340,110,True,False,0
2026-10-04T02:12:43.6855135Z,14CA0000,40118,1100,533,340,700,340,700,2,340,110,True,False,0
2026-10-04T02:12:43.7005308Z,14CA0000,40118,1100,533,340,700,340,700,2,340,110,True,False,0
2026-10-04T02:12:43.7155096Z,14CA0000,40118,1100,533,340,700,340,700,2,340,110,True,False,0
2026-10-04T02:12:43.7315268Z,14CA0000,40118,1100,533,340,700,340,700,2,340,110,True,False,0
2026-10-04T02:12:43.7474921Z,14CA0000,40118,1100,533,340,700,340,700,2,340,110,True,False,0
2026-10-04T02:12:43.7635364Z,14CA0000,40118,1100,533,340,700,340,700,2,340,110,True,False,0
2026-10-04T02:12:43.7794953Z,14CA0000,40118,1100,533,340,700,340,700,2,340,110,True,False,0
2026-10-04T02:12:43.7955390Z,14CA0000,40118,1100,533,340,700,340,700,2,340,110,True,False,0
2026-10-04T02:12:43.8115398Z,14CA0000,40118,1100,533,340,700,340,700,2,340,110,True,False,0
2026-10-04T02:12:43.8274831Z,14CA0000,40118,1100,533,340,700,340,700,2,340,110,True,False,0
2026-10-04T02:12:43.8435190Z,14CA0000,40118,1100,533,340,700,340,700,2,340,110,True,False,0
2026-10-04T02:12:43.8596246Z,14CA0000,40118,1100,533,340,700,340,700,2,340,110,True,False,0
2026-10-04T02:12:43.8755216Z,14CA0000,40118,1100,533,340,700,340,700,2,340,110,True,False,0
2026-10-04T02:12:43.8914987Z,14CA0000,40118,1100,533,340,700,340,700,2,340,110,True,False,0
2026-10-04T02:12:43.9064768Z,14CA0000,40118,1100,533,340,700,340,700,2,340,110,True,False,0
2026-10-04T02:12:43.9217149Z,14CA0000,40118,1100,533,340,700,340,700,2,340,110,True,False,0
2026-10-04T02:12:43.9378211Z,14CA0000,40118,1100,533,340,700,340,700,2,340,110,True,False,0
2026-10-04T02:12:43.9534874Z,14CA0000,40118,1100,533,340,700,340,700,2,340,110,True,False,0
2026-10-04T02:12:43.9697440Z,14CA0000,40118,1100,533,340,700,340,700,2,340,110,True,False,0
2026-10-04T02:12:43.9855195Z,14CA0000,40118,1100,533,340,700,340,700,2,340,110,True,False,0
2026-10-04T02:12:44.0014975Z,14CA0000,40118,1100,533,340,700,340,700,2,340,110,True,False,0
2026-10-04T02:12:44.0174887Z,14CA0000,40118,1100,533,340,700,340,700,2,340,110,True,False,0
2026-10-04T02:12:44.0334965Z,14CA0000,40118,1100,533,340,700,340,700,2,340,110,True,False,0
2026-10-04T02:12:44.0495163Z,14CA0000,40118,1100,533,340,700,340,700,2,340,110,True,False,0
2026-10-04T02:12:44.0644860Z,14CA0000,40118,1100,533,340,700,340,700,2,340,110,True,False,0
2026-10-04T02:12:44.0806971Z,14CA0000,40118,1100,533,340,700,340,700,2,340,110,True,False,0
2026-10-04T02:12:44.0955508Z,14CA0000,40118,1100,533,340,700,340,700,2,340,110,True,False,0
2026-10-04T02:12:44.1114883Z,14CA0000,40118,1100,533,340,700,340,700,2,340,110,True,False,0
2026-10-04T02:12:44.1274960Z,14CA0000,40118,1100,533,340,700,340,700,2,340,110,True,False,0
2026-10-04T02:12:44.1434797Z,14CA0000,40118,1100,533,340,700,340,700,2,340,110,True,False,0
2026-10-04T02:12:44.1594779Z,14CA0000,40118,1100,533,340,700,340,700,2,340,110,True,False,0
2026-10-04T02:12:44.1754893Z,14CA0000,40118,1100,533,340,700,340,700,2,340,110,True,False,0
2026-10-04T02:12:44.1918019Z,14CA0000,40118,1100,533,340,700,340,700,2,340,110,True,False,0
2026-10-04T02:12:44.2075380Z,14CA0000,40118,1100,533,340,700,340,700,2,340,110,True,False,0
2026-10-04T02:12:44.2235622Z,14CA0000,40118,1100,533,340,700,340,700,2,340,110,True,False,0
2026-10-04T02:12:44.2395094Z,14CA0000,40118,1100,533,340,700,340,700,2,340,110,True,False,0
2026-10-04T02:12:44.2555244Z,14CA0000,40118,1100,533,340,700,340,700,2,340,110,True,False,0
2026-10-04T02:12:44.2714705Z,14CA0000,40118,1100,533,340,700,340,700,2,340,110,True,False,0
2026-10-04T02:12:44.2874588Z,14CA0000,40118,1100,533,340,700,340,700,2,340,110,True,False,0
2026-10-04T02:12:44.3036333Z,14CA0000,40118,1100,533,340,700,340,700,2,340,110,True,False,0
2026-10-04T02:12:44.3185137Z,14CA0000,40118,1100,533,340,700,340,700,2,340,110,True,False,0
2026-10-04T02:12:44.3335047Z,14CA0000,40118,1100,533,340,700,340,700,2,340,110,True,False,0
2026-10-04T02:12:44.3495038Z,14CA0000,40118,1100,533,340,700,340,700,2,340,110,True,False,0
2026-10-04T02:12:44.3644793Z,14CA0000,40118,1100,533,340,700,340,700,2,340,110,True,False,0
2026-10-04T02:12:44.3794978Z,14CA0000,40118,1100,533,340,700,340,700,2,340,110,True,False,0
2026-10-04T02:12:44.3954898Z,14CA0000,40118,1100,533,340,700,340,700,2,340,110,True,False,0
2026-10-04T02:12:44.4114833Z,14CA0000,40118,1100,533,340,700,340,700,2,340,110,True,False,0
2026-10-04T02:12:44.4274968Z,14CA0000,40118,1100,533,340,700,340,700,2,340,110,True,False,0
2026-10-04T02:12:44.4435039Z,14CA0000,40118,1100,533,340,700,340,700,2,340,110,True,False,0
2026-10-04T02:12:44.4594721Z,14CA0000,40118,1100,533,340,700,340,700,2,340,110,True,False,0
2026-10-04T02:12:44.4755045Z,14CA0000,40118,1100,533,340,700,340,700,2,340,110,True,False,0
2026-10-04T02:12:44.4907561Z,14CA0000,40118,1100,533,340,700,340,700,2,340,110,True,False,0
2026-10-04T02:12:44.5068450Z,14CA0000,40118,1100,533,340,700,340,700,2,340,110,True,False,0
2026-10-04T02:12:44.5227656Z,14CA0000,40118,1100,533,340,700,340,700,2,340,110,True,False,0
2026-10-04T02:12:44.5387919Z,14CA0000,40118,1100,533,340,700,340,700,2,340,110,True,False,0
2026-10-04T02:12:44.5548076Z,14CA0000,40118,1100,533,340,700,340,700,2,340,110,True,False,0
2026-10-04T02:12:44.5707792Z,14CA0000,40118,1100,533,340,700,340,700,2,340,110,True,False,0
2026-10-04T02:12:44.5867935Z,14CA0000,40118,1100,533,340,700,340,700,2,340,110,True,False,0
2026-10-04T02:12:44.6027741Z,14CA0000,40118,1100,533,340,700,340,700,2,340,110,True,False,0
2026-10-04T02:12:44.6187474Z,14CA0000,40118,1100,533,340,700,340,700,2,340,110,True,False,0
2026-10-04T02:12:44.6337761Z,14CA0000,40118,1100,533,340,700,340,700,2,340,110,True,False,0
2026-10-04T02:12:44.6487939Z,14CA0000,40118,1100,533,340,700,340,700,2,340,110,True,False,0
2026-10-04T02:12:44.6638873Z,14CA0000,40118,1100,533,340,700,340,700,2,340,110,True,False,0
2026-10-04T02:12:44.6798309Z,14CA0000,40118,1100,533,340,700,340,700,2,340,110,True,False,0
2026-10-04T02:12:44.6947891Z,14CA0000,40118,1100,533,340,700,340,700,2,340,110,True,False,0
2026-10-04T02:12:44.7107882Z,14CA0000,40118,1100,533,340,700,340,700,2,340,110,True,False,0
2026-10-04T02:12:44.7267752Z,14CA0000,40118,1100,533,340,700,340,700,2,340,110,True,False,0
2026-10-04T02:12:44.7429360Z,14CA0000,40118,1100,533,340,700,340,700,2,340,110,True,False,0
2026-10-04T02:12:44.7587784Z,14CA0000,40118,1100,533,340,700,340,700,2,340,110,True,False,0
2026-10-04T02:12:44.7747728Z,14CA0000,40118,1100,533,340,700,340,700,2,340,110,True,False,0
2026-10-04T02:12:44.7907745Z,14CA0000,40118,1100,533,340,700,340,700,2,340,110,True,False,0
2026-10-04T02:12:44.8068351Z,14CA0000,40118,1100,533,340,700,340,700,2,340,110,True,False,0
2026-10-04T02:12:44.8227677Z,14CA0000,40118,1100,533,340,700,340,700,2,340,110,True,False,0
2026-10-04T02:12:44.8377556Z,14CA0000,40118,1100,533,340,700,340,700,2,340,110,True,False,0
2026-10-04T02:12:44.8540069Z,14CA0000,40118,1100,533,340,700,340,700,2,340,110,True,False,0
2026-10-04T02:12:44.8687500Z,14CA0000,40118,1100,533,340,700,340,700,2,340,110,True,False,0
2026-10-04T02:12:44.8837663Z,14CA0000,40118,1100,533,340,700,340,700,2,340,110,True,False,0
2026-10-04T02:12:44.8997488Z,14CA0000,40118,1100,533,340,700,340,700,2,340,110,True,False,0
2026-10-04T02:12:44.9147909Z,14CA0000,40118,1100,533,340,700,340,700,2,340,110,True,False,0
2026-10-04T02:12:44.9308405Z,14CA0000,40118,1100,533,340,700,340,700,2,340,110,True,False,0
2026-10-04T02:12:44.9470380Z,14CA0000,40118,1100,533,340,700,340,700,2,340,110,True,False,0
2026-10-04T02:12:44.9629596Z,14CA0000,40118,1100,533,340,700,340,700,2,340,110,True,False,0
2026-10-04T02:12:44.9788007Z,14CA0000,40118,1100,533,340,700,340,700,2,340,110,True,False,0
2026-10-04T02:12:44.9947978Z,14CA0000,40118,1100,533,340,700,340,700,2,340,110,True,False,0
2026-10-04T02:12:45.0103355Z,14CA0000,40118,1100,533,340,700,340,700,2,340,110,True,False,0
2026-10-04T02:12:45.0262959Z,14CA0000,40118,1100,533,340,700,340,700,2,340,110,True,False,0
2026-10-04T02:12:45.0423244Z,14CA0000,40118,1100,533,340,700,340,700,2,340,110,True,False,0
2026-10-04T02:12:45.0582931Z,14CA0000,40118,1100,533,340,700,340,700,2,340,110,True,False,0
2026-10-04T02:12:45.0733127Z,14CA0000,40118,1100,533,340,700,340,700,2,340,110,True,False,0
2026-10-04T02:12:45.0883631Z,14CA0000,40118,1100,533,340,700,340,700,2,340,110,True,False,0
2026-10-04T02:12:45.1043240Z,14CA0000,40118,1100,533,340,700,340,700,2,340,110,True,False,0
2026-10-04T02:12:45.1203014Z,14CA0000,40118,1100,533,340,700,340,700,2,340,110,True,False,0
2026-10-04T02:12:45.1362938Z,14CA0000,40118,1100,533,340,700,340,700,2,340,110,True,False,0
2026-10-04T02:12:45.1512808Z,14CA0000,40118,1100,533,340,700,340,700,2,340,110,True,False,0
2026-10-04T02:12:45.1663043Z,14CA0000,40118,1100,533,340,700,340,700,2,340,110,True,False,0
2026-10-04T02:12:45.1823886Z,14CA0000,40118,1100,533,340,700,340,700,2,340,110,True,False,0
2026-10-04T02:12:45.1977237Z,14CA0000,40118,1100,533,340,700,340,700,2,340,110,True,False,0
2026-10-04T02:12:45.2137323Z,14CA0000,40118,1100,533,340,700,340,700,2,340,110,True,False,0
2026-10-04T02:12:45.2287237Z,14CA0000,40118,1100,533,340,700,340,700,2,340,110,True,False,0
2026-10-04T02:12:45.2437312Z,14CA0000,40118,1100,533,340,700,340,700,2,340,110,True,False,0
2026-10-04T02:12:45.2597272Z,14CA0000,40118,1100,533,340,700,340,700,2,340,110,True,False,0
2026-10-04T02:12:45.2757331Z,14CA0000,40118,1100,533,340,700,340,700,2,340,110,True,False,0
2026-10-04T02:12:45.2917228Z,14CA0000,40118,1100,533,340,700,340,700,2,340,110,True,False,0
2026-10-04T02:12:45.3073089Z,14CA0000,40118,1100,533,340,700,340,700,2,340,110,True,False,0
2026-10-04T02:12:45.3232740Z,14CA0000,40118,1100,533,340,700,340,700,2,340,110,True,False,0
2026-10-04T02:12:45.3392433Z,14CA0000,40118,1100,533,340,700,340,700,2,340,110,True,False,0
2026-10-04T02:12:45.3552394Z,14CA0000,40118,1100,533,340,700,340,700,2,340,110,True,False,0
2026-10-04T02:12:45.3713205Z,14CA0000,40118,1100,533,340,700,340,700,2,340,110,True,False,0
2026-10-04T02:12:45.3867995Z,14CA0000,40118,1100,533,340,700,340,700,2,340,110,True,False,0
2026-10-04T02:12:45.4022668Z,14CA0000,40118,1100,533,340,700,340,700,2,340,110,True,False,0
2026-10-04T02:12:45.4172916Z,14CA0000,40118,1100,533,340,700,340,700,2,340,110,True,False,0
2026-10-04T02:12:45.4332749Z,14CA0000,40118,1100,533,340,700,340,700,2,340,110,True,False,0
2026-10-04T02:12:45.4492894Z,14CA0000,40118,1100,533,340,700,340,700,2,340,110,True,False,0
2026-10-04T02:12:45.4643433Z,14CA0000,40118,1100,533,340,700,340,700,2,340,110,True,False,0
2026-10-04T02:12:45.4803341Z,14CA0000,40118,1100,533,340,700,340,700,2,340,110,True,False,0
2026-10-04T02:12:45.4954887Z,14CA0000,40118,1100,533,340,700,340,700,2,340,110,True,False,0
2026-10-04T02:12:45.5116103Z,14CA0000,40118,1100,533,340,700,340,700,2,340,110,True,False,0
2026-10-04T02:12:45.5274974Z,14CA0000,40118,1100,533,340,700,340,700,2,340,110,True,False,0
2026-10-04T02:12:45.5435224Z,14CA0000,40118,1100,533,340,700,340,700,2,340,110,True,False,0
2026-10-04T02:12:45.5594656Z,14CA0000,40118,1100,533,340,700,340,700,2,340,110,True,False,0
2026-10-04T02:12:45.5755098Z,14CA0000,40118,1100,533,340,700,340,700,2,340,110,True,False,0
2026-10-04T02:12:45.5915268Z,14CA0000,40118,1100,533,340,700,340,700,2,340,110,True,False,0
2026-10-04T02:12:45.6071400Z,14CA0000,40118,1100,533,340,700,340,700,2,340,110,True,False,0
2026-10-04T02:12:45.6233939Z,14CA0000,40118,1100,533,340,700,340,700,2,340,110,True,False,0
2026-10-04T02:12:45.6391368Z,14CA0000,40118,1100,533,340,700,340,700,2,340,110,True,False,0
2026-10-04T02:12:45.6551506Z,14CA0000,40118,1100,533,340,700,340,700,2,340,110,True,False,0
2026-10-04T02:12:45.6711451Z,14CA0000,40118,1100,533,340,700,340,700,2,340,110,True,False,0
2026-10-04T02:12:45.6871559Z,14CA0000,40118,1100,533,340,700,340,700,2,340,110,True,False,0
2026-10-04T02:12:45.7031425Z,14CA0000,40118,1100,533,340,700,340,700,2,340,110,True,False,0
2026-10-04T02:12:45.7193779Z,14CA0000,40118,1100,533,340,700,340,700,2,340,110,True,False,0
2026-10-04T02:12:45.7341095Z,14CA0000,40118,1100,533,340,700,340,700,2,340,110,True,False,0
2026-10-04T02:12:45.7501192Z,14CA0000,40118,1100,533,340,700,340,700,2,340,110,True,False,0
2026-10-04T02:12:45.7651467Z,14CA0000,40118,1100,533,340,700,340,700,2,340,110,True,False,0
2026-10-04T02:12:45.7811267Z,14CA0000,40118,1100,533,340,700,340,700,2,340,110,True,False,0
2026-10-04T02:12:45.7971449Z,14CA0000,40118,1100,533,340,700,340,700,2,340,110,True,False,0
2026-10-04T02:12:45.8131747Z,14CA0000,40118,1100,533,340,700,340,700,2,340,110,True,False,0
2026-10-04T02:12:45.8292348Z,14CA0000,40118,1100,533,340,700,340,700,2,340,110,True,False,0
2026-10-04T02:12:45.8451269Z,14CA0000,40118,1100,533,340,700,340,700,2,340,110,True,False,0
2026-10-04T02:12:45.8612785Z,14CA0000,40118,1100,533,340,700,340,700,2,340,110,True,False,0
2026-10-04T02:12:45.8772281Z,14CA0000,40118,1100,533,340,700,340,700,2,340,110,True,False,0
2026-10-04T02:12:45.8932579Z,14CA0000,40118,1100,533,340,700,340,700,2,340,110,True,False,0
2026-10-04T02:12:45.9092672Z,14CA0000,40118,1100,533,340,700,340,700,2,340,110,True,False,0
2026-10-04T02:12:45.9253149Z,14CA0000,40118,1100,533,340,700,340,700,2,340,110,True,False,0
2026-10-04T02:12:45.9406613Z,14CA0000,40118,1100,533,340,700,340,700,2,340,110,True,False,0
2026-10-04T02:12:45.9562958Z,14CA0000,40118,1100,533,340,700,340,700,2,340,110,True,False,0
2026-10-04T02:12:45.9712352Z,14CA0000,40118,1100,533,340,700,340,700,2,340,110,True,False,0
2026-10-04T02:12:45.9872511Z,14CA0000,40118,1100,533,340,700,340,700,2,340,110,True,False,0
2026-10-04T02:12:46.0028383Z,14CA0000,40118,1100,533,340,700,340,700,2,340,110,True,False,0
2026-10-04T02:12:46.0187579Z,14CA0000,40118,1100,533,340,700,340,700,2,340,110,True,False,0
2026-10-04T02:12:46.0348162Z,14CA0000,40118,1100,533,340,700,340,700,2,340,110,True,False,0
2026-10-04T02:12:46.0509241Z,14CA0000,40118,1100,533,340,700,340,700,2,340,110,True,False,0
2026-10-04T02:12:46.0667990Z,14CA0000,40118,1100,533,340,700,340,700,2,340,110,True,False,0
2026-10-04T02:12:46.0827899Z,14CA0000,40118,1100,533,340,700,340,700,2,340,110,True,False,0
2026-10-04T02:12:46.0988531Z,14CA0000,40118,1100,533,340,700,340,700,2,340,110,True,False,0
2026-10-04T02:12:46.1138055Z,14CA0000,40118,1100,533,340,700,340,700,2,340,110,True,False,0
2026-10-04T02:12:46.1298282Z,14CA0000,40118,1100,533,340,700,340,700,2,340,110,True,False,0
2026-10-04T02:12:46.1447835Z,14CA0000,40118,1100,533,340,700,340,700,2,340,110,True,False,0
2026-10-04T02:12:46.1609203Z,14CA0000,40118,1100,533,340,700,340,700,2,340,110,True,False,0
2026-10-04T02:12:46.1767831Z,14CA0000,40118,1100,533,340,700,340,700,2,340,110,True,False,0
2026-10-04T02:12:46.1918262Z,14CA0000,40118,1100,533,340,700,340,700,2,340,110,True,False,0
2026-10-04T02:12:46.2068347Z,14CA0000,40118,1100,533,340,700,340,700,2,340,110,True,False,0
2026-10-04T02:12:46.2227572Z,14CA0000,40118,1100,533,340,700,340,700,2,340,110,True,False,0
2026-10-04T02:12:46.2387892Z,14CA0000,40118,1100,533,340,700,340,700,2,340,110,True,False,0
2026-10-04T02:12:46.2548202Z,14CA0000,40118,1100,533,340,700,340,700,2,340,110,True,False,0
2026-10-04T02:12:46.2709945Z,14CA0000,40118,1100,533,340,700,340,700,2,340,110,True,False,0
