utc,recording,offset_seconds,action,detail
2026-10-05T08:02:01.0858446Z,,,native-uia-invoke,"{""utc"": ""2026-10-05T08:02:01.0858446Z"", ""action"": ""native-uia-invoke"", ""button"": ""Start Recording"", ""observedOrdinal"": 0, ""expectedMatches"": 1, ""windowId"": 3149438, ""processId"": 43648, ""offscreen"": false, ""bounds"": ""-30428;-31236;343;45"", ""authorization"": ""User authorized native fallback for real Windows testing""}"
2026-10-05T08:02:02.0598054Z,video/2026-10-05 11-02-01.mkv,0.832,native-uia-invoke,"{""utc"": ""2026-10-05T08:02:02.0598054Z"", ""action"": ""native-uia-invoke"", ""button"": ""Home"", ""observedOrdinal"": 0, ""expectedMatches"": 1, ""windowId"": 72353300, ""processId"": 130912, ""offscreen"": false, ""bounds"": ""915;1021;161;51"", ""authorization"": ""User authorized native fallback for real Windows testing""}"
2026-10-05T08:02:22.2807452Z,video/2026-10-05 11-02-01.mkv,21.053,native-uia-invoke,"{""utc"": ""2026-10-05T08:02:22.2807452Z"", ""action"": ""native-uia-invoke"", ""button"": ""Settings"", ""observedOrdinal"": 0, ""expectedMatches"": 1, ""windowId"": 72353300, ""processId"": 130912, ""offscreen"": false, ""bounds"": ""1789;42;106;51"", ""authorization"": ""User authorized native fallback for real Windows testing""}"
2026-10-05T08:02:23.2955301Z,video/2026-10-05 11-02-01.mkv,22.068,native-uia-observed-pointer-click,"{""utc"": ""2026-10-05T08:02:23.2955301Z"", ""action"": ""native-uia-observed-pointer-click"", ""button"": ""Dark theme — Use Narro's dark surfaces"", ""observedOrdinal"": 0, ""expectedMatches"": 1, ""windowId"": 72353300, ""processId"": 130912, ""offscreen"": false, ""bounds"": ""1293;751;98;45"", ""authorization"": ""User authorized native fallback for real Windows testing""}"
2026-10-05T08:02:40.7359786Z,video/2026-10-05 11-02-01.mkv,39.508,native-uia-invoke,"{""utc"": ""2026-10-05T08:02:40.7359786Z"", ""action"": ""native-uia-invoke"", ""button"": ""Home"", ""observedOrdinal"": 0, ""expectedMatches"": 1, ""windowId"": 72353300, ""processId"": 130912, ""offscreen"": false, ""bounds"": ""915;1020;161;51"", ""authorization"": ""User authorized native fallback for real Windows testing""}"
2026-10-05T08:02:41.1159923Z,video/2026-10-05 11-02-01.mkv,39.888,native-uia-invoke,"{""utc"": ""2026-10-05T08:02:41.1159923Z"", ""action"": ""native-uia-invoke"", ""button"": ""Open"", ""observedOrdinal"": 6, ""expectedMatches"": 6, ""windowId"": 72353300, ""processId"": 130912, ""offscreen"": false, ""bounds"": ""852;814;131;50"", ""authorization"": ""User authorized native fallback for real Windows testing""}"
2026-10-05T08:03:29.9113391Z,video/2026-10-05 11-02-01.mkv,88.683,native-uia-observed-pointer-click,"{""utc"": ""2026-10-05T08:03:29.9113391Z"", ""action"": ""native-uia-observed-pointer-click"", ""button"": ""Task actions"", ""observedOrdinal"": 0, ""expectedMatches"": 1, ""windowId"": 72353300, ""processId"": 130912, ""offscreen"": false, ""bounds"": ""1030;380;21;36"", ""authorization"": ""User authorized native fallback for real Windows testing""}"
2026-10-05T08:03:30.4817899Z,video/2026-10-05 11-02-01.mkv,89.254,native-uia-invoke,"{""utc"": ""2026-10-05T08:03:30.4817899Z"", ""action"": ""native-uia-invoke"", ""button"": ""Delete"", ""windowId"": 72353300, ""processId"": 130912, ""offscreen"": false, ""bounds"": ""853;578;199;50"", ""authorization"": ""User authorized native fallback for real Windows testing""}"
2026-10-05T08:03:47.3055748Z,video/2026-10-05 11-02-01.mkv,106.078,native-uia-invoke,"{""utc"": ""2026-10-05T08:03:47.3055748Z"", ""action"": ""native-uia-invoke"", ""button"": ""Cancel permanent task deletion"", ""windowId"": 72353300, ""processId"": 130912, ""offscreen"": false, ""bounds"": ""1016;584;36;36"", ""authorization"": ""User authorized native fallback for real Windows testing""}"
2026-10-05T08:03:47.7727579Z,video/2026-10-05 11-02-01.mkv,106.545,physical-scancode-chord,"{""utc"": ""2026-10-05T08:03:47.7727579Z"", ""action"": ""physical-scancode-chord"", ""windowId"": 72353300, ""pid"": 130912, ""chord"": ""Escape"", ""scancodes"": [1], ""injection"": ""keybd_event KEYEVENTF_SCANCODE; normal Windows input path""}"
2026-10-05T08:03:48.2246600Z,video/2026-10-05 11-02-01.mkv,106.997,native-uia-invoke,"{""utc"": ""2026-10-05T08:03:48.2246600Z"", ""action"": ""native-uia-invoke"", ""button"": ""Edit Est: —"", ""observedOrdinal"": 1, ""expectedMatches"": 2, ""windowId"": 72353300, ""processId"": 130912, ""offscreen"": false, ""bounds"": ""887;420;77;31"", ""authorization"": ""User authorized native fallback for real Windows testing""}"
2026-10-05T08:04:30.2359921Z,video/2026-10-05 11-02-01.mkv,149.008,native-uia-invoke,"{""utc"": ""2026-10-05T08:04:30.2359921Z"", ""action"": ""native-uia-invoke"", ""button"": ""Cancel metric edit"", ""observedOrdinal"": 0, ""expectedMatches"": 1, ""windowId"": 72353300, ""processId"": 130912, ""offscreen"": false, ""bounds"": ""975;380;21;36"", ""authorization"": ""User authorized native fallback for real Windows testing""}"
2026-10-05T08:04:30.6061000Z,video/2026-10-05 11-02-01.mkv,149.378,native-uia-invoke,"{""utc"": ""2026-10-05T08:04:30.6061000Z"", ""action"": ""native-uia-invoke"", ""button"": ""Edit Taken: 0m"", ""observedOrdinal"": 1, ""expectedMatches"": 2, ""windowId"": 72353300, ""processId"": 130912, ""offscreen"": false, ""bounds"": ""974;420;77;31"", ""authorization"": ""User authorized native fallback for real Windows testing""}"
2026-10-05T08:04:31.5621872Z,video/2026-10-05 11-02-01.mkv,150.334,physical-scancode-chord,"{""utc"": ""2026-10-05T08:04:31.5621872Z"", ""action"": ""physical-scancode-chord"", ""windowId"": 72353300, ""pid"": 130912, ""chord"": ""Escape"", ""scancodes"": [1], ""injection"": ""keybd_event KEYEVENTF_SCANCODE; normal Windows input path""}"
2026-10-05T08:04:32.1781895Z,video/2026-10-05 11-02-01.mkv,150.95,os-client-area-animation,"{""utc"": ""2026-10-05T08:04:32.1781895Z"", ""action"": ""os-client-area-animation"", ""request"": ""reduced"", ""before"": 1, ""after"": 0}"
2026-10-05T08:04:32.6370808Z,video/2026-10-05 11-02-01.mkv,151.409,native-uia-observed-pointer-click,"{""utc"": ""2026-10-05T08:04:32.6370808Z"", ""action"": ""native-uia-observed-pointer-click"", ""button"": ""Task actions"", ""observedOrdinal"": 0, ""expectedMatches"": 1, ""windowId"": 72353300, ""processId"": 130912, ""offscreen"": false, ""bounds"": ""1030;380;21;36"", ""authorization"": ""User authorized native fallback for real Windows testing""}"
2026-10-05T08:04:33.1709038Z,video/2026-10-05 11-02-01.mkv,151.943,native-uia-invoke,"{""utc"": ""2026-10-05T08:04:33.1709038Z"", ""action"": ""native-uia-invoke"", ""button"": ""Delete"", ""windowId"": 72353300, ""processId"": 130912, ""offscreen"": false, ""bounds"": ""853;578;199;50"", ""authorization"": ""User authorized native fallback for real Windows testing""}"
2026-10-05T08:04:33.7932549Z,video/2026-10-05 11-02-01.mkv,152.565,native-uia-invoke,"{""utc"": ""2026-10-05T08:04:33.7932549Z"", ""action"": ""native-uia-invoke"", ""button"": ""Cancel permanent task deletion"", ""windowId"": 72353300, ""processId"": 130912, ""offscreen"": false, ""bounds"": ""1016;584;36;36"", ""authorization"": ""User authorized native fallback for real Windows testing""}"
2026-10-05T08:04:34.0803495Z,video/2026-10-05 11-02-01.mkv,152.852,physical-scancode-chord,"{""utc"": ""2026-10-05T08:04:34.0803495Z"", ""action"": ""physical-scancode-chord"", ""windowId"": 72353300, ""pid"": 130912, ""chord"": ""Escape"", ""scancodes"": [1], ""injection"": ""keybd_event KEYEVENTF_SCANCODE; normal Windows input path""}"
2026-10-05T08:04:34.4939807Z,video/2026-10-05 11-02-01.mkv,153.266,native-uia-invoke,"{""utc"": ""2026-10-05T08:04:34.4939807Z"", ""action"": ""native-uia-invoke"", ""button"": ""Edit Est: —"", ""observedOrdinal"": 1, ""expectedMatches"": 2, ""windowId"": 72353300, ""processId"": 130912, ""offscreen"": false, ""bounds"": ""887;420;77;31"", ""authorization"": ""User authorized native fallback for real Windows testing""}"
2026-10-05T08:04:35.1417611Z,video/2026-10-05 11-02-01.mkv,153.914,native-uia-invoke,"{""utc"": ""2026-10-05T08:04:35.1417611Z"", ""action"": ""native-uia-invoke"", ""button"": ""Cancel metric edit"", ""observedOrdinal"": 0, ""expectedMatches"": 1, ""windowId"": 72353300, ""processId"": 130912, ""offscreen"": false, ""bounds"": ""975;380;21;36"", ""authorization"": ""User authorized native fallback for real Windows testing""}"
2026-10-05T08:04:35.4641275Z,video/2026-10-05 11-02-01.mkv,154.236,native-uia-invoke,"{""utc"": ""2026-10-05T08:04:35.4641275Z"", ""action"": ""native-uia-invoke"", ""button"": ""Edit Taken: 0m"", ""observedOrdinal"": 1, ""expectedMatches"": 2, ""windowId"": 72353300, ""processId"": 130912, ""offscreen"": false, ""bounds"": ""974;420;77;31"", ""authorization"": ""User authorized native fallback for real Windows testing""}"
2026-10-05T08:04:36.0483715Z,video/2026-10-05 11-02-01.mkv,154.82,physical-scancode-chord,"{""utc"": ""2026-10-05T08:04:36.0483715Z"", ""action"": ""physical-scancode-chord"", ""windowId"": 72353300, ""pid"": 130912, ""chord"": ""Escape"", ""scancodes"": [1], ""injection"": ""keybd_event KEYEVENTF_SCANCODE; normal Windows input path""}"
2026-10-05T08:05:38.4843395Z,video/2026-10-05 11-02-01.mkv,217.256,os-client-area-animation,"{""utc"": ""2026-10-05T08:05:38.4843395Z"", ""action"": ""os-client-area-animation"", ""request"": ""reduced"", ""before"": 0, ""after"": 0}"
2026-10-05T08:05:39.3214176Z,video/2026-10-05 11-02-01.mkv,218.093,native-uia-invoke,"{""utc"": ""2026-10-05T08:05:39.3214176Z"", ""action"": ""native-uia-invoke"", ""button"": ""Edit EST: 0:30:00"", ""observedOrdinal"": 0, ""expectedMatches"": 1, ""windowId"": 11077022, ""processId"": 130912, ""offscreen"": false, ""bounds"": ""1636;230;253;41"", ""authorization"": ""User authorized native fallback for real Windows testing""}"
2026-10-05T08:05:40.4464002Z,video/2026-10-05 11-02-01.mkv,219.218,native-uia-invoke,"{""utc"": ""2026-10-05T08:05:40.4464002Z"", ""action"": ""native-uia-invoke"", ""button"": ""Cancel EST edit"", ""observedOrdinal"": 0, ""expectedMatches"": 1, ""windowId"": 11077022, ""processId"": 130912, ""offscreen"": false, ""bounds"": ""1794;230;45;41"", ""authorization"": ""User authorized native fallback for real Windows testing""}"
2026-10-05T08:05:41.2198311Z,video/2026-10-05 11-02-01.mkv,219.992,native-uia-invoke,"{""utc"": ""2026-10-05T08:05:41.2198311Z"", ""action"": ""native-uia-invoke"", ""button"": ""Edit Time Taken: 0:14:06"", ""observedOrdinal"": 0, ""expectedMatches"": 1, ""windowId"": 11077022, ""processId"": 130912, ""offscreen"": false, ""bounds"": ""1636;275;253;41"", ""authorization"": ""User authorized native fallback for real Windows testing""}"
2026-10-05T08:05:42.3991221Z,video/2026-10-05 11-02-01.mkv,221.171,physical-scancode-chord,"{""utc"": ""2026-10-05T08:05:42.3991221Z"", ""action"": ""physical-scancode-chord"", ""windowId"": 11077022, ""pid"": 130912, ""chord"": ""Escape"", ""scancodes"": [1], ""injection"": ""keybd_event KEYEVENTF_SCANCODE; normal Windows input path""}"
2026-10-05T08:05:42.8264040Z,video/2026-10-05 11-02-01.mkv,221.598,native-uia-observed-pointer-click,"{""utc"": ""2026-10-05T08:05:42.8264040Z"", ""action"": ""native-uia-observed-pointer-click"", ""button"": ""Notes"", ""observedOrdinal"": 0, ""expectedMatches"": 1, ""windowId"": 11077022, ""processId"": 130912, ""offscreen"": false, ""bounds"": ""1582;402;55;38"", ""authorization"": ""User authorized native fallback for real Windows testing""}"
2026-10-05T08:05:44.1062620Z,video/2026-10-05 11-02-01.mkv,222.878,native-uia-observed-pointer-click,"{""utc"": ""2026-10-05T08:05:44.1062620Z"", ""action"": ""native-uia-observed-pointer-click"", ""button"": ""Open larger notes editor"", ""observedOrdinal"": 0, ""expectedMatches"": 1, ""windowId"": 11077022, ""processId"": 130912, ""offscreen"": false, ""bounds"": ""1817;541;35;36"", ""authorization"": ""User authorized native fallback for real Windows testing""}"
2026-10-05T08:05:45.3455235Z,video/2026-10-05 11-02-01.mkv,224.118,physical-scancode-chord,"{""utc"": ""2026-10-05T08:05:45.3455235Z"", ""action"": ""physical-scancode-chord"", ""windowId"": 11077022, ""pid"": 130912, ""chord"": ""Escape"", ""scancodes"": [1], ""injection"": ""keybd_event KEYEVENTF_SCANCODE; normal Windows input path""}"
2026-10-05T08:05:45.7626963Z,video/2026-10-05 11-02-01.mkv,224.535,native-uia-observed-pointer-click,"{""utc"": ""2026-10-05T08:05:45.7626963Z"", ""action"": ""native-uia-observed-pointer-click"", ""button"": ""Notes"", ""observedOrdinal"": 0, ""expectedMatches"": 1, ""windowId"": 11077022, ""processId"": 130912, ""offscreen"": false, ""bounds"": ""1582;402;55;38"", ""authorization"": ""User authorized native fallback for real Windows testing""}"
2026-10-05T08:05:47.1018054Z,video/2026-10-05 11-02-01.mkv,225.874,physical-scancode-chord,"{""utc"": ""2026-10-05T08:05:47.1018054Z"", ""action"": ""physical-scancode-chord"", ""windowId"": 11077022, ""pid"": 130912, ""chord"": ""Ctrl+End"", ""scancodes"": [29, 79], ""injection"": ""keybd_event KEYEVENTF_SCANCODE; normal Windows input path""}"
2026-10-05T08:05:47.8964241Z,video/2026-10-05 11-02-01.mkv,226.668,physical-scancode-chord,"{""utc"": ""2026-10-05T08:05:47.8964241Z"", ""action"": ""physical-scancode-chord"", ""windowId"": 11077022, ""pid"": 130912, ""chord"": ""Ctrl+Home"", ""scancodes"": [29, 71], ""injection"": ""keybd_event KEYEVENTF_SCANCODE; normal Windows input path""}"
2026-10-05T08:05:48.9880117Z,video/2026-10-05 11-02-01.mkv,227.76,fresh-observed-physical-hover,"{""utc"": ""2026-10-05T08:05:48.9880117Z"", ""action"": ""fresh-observed-physical-hover"", ""name"": ""Task title: M7 CI944 LongUnbrokenTitleForNarrowBoardOverflowAndAccessibleFullTitleValidation1234567890"", ""tag"": ""dark-reduced"", ""windowId"": 11077022, ""x"": 1668, ""y"": 732}"
2026-10-05T08:05:50.4779121Z,video/2026-10-05 11-02-01.mkv,229.25,native-uia-invoke,"{""utc"": ""2026-10-05T08:05:50.4779121Z"", ""action"": ""native-uia-invoke"", ""button"": ""Compact view"", ""observedOrdinal"": 0, ""expectedMatches"": 1, ""windowId"": 11077022, ""processId"": 130912, ""offscreen"": false, ""bounds"": ""1865;20;40;40"", ""authorization"": ""User authorized native fallback for real Windows testing""}"
2026-10-05T08:05:51.4579543Z,video/2026-10-05 11-02-01.mkv,230.23,native-uia-observed-pointer-click,"{""utc"": ""2026-10-05T08:05:51.4579543Z"", ""action"": ""native-uia-observed-pointer-click"", ""button"": ""Expand Floating Timer"", ""observedOrdinal"": 0, ""expectedMatches"": 1, ""windowId"": 11077022, ""processId"": 130912, ""offscreen"": false, ""bounds"": ""1209;688;40;40"", ""authorization"": ""User authorized native fallback for real Windows testing""}"
2026-10-05T08:05:52.7733323Z,video/2026-10-05 11-02-01.mkv,231.545,fresh-observed-physical-hover,"{""utc"": ""2026-10-05T08:05:52.7733323Z"", ""action"": ""fresh-observed-physical-hover"", ""name"": ""Start break"", ""tag"": ""dark-reduced"", ""windowId"": 11077022, ""x"": 876, ""y"": 688}"
2026-10-05T08:05:54.2925443Z,video/2026-10-05 11-02-01.mkv,233.065,fresh-observed-physical-hover,"{""utc"": ""2026-10-05T08:05:54.2925443Z"", ""action"": ""fresh-observed-physical-hover"", ""name"": ""Notes"", ""tag"": ""dark-reduced"", ""windowId"": 11077022, ""x"": 946, ""y"": 688}"
2026-10-05T08:05:55.8203199Z,video/2026-10-05 11-02-01.mkv,234.592,fresh-observed-physical-hover,"{""utc"": ""2026-10-05T08:05:55.8203199Z"", ""action"": ""fresh-observed-physical-hover"", ""name"": ""Resume"", ""tag"": ""dark-reduced"", ""windowId"": 11077022, ""x"": 1018, ""y"": 688}"
2026-10-05T08:05:57.3360731Z,video/2026-10-05 11-02-01.mkv,236.108,fresh-observed-physical-hover,"{""utc"": ""2026-10-05T08:05:57.3360731Z"", ""action"": ""fresh-observed-physical-hover"", ""name"": ""Skip task"", ""tag"": ""dark-reduced"", ""windowId"": 11077022, ""x"": 1088, ""y"": 688}"
2026-10-05T08:05:58.8524829Z,video/2026-10-05 11-02-01.mkv,237.624,fresh-observed-physical-hover,"{""utc"": ""2026-10-05T08:05:58.8524829Z"", ""action"": ""fresh-observed-physical-hover"", ""name"": ""Complete task"", ""tag"": ""dark-reduced"", ""windowId"": 11077022, ""x"": 1158, ""y"": 688}"
2026-10-05T08:06:00.3732180Z,video/2026-10-05 11-02-01.mkv,239.145,fresh-observed-physical-hover,"{""utc"": ""2026-10-05T08:06:00.3732180Z"", ""action"": ""fresh-observed-physical-hover"", ""name"": ""Return to Focus Panel"", ""tag"": ""dark-reduced"", ""windowId"": 11077022, ""x"": 1228, ""y"": 688}"
2026-10-05T08:06:01.7510974Z,video/2026-10-05 11-02-01.mkv,240.523,native-uia-observed-pointer-click,"{""utc"": ""2026-10-05T08:06:01.7510974Z"", ""action"": ""native-uia-observed-pointer-click"", ""button"": ""Notes"", ""observedOrdinal"": 0, ""expectedMatches"": 1, ""windowId"": 11077022, ""processId"": 130912, ""offscreen"": false, ""bounds"": ""926;667;41;41"", ""authorization"": ""User authorized native fallback for real Windows testing""}"
2026-10-05T08:06:02.8959727Z,video/2026-10-05 11-02-01.mkv,241.668,native-uia-observed-pointer-click,"{""utc"": ""2026-10-05T08:06:02.8959727Z"", ""action"": ""native-uia-observed-pointer-click"", ""button"": ""Notes"", ""observedOrdinal"": 0, ""expectedMatches"": 1, ""windowId"": 11077022, ""processId"": 130912, ""offscreen"": false, ""bounds"": ""926;667;41;41"", ""authorization"": ""User authorized native fallback for real Windows testing""}"
2026-10-05T08:06:03.8412269Z,video/2026-10-05 11-02-01.mkv,242.613,native-uia-observed-pointer-click,"{""utc"": ""2026-10-05T08:06:03.8412269Z"", ""action"": ""native-uia-observed-pointer-click"", ""button"": ""Collapse Floating Timer"", ""observedOrdinal"": 0, ""expectedMatches"": 1, ""windowId"": 11077022, ""processId"": 130912, ""offscreen"": false, ""bounds"": ""1209;728;40;41"", ""authorization"": ""User authorized native fallback for real Windows testing""}"
2026-10-05T08:06:04.9641358Z,video/2026-10-05 11-02-01.mkv,243.736,physical-scancode-chord,"{""utc"": ""2026-10-05T08:06:04.9641358Z"", ""action"": ""physical-scancode-chord"", ""windowId"": 11077022, ""pid"": 130912, ""chord"": ""Ctrl+Shift+P"", ""scancodes"": [29, 42, 25], ""injection"": ""keybd_event KEYEVENTF_SCANCODE; normal Windows input path""}"
2026-10-05T08:06:07.2652518Z,video/2026-10-05 11-02-01.mkv,246.037,native-uia-invoke,"{""utc"": ""2026-10-05T08:06:07.2652518Z"", ""action"": ""native-uia-invoke"", ""button"": ""Return to Focus Panel"", ""observedOrdinal"": 0, ""expectedMatches"": 1, ""windowId"": 11077022, ""processId"": 130912, ""offscreen"": false, ""bounds"": ""1196;638;41;41"", ""authorization"": ""User authorized native fallback for real Windows testing""}"
2026-10-05T08:06:18.4825294Z,video/2026-10-05 11-02-01.mkv,257.255,os-client-area-animation,"{""utc"": ""2026-10-05T08:06:18.4825294Z"", ""action"": ""os-client-area-animation"", ""request"": ""normal"", ""before"": 0, ""after"": 1}"
2026-10-05T08:06:19.3208721Z,video/2026-10-05 11-02-01.mkv,258.093,native-uia-invoke,"{""utc"": ""2026-10-05T08:06:19.3208721Z"", ""action"": ""native-uia-invoke"", ""button"": ""Edit EST: 0:30:00"", ""observedOrdinal"": 0, ""expectedMatches"": 1, ""windowId"": 11077022, ""processId"": 130912, ""offscreen"": false, ""bounds"": ""1636;230;253;41"", ""authorization"": ""User authorized native fallback for real Windows testing""}"
2026-10-05T08:06:20.4777919Z,video/2026-10-05 11-02-01.mkv,259.25,native-uia-invoke,"{""utc"": ""2026-10-05T08:06:20.4777919Z"", ""action"": ""native-uia-invoke"", ""button"": ""Cancel EST edit"", ""observedOrdinal"": 0, ""expectedMatches"": 1, ""windowId"": 11077022, ""processId"": 130912, ""offscreen"": false, ""bounds"": ""1794;230;45;41"", ""authorization"": ""User authorized native fallback for real Windows testing""}"
2026-10-05T08:06:21.2595482Z,video/2026-10-05 11-02-01.mkv,260.032,native-uia-invoke,"{""utc"": ""2026-10-05T08:06:21.2595482Z"", ""action"": ""native-uia-invoke"", ""button"": ""Edit Time Taken: 0:14:06"", ""observedOrdinal"": 0, ""expectedMatches"": 1, ""windowId"": 11077022, ""processId"": 130912, ""offscreen"": false, ""bounds"": ""1636;275;253;41"", ""authorization"": ""User authorized native fallback for real Windows testing""}"
2026-10-05T08:06:22.4568139Z,video/2026-10-05 11-02-01.mkv,261.229,physical-scancode-chord,"{""utc"": ""2026-10-05T08:06:22.4568139Z"", ""action"": ""physical-scancode-chord"", ""windowId"": 11077022, ""pid"": 130912, ""chord"": ""Escape"", ""scancodes"": [1], ""injection"": ""keybd_event KEYEVENTF_SCANCODE; normal Windows input path""}"
2026-10-05T08:06:22.8854171Z,video/2026-10-05 11-02-01.mkv,261.657,native-uia-observed-pointer-click,"{""utc"": ""2026-10-05T08:06:22.8854171Z"", ""action"": ""native-uia-observed-pointer-click"", ""button"": ""Notes"", ""observedOrdinal"": 0, ""expectedMatches"": 1, ""windowId"": 11077022, ""processId"": 130912, ""offscreen"": false, ""bounds"": ""1582;402;55;38"", ""authorization"": ""User authorized native fallback for real Windows testing""}"
2026-10-05T08:06:24.1695346Z,video/2026-10-05 11-02-01.mkv,262.942,native-uia-observed-pointer-click,"{""utc"": ""2026-10-05T08:06:24.1695346Z"", ""action"": ""native-uia-observed-pointer-click"", ""button"": ""Open larger notes editor"", ""observedOrdinal"": 0, ""expectedMatches"": 1, ""windowId"": 11077022, ""processId"": 130912, ""offscreen"": false, ""bounds"": ""1817;541;35;36"", ""authorization"": ""User authorized native fallback for real Windows testing""}"
2026-10-05T08:06:25.4252128Z,video/2026-10-05 11-02-01.mkv,264.197,physical-scancode-chord,"{""utc"": ""2026-10-05T08:06:25.4252128Z"", ""action"": ""physical-scancode-chord"", ""windowId"": 11077022, ""pid"": 130912, ""chord"": ""Escape"", ""scancodes"": [1], ""injection"": ""keybd_event KEYEVENTF_SCANCODE; normal Windows input path""}"
2026-10-05T08:06:25.8437271Z,video/2026-10-05 11-02-01.mkv,264.616,native-uia-observed-pointer-click,"{""utc"": ""2026-10-05T08:06:25.8437271Z"", ""action"": ""native-uia-observed-pointer-click"", ""button"": ""Notes"", ""observedOrdinal"": 0, ""expectedMatches"": 1, ""windowId"": 11077022, ""processId"": 130912, ""offscreen"": false, ""bounds"": ""1582;402;55;38"", ""authorization"": ""User authorized native fallback for real Windows testing""}"
2026-10-05T08:06:27.1788702Z,video/2026-10-05 11-02-01.mkv,265.951,physical-scancode-chord,"{""utc"": ""2026-10-05T08:06:27.1788702Z"", ""action"": ""physical-scancode-chord"", ""windowId"": 11077022, ""pid"": 130912, ""chord"": ""Ctrl+End"", ""scancodes"": [29, 79], ""injection"": ""keybd_event KEYEVENTF_SCANCODE; normal Windows input path""}"
2026-10-05T08:06:27.9831612Z,video/2026-10-05 11-02-01.mkv,266.755,physical-scancode-chord,"{""utc"": ""2026-10-05T08:06:27.9831612Z"", ""action"": ""physical-scancode-chord"", ""windowId"": 11077022, ""pid"": 130912, ""chord"": ""Ctrl+Home"", ""scancodes"": [29, 71], ""injection"": ""keybd_event KEYEVENTF_SCANCODE; normal Windows input path""}"
2026-10-05T08:06:29.0892148Z,video/2026-10-05 11-02-01.mkv,267.861,fresh-observed-physical-hover,"{""utc"": ""2026-10-05T08:06:29.0892148Z"", ""action"": ""fresh-observed-physical-hover"", ""name"": ""Task title: M7 CI944 LongUnbrokenTitleForNarrowBoardOverflowAndAccessibleFullTitleValidation1234567890"", ""tag"": ""dark-normal"", ""windowId"": 11077022, ""x"": 1668, ""y"": 732}"
2026-10-05T08:06:30.6581183Z,video/2026-10-05 11-02-01.mkv,269.43,native-uia-invoke,"{""utc"": ""2026-10-05T08:06:30.6581183Z"", ""action"": ""native-uia-invoke"", ""button"": ""Compact view"", ""observedOrdinal"": 0, ""expectedMatches"": 1, ""windowId"": 11077022, ""processId"": 130912, ""offscreen"": false, ""bounds"": ""1865;20;40;40"", ""authorization"": ""User authorized native fallback for real Windows testing""}"
2026-10-05T08:06:31.6521698Z,video/2026-10-05 11-02-01.mkv,270.424,native-uia-observed-pointer-click,"{""utc"": ""2026-10-05T08:06:31.6521698Z"", ""action"": ""native-uia-observed-pointer-click"", ""button"": ""Expand Floating Timer"", ""observedOrdinal"": 0, ""expectedMatches"": 1, ""windowId"": 11077022, ""processId"": 130912, ""offscreen"": false, ""bounds"": ""1209;688;40;40"", ""authorization"": ""User authorized native fallback for real Windows testing""}"
2026-10-05T08:06:32.9690605Z,video/2026-10-05 11-02-01.mkv,271.741,fresh-observed-physical-hover,"{""utc"": ""2026-10-05T08:06:32.9690605Z"", ""action"": ""fresh-observed-physical-hover"", ""name"": ""Start break"", ""tag"": ""dark-normal"", ""windowId"": 11077022, ""x"": 876, ""y"": 688}"
2026-10-05T08:06:34.4860456Z,video/2026-10-05 11-02-01.mkv,273.258,fresh-observed-physical-hover,"{""utc"": ""2026-10-05T08:06:34.4860456Z"", ""action"": ""fresh-observed-physical-hover"", ""name"": ""Notes"", ""tag"": ""dark-normal"", ""windowId"": 11077022, ""x"": 946, ""y"": 688}"
2026-10-05T08:06:36.0187693Z,video/2026-10-05 11-02-01.mkv,274.791,fresh-observed-physical-hover,"{""utc"": ""2026-10-05T08:06:36.0187693Z"", ""action"": ""fresh-observed-physical-hover"", ""name"": ""Resume"", ""tag"": ""dark-normal"", ""windowId"": 11077022, ""x"": 1018, ""y"": 688}"
2026-10-05T08:06:37.6344030Z,video/2026-10-05 11-02-01.mkv,276.406,fresh-observed-physical-hover,"{""utc"": ""2026-10-05T08:06:37.6344030Z"", ""action"": ""fresh-observed-physical-hover"", ""name"": ""Skip task"", ""tag"": ""dark-normal"", ""windowId"": 11077022, ""x"": 1088, ""y"": 688}"
2026-10-05T08:06:39.1478223Z,video/2026-10-05 11-02-01.mkv,277.92,fresh-observed-physical-hover,"{""utc"": ""2026-10-05T08:06:39.1478223Z"", ""action"": ""fresh-observed-physical-hover"", ""name"": ""Complete task"", ""tag"": ""dark-normal"", ""windowId"": 11077022, ""x"": 1158, ""y"": 688}"
2026-10-05T08:06:40.6678997Z,video/2026-10-05 11-02-01.mkv,279.44,fresh-observed-physical-hover,"{""utc"": ""2026-10-05T08:06:40.6678997Z"", ""action"": ""fresh-observed-physical-hover"", ""name"": ""Return to Focus Panel"", ""tag"": ""dark-normal"", ""windowId"": 11077022, ""x"": 1228, ""y"": 688}"
2026-10-05T08:06:42.0302870Z,video/2026-10-05 11-02-01.mkv,280.802,native-uia-observed-pointer-click,"{""utc"": ""2026-10-05T08:06:42.0302870Z"", ""action"": ""native-uia-observed-pointer-click"", ""button"": ""Notes"", ""observedOrdinal"": 0, ""expectedMatches"": 1, ""windowId"": 11077022, ""processId"": 130912, ""offscreen"": false, ""bounds"": ""926;667;41;41"", ""authorization"": ""User authorized native fallback for real Windows testing""}"
2026-10-05T08:06:43.1852988Z,video/2026-10-05 11-02-01.mkv,281.957,native-uia-observed-pointer-click,"{""utc"": ""2026-10-05T08:06:43.1852988Z"", ""action"": ""native-uia-observed-pointer-click"", ""button"": ""Notes"", ""observedOrdinal"": 0, ""expectedMatches"": 1, ""windowId"": 11077022, ""processId"": 130912, ""offscreen"": false, ""bounds"": ""926;667;41;41"", ""authorization"": ""User authorized native fallback for real Windows testing""}"
2026-10-05T08:06:44.1383983Z,video/2026-10-05 11-02-01.mkv,282.91,native-uia-observed-pointer-click,"{""utc"": ""2026-10-05T08:06:44.1383983Z"", ""action"": ""native-uia-observed-pointer-click"", ""button"": ""Collapse Floating Timer"", ""observedOrdinal"": 0, ""expectedMatches"": 1, ""windowId"": 11077022, ""processId"": 130912, ""offscreen"": false, ""bounds"": ""1209;728;40;41"", ""authorization"": ""User authorized native fallback for real Windows testing""}"
2026-10-05T08:06:45.3534097Z,video/2026-10-05 11-02-01.mkv,284.125,physical-scancode-chord,"{""utc"": ""2026-10-05T08:06:45.3534097Z"", ""action"": ""physical-scancode-chord"", ""windowId"": 11077022, ""pid"": 130912, ""chord"": ""Ctrl+Shift+P"", ""scancodes"": [29, 42, 25], ""injection"": ""keybd_event KEYEVENTF_SCANCODE; normal Windows input path""}"
2026-10-05T08:06:47.6670837Z,video/2026-10-05 11-02-01.mkv,286.439,native-uia-invoke,"{""utc"": ""2026-10-05T08:06:47.6670837Z"", ""action"": ""native-uia-invoke"", ""button"": ""Return to Focus Panel"", ""observedOrdinal"": 0, ""expectedMatches"": 1, ""windowId"": 11077022, ""processId"": 130912, ""offscreen"": false, ""bounds"": ""1196;638;41;41"", ""authorization"": ""User authorized native fallback for real Windows testing""}"
2026-10-05T08:07:59.7787358Z,video/2026-10-05 11-02-01.mkv,358.551,SendInput actual virtual-desktop drag,"{""utc"": ""2026-10-05T08:07:59.7787358Z"", ""action"": ""SendInput actual virtual-desktop drag"", ""windowId"": 72353300, ""from"": [717, 561], ""to"": [484, 449], ""exeSha256"": ""bde7646d9a3f17af0078c41e8a90173bc044f6747d24fde278e6f5739ebe05d8""}"
2026-10-05T08:08:04.3414410Z,video/2026-10-05 11-02-01.mkv,363.113,SendInput actual virtual-desktop drag,"{""utc"": ""2026-10-05T08:08:04.3414410Z"", ""action"": ""SendInput actual virtual-desktop drag"", ""windowId"": 72353300, ""from"": [314, 561], ""to"": [888, 449], ""exeSha256"": ""bde7646d9a3f17af0078c41e8a90173bc044f6747d24fde278e6f5739ebe05d8""}"
2026-10-05T08:08:08.7059184Z,video/2026-10-05 11-02-01.mkv,367.478,os-client-area-animation,"{""utc"": ""2026-10-05T08:08:08.7059184Z"", ""action"": ""os-client-area-animation"", ""request"": ""reduced"", ""before"": 1, ""after"": 0}"
2026-10-05T08:08:09.0763412Z,video/2026-10-05 11-02-01.mkv,367.848,SendInput actual virtual-desktop drag,"{""utc"": ""2026-10-05T08:08:09.0763412Z"", ""action"": ""SendInput actual virtual-desktop drag"", ""windowId"": 72353300, ""from"": [717, 561], ""to"": [484, 449], ""exeSha256"": ""bde7646d9a3f17af0078c41e8a90173bc044f6747d24fde278e6f5739ebe05d8""}"
2026-10-05T08:08:13.5197523Z,video/2026-10-05 11-02-01.mkv,372.292,SendInput actual virtual-desktop drag,"{""utc"": ""2026-10-05T08:08:13.5197523Z"", ""action"": ""SendInput actual virtual-desktop drag"", ""windowId"": 72353300, ""from"": [314, 561], ""to"": [888, 449], ""exeSha256"": ""bde7646d9a3f17af0078c41e8a90173bc044f6747d24fde278e6f5739ebe05d8""}"
2026-10-05T08:08:17.7433186Z,video/2026-10-05 11-02-01.mkv,376.515,native-uia-invoke,"{""utc"": ""2026-10-05T08:08:17.7433186Z"", ""action"": ""native-uia-invoke"", ""button"": ""Settings"", ""observedOrdinal"": 0, ""expectedMatches"": 1, ""windowId"": 72353300, ""processId"": 130912, ""offscreen"": false, ""bounds"": ""1789;42;106;51"", ""authorization"": ""User authorized native fallback for real Windows testing""}"
2026-10-05T08:08:18.0697026Z,video/2026-10-05 11-02-01.mkv,376.842,native-uia-observed-pointer-click,"{""utc"": ""2026-10-05T08:08:18.0697026Z"", ""action"": ""native-uia-observed-pointer-click"", ""button"": ""System theme — Follow your Windows color mode"", ""observedOrdinal"": 0, ""expectedMatches"": 1, ""windowId"": 72353300, ""processId"": 130912, ""offscreen"": false, ""bounds"": ""1191;751;98;45"", ""authorization"": ""User authorized native fallback for real Windows testing""}"
2026-10-05T08:08:32.2275072Z,video/2026-10-05 11-02-01.mkv,391.0,native-uia-invoke,"{""utc"": ""2026-10-05T08:08:32.2275072Z"", ""action"": ""native-uia-invoke"", ""button"": ""Home"", ""observedOrdinal"": 0, ""expectedMatches"": 1, ""windowId"": 72353300, ""processId"": 130912, ""offscreen"": false, ""bounds"": ""915;1020;161;51"", ""authorization"": ""User authorized native fallback for real Windows testing""}"
2026-10-05T08:08:32.5860368Z,video/2026-10-05 11-02-01.mkv,391.358,native-uia-invoke,"{""utc"": ""2026-10-05T08:08:32.5860368Z"", ""action"": ""native-uia-invoke"", ""button"": ""Open"", ""observedOrdinal"": 6, ""expectedMatches"": 6, ""windowId"": 72353300, ""processId"": 130912, ""offscreen"": false, ""bounds"": ""852;813;131;50"", ""authorization"": ""User authorized native fallback for real Windows testing""}"
2026-10-05T08:09:11.4727869Z,video/2026-10-05 11-02-01.mkv,430.245,os-client-area-animation,"{""utc"": ""2026-10-05T08:09:11.4727869Z"", ""action"": ""os-client-area-animation"", ""request"": ""reduced"", ""before"": 0, ""after"": 0}"
2026-10-05T08:09:12.2324543Z,video/2026-10-05 11-02-01.mkv,431.004,native-uia-observed-pointer-click,"{""utc"": ""2026-10-05T08:09:12.2324543Z"", ""action"": ""native-uia-observed-pointer-click"", ""button"": ""Task actions"", ""observedOrdinal"": 0, ""expectedMatches"": 1, ""windowId"": 72353300, ""processId"": 130912, ""offscreen"": false, ""bounds"": ""1030;380;21;36"", ""authorization"": ""User authorized native fallback for real Windows testing""}"
2026-10-05T08:09:12.7508048Z,video/2026-10-05 11-02-01.mkv,431.523,native-uia-invoke,"{""utc"": ""2026-10-05T08:09:12.7508048Z"", ""action"": ""native-uia-invoke"", ""button"": ""Delete"", ""windowId"": 72353300, ""processId"": 130912, ""offscreen"": false, ""bounds"": ""853;578;199;50"", ""authorization"": ""User authorized native fallback for real Windows testing""}"
2026-10-05T08:09:14.0576708Z,video/2026-10-05 11-02-01.mkv,432.83,native-uia-invoke,"{""utc"": ""2026-10-05T08:09:14.0576708Z"", ""action"": ""native-uia-invoke"", ""button"": ""Cancel permanent task deletion"", ""windowId"": 72353300, ""processId"": 130912, ""offscreen"": false, ""bounds"": ""1016;584;36;36"", ""authorization"": ""User authorized native fallback for real Windows testing""}"
2026-10-05T08:09:14.4649738Z,video/2026-10-05 11-02-01.mkv,433.237,physical-scancode-chord,"{""utc"": ""2026-10-05T08:09:14.4649738Z"", ""action"": ""physical-scancode-chord"", ""windowId"": 72353300, ""pid"": 130912, ""chord"": ""Escape"", ""scancodes"": [1], ""injection"": ""keybd_event KEYEVENTF_SCANCODE; normal Windows input path""}"
2026-10-05T08:09:14.9105645Z,video/2026-10-05 11-02-01.mkv,433.683,native-uia-invoke,"{""utc"": ""2026-10-05T08:09:14.9105645Z"", ""action"": ""native-uia-invoke"", ""button"": ""Edit Est: —"", ""observedOrdinal"": 1, ""expectedMatches"": 2, ""windowId"": 72353300, ""processId"": 130912, ""offscreen"": false, ""bounds"": ""887;420;77;31"", ""authorization"": ""User authorized native fallback for real Windows testing""}"
2026-10-05T08:09:15.5411628Z,video/2026-10-05 11-02-01.mkv,434.313,native-uia-invoke,"{""utc"": ""2026-10-05T08:09:15.5411628Z"", ""action"": ""native-uia-invoke"", ""button"": ""Cancel metric edit"", ""observedOrdinal"": 0, ""expectedMatches"": 1, ""windowId"": 72353300, ""processId"": 130912, ""offscreen"": false, ""bounds"": ""975;380;21;36"", ""authorization"": ""User authorized native fallback for real Windows testing""}"
2026-10-05T08:09:15.8618751Z,video/2026-10-05 11-02-01.mkv,434.634,native-uia-invoke,"{""utc"": ""2026-10-05T08:09:15.8618751Z"", ""action"": ""native-uia-invoke"", ""button"": ""Edit Taken: 0m"", ""observedOrdinal"": 1, ""expectedMatches"": 2, ""windowId"": 72353300, ""processId"": 130912, ""offscreen"": false, ""bounds"": ""974;420;77;31"", ""authorization"": ""User authorized native fallback for real Windows testing""}"
2026-10-05T08:09:16.4718465Z,video/2026-10-05 11-02-01.mkv,435.244,physical-scancode-chord,"{""utc"": ""2026-10-05T08:09:16.4718465Z"", ""action"": ""physical-scancode-chord"", ""windowId"": 72353300, ""pid"": 130912, ""chord"": ""Escape"", ""scancodes"": [1], ""injection"": ""keybd_event KEYEVENTF_SCANCODE; normal Windows input path""}"
2026-10-05T08:09:17.5379933Z,video/2026-10-05 11-02-01.mkv,436.31,os-client-area-animation,"{""utc"": ""2026-10-05T08:09:17.5379933Z"", ""action"": ""os-client-area-animation"", ""request"": ""reduced"", ""before"": 0, ""after"": 0}"
2026-10-05T08:09:17.9248005Z,video/2026-10-05 11-02-01.mkv,436.697,native-uia-invoke,"{""utc"": ""2026-10-05T08:09:17.9248005Z"", ""action"": ""native-uia-invoke"", ""button"": ""Edit EST: 0:30:00"", ""observedOrdinal"": 0, ""expectedMatches"": 1, ""windowId"": 11077022, ""processId"": 130912, ""offscreen"": false, ""bounds"": ""1636;230;253;41"", ""authorization"": ""User authorized native fallback for real Windows testing""}"
2026-10-05T08:09:18.9991592Z,video/2026-10-05 11-02-01.mkv,437.771,native-uia-invoke,"{""utc"": ""2026-10-05T08:09:18.9991592Z"", ""action"": ""native-uia-invoke"", ""button"": ""Cancel EST edit"", ""observedOrdinal"": 0, ""expectedMatches"": 1, ""windowId"": 11077022, ""processId"": 130912, ""offscreen"": false, ""bounds"": ""1794;230;45;41"", ""authorization"": ""User authorized native fallback for real Windows testing""}"
2026-10-05T08:09:19.7630724Z,video/2026-10-05 11-02-01.mkv,438.535,native-uia-invoke,"{""utc"": ""2026-10-05T08:09:19.7630724Z"", ""action"": ""native-uia-invoke"", ""button"": ""Edit Time Taken: 0:14:06"", ""observedOrdinal"": 0, ""expectedMatches"": 1, ""windowId"": 11077022, ""processId"": 130912, ""offscreen"": false, ""bounds"": ""1636;275;253;41"", ""authorization"": ""User authorized native fallback for real Windows testing""}"
2026-10-05T08:09:20.8160272Z,video/2026-10-05 11-02-01.mkv,439.588,physical-scancode-chord,"{""utc"": ""2026-10-05T08:09:20.8160272Z"", ""action"": ""physical-scancode-chord"", ""windowId"": 11077022, ""pid"": 130912, ""chord"": ""Escape"", ""scancodes"": [1], ""injection"": ""keybd_event KEYEVENTF_SCANCODE; normal Windows input path""}"
2026-10-05T08:09:21.2418770Z,video/2026-10-05 11-02-01.mkv,440.014,native-uia-observed-pointer-click,"{""utc"": ""2026-10-05T08:09:21.2418770Z"", ""action"": ""native-uia-observed-pointer-click"", ""button"": ""Notes"", ""observedOrdinal"": 0, ""expectedMatches"": 1, ""windowId"": 11077022, ""processId"": 130912, ""offscreen"": false, ""bounds"": ""1582;402;55;38"", ""authorization"": ""User authorized native fallback for real Windows testing""}"
2026-10-05T08:09:22.5093634Z,video/2026-10-05 11-02-01.mkv,441.281,native-uia-observed-pointer-click,"{""utc"": ""2026-10-05T08:09:22.5093634Z"", ""action"": ""native-uia-observed-pointer-click"", ""button"": ""Open larger notes editor"", ""observedOrdinal"": 0, ""expectedMatches"": 1, ""windowId"": 11077022, ""processId"": 130912, ""offscreen"": false, ""bounds"": ""1817;541;35;36"", ""authorization"": ""User authorized native fallback for real Windows testing""}"
2026-10-05T08:09:23.7278321Z,video/2026-10-05 11-02-01.mkv,442.5,physical-scancode-chord,"{""utc"": ""2026-10-05T08:09:23.7278321Z"", ""action"": ""physical-scancode-chord"", ""windowId"": 11077022, ""pid"": 130912, ""chord"": ""Escape"", ""scancodes"": [1], ""injection"": ""keybd_event KEYEVENTF_SCANCODE; normal Windows input path""}"
2026-10-05T08:09:24.1546929Z,video/2026-10-05 11-02-01.mkv,442.927,native-uia-observed-pointer-click,"{""utc"": ""2026-10-05T08:09:24.1546929Z"", ""action"": ""native-uia-observed-pointer-click"", ""button"": ""Notes"", ""observedOrdinal"": 0, ""expectedMatches"": 1, ""windowId"": 11077022, ""processId"": 130912, ""offscreen"": false, ""bounds"": ""1582;402;55;38"", ""authorization"": ""User authorized native fallback for real Windows testing""}"
2026-10-05T08:09:25.4313416Z,video/2026-10-05 11-02-01.mkv,444.203,physical-scancode-chord,"{""utc"": ""2026-10-05T08:09:25.4313416Z"", ""action"": ""physical-scancode-chord"", ""windowId"": 11077022, ""pid"": 130912, ""chord"": ""Ctrl+End"", ""scancodes"": [29, 79], ""injection"": ""keybd_event KEYEVENTF_SCANCODE; normal Windows input path""}"
2026-10-05T08:09:26.1992893Z,video/2026-10-05 11-02-01.mkv,444.971,physical-scancode-chord,"{""utc"": ""2026-10-05T08:09:26.1992893Z"", ""action"": ""physical-scancode-chord"", ""windowId"": 11077022, ""pid"": 130912, ""chord"": ""Ctrl+Home"", ""scancodes"": [29, 71], ""injection"": ""keybd_event KEYEVENTF_SCANCODE; normal Windows input path""}"
2026-10-05T08:09:27.2849055Z,video/2026-10-05 11-02-01.mkv,446.057,fresh-observed-physical-hover,"{""utc"": ""2026-10-05T08:09:27.2849055Z"", ""action"": ""fresh-observed-physical-hover"", ""name"": ""Task title: M7 CI944 LongUnbrokenTitleForNarrowBoardOverflowAndAccessibleFullTitleValidation1234567890"", ""tag"": ""system-dark-reduced"", ""windowId"": 11077022, ""x"": 1668, ""y"": 732}"
2026-10-05T08:09:28.8045045Z,video/2026-10-05 11-02-01.mkv,447.577,native-uia-invoke,"{""utc"": ""2026-10-05T08:09:28.8045045Z"", ""action"": ""native-uia-invoke"", ""button"": ""Compact view"", ""observedOrdinal"": 0, ""expectedMatches"": 1, ""windowId"": 11077022, ""processId"": 130912, ""offscreen"": false, ""bounds"": ""1865;20;40;40"", ""authorization"": ""User authorized native fallback for real Windows testing""}"
2026-10-05T08:09:29.7599480Z,video/2026-10-05 11-02-01.mkv,448.532,native-uia-observed-pointer-click,"{""utc"": ""2026-10-05T08:09:29.7599480Z"", ""action"": ""native-uia-observed-pointer-click"", ""button"": ""Expand Floating Timer"", ""observedOrdinal"": 0, ""expectedMatches"": 1, ""windowId"": 11077022, ""processId"": 130912, ""offscreen"": false, ""bounds"": ""1209;688;40;40"", ""authorization"": ""User authorized native fallback for real Windows testing""}"
2026-10-05T08:09:31.1044341Z,video/2026-10-05 11-02-01.mkv,449.876,fresh-observed-physical-hover,"{""utc"": ""2026-10-05T08:09:31.1044341Z"", ""action"": ""fresh-observed-physical-hover"", ""name"": ""Start break"", ""tag"": ""system-dark-reduced"", ""windowId"": 11077022, ""x"": 876, ""y"": 688}"
2026-10-05T08:09:32.6319422Z,video/2026-10-05 11-02-01.mkv,451.404,fresh-observed-physical-hover,"{""utc"": ""2026-10-05T08:09:32.6319422Z"", ""action"": ""fresh-observed-physical-hover"", ""name"": ""Notes"", ""tag"": ""system-dark-reduced"", ""windowId"": 11077022, ""x"": 946, ""y"": 688}"
2026-10-05T08:09:34.2003425Z,video/2026-10-05 11-02-01.mkv,452.972,fresh-observed-physical-hover,"{""utc"": ""2026-10-05T08:09:34.2003425Z"", ""action"": ""fresh-observed-physical-hover"", ""name"": ""Resume"", ""tag"": ""system-dark-reduced"", ""windowId"": 11077022, ""x"": 1018, ""y"": 688}"
2026-10-05T08:09:35.7376217Z,video/2026-10-05 11-02-01.mkv,454.51,fresh-observed-physical-hover,"{""utc"": ""2026-10-05T08:09:35.7376217Z"", ""action"": ""fresh-observed-physical-hover"", ""name"": ""Skip task"", ""tag"": ""system-dark-reduced"", ""windowId"": 11077022, ""x"": 1088, ""y"": 688}"
2026-10-05T08:09:37.2603897Z,video/2026-10-05 11-02-01.mkv,456.032,fresh-observed-physical-hover,"{""utc"": ""2026-10-05T08:09:37.2603897Z"", ""action"": ""fresh-observed-physical-hover"", ""name"": ""Complete task"", ""tag"": ""system-dark-reduced"", ""windowId"": 11077022, ""x"": 1158, ""y"": 688}"
2026-10-05T08:09:38.8030399Z,video/2026-10-05 11-02-01.mkv,457.575,fresh-observed-physical-hover,"{""utc"": ""2026-10-05T08:09:38.8030399Z"", ""action"": ""fresh-observed-physical-hover"", ""name"": ""Return to Focus Panel"", ""tag"": ""system-dark-reduced"", ""windowId"": 11077022, ""x"": 1228, ""y"": 688}"
2026-10-05T08:09:40.1491000Z,video/2026-10-05 11-02-01.mkv,458.921,native-uia-observed-pointer-click,"{""utc"": ""2026-10-05T08:09:40.1491000Z"", ""action"": ""native-uia-observed-pointer-click"", ""button"": ""Notes"", ""observedOrdinal"": 0, ""expectedMatches"": 1, ""windowId"": 11077022, ""processId"": 130912, ""offscreen"": false, ""bounds"": ""926;667;41;41"", ""authorization"": ""User authorized native fallback for real Windows testing""}"
2026-10-05T08:09:41.3288591Z,video/2026-10-05 11-02-01.mkv,460.101,native-uia-observed-pointer-click,"{""utc"": ""2026-10-05T08:09:41.3288591Z"", ""action"": ""native-uia-observed-pointer-click"", ""button"": ""Notes"", ""observedOrdinal"": 0, ""expectedMatches"": 1, ""windowId"": 11077022, ""processId"": 130912, ""offscreen"": false, ""bounds"": ""926;667;41;41"", ""authorization"": ""User authorized native fallback for real Windows testing""}"
2026-10-05T08:09:42.2705096Z,video/2026-10-05 11-02-01.mkv,461.043,native-uia-observed-pointer-click,"{""utc"": ""2026-10-05T08:09:42.2705096Z"", ""action"": ""native-uia-observed-pointer-click"", ""button"": ""Collapse Floating Timer"", ""observedOrdinal"": 0, ""expectedMatches"": 1, ""windowId"": 11077022, ""processId"": 130912, ""offscreen"": false, ""bounds"": ""1209;728;40;41"", ""authorization"": ""User authorized native fallback for real Windows testing""}"
2026-10-05T08:09:43.4126065Z,video/2026-10-05 11-02-01.mkv,462.185,physical-scancode-chord,"{""utc"": ""2026-10-05T08:09:43.4126065Z"", ""action"": ""physical-scancode-chord"", ""windowId"": 11077022, ""pid"": 130912, ""chord"": ""Ctrl+Shift+P"", ""scancodes"": [29, 42, 25], ""injection"": ""keybd_event KEYEVENTF_SCANCODE; normal Windows input path""}"
2026-10-05T08:09:45.7312708Z,video/2026-10-05 11-02-01.mkv,464.503,native-uia-invoke,"{""utc"": ""2026-10-05T08:09:45.7312708Z"", ""action"": ""native-uia-invoke"", ""button"": ""Return to Focus Panel"", ""observedOrdinal"": 0, ""expectedMatches"": 1, ""windowId"": 11077022, ""processId"": 130912, ""offscreen"": false, ""bounds"": ""1196;638;41;41"", ""authorization"": ""User authorized native fallback for real Windows testing""}"
2026-10-05T08:09:55.6462066Z,video/2026-10-05 11-02-01.mkv,474.418,os-client-area-animation,"{""utc"": ""2026-10-05T08:09:55.6462066Z"", ""action"": ""os-client-area-animation"", ""request"": ""normal"", ""before"": 0, ""after"": 1}"
2026-10-05T08:09:56.3973621Z,video/2026-10-05 11-02-01.mkv,475.169,native-uia-observed-pointer-click,"{""utc"": ""2026-10-05T08:09:56.3973621Z"", ""action"": ""native-uia-observed-pointer-click"", ""button"": ""Task actions"", ""observedOrdinal"": 0, ""expectedMatches"": 1, ""windowId"": 72353300, ""processId"": 130912, ""offscreen"": false, ""bounds"": ""1030;380;21;36"", ""authorization"": ""User authorized native fallback for real Windows testing""}"
2026-10-05T08:09:56.9240564Z,video/2026-10-05 11-02-01.mkv,475.696,native-uia-invoke,"{""utc"": ""2026-10-05T08:09:56.9240564Z"", ""action"": ""native-uia-invoke"", ""button"": ""Delete"", ""windowId"": 72353300, ""processId"": 130912, ""offscreen"": false, ""bounds"": ""853;578;199;50"", ""authorization"": ""User authorized native fallback for real Windows testing""}"
2026-10-05T08:09:58.2376044Z,video/2026-10-05 11-02-01.mkv,477.01,native-uia-invoke,"{""utc"": ""2026-10-05T08:09:58.2376044Z"", ""action"": ""native-uia-invoke"", ""button"": ""Cancel permanent task deletion"", ""windowId"": 72353300, ""processId"": 130912, ""offscreen"": false, ""bounds"": ""1016;584;36;36"", ""authorization"": ""User authorized native fallback for real Windows testing""}"
2026-10-05T08:09:58.6448828Z,video/2026-10-05 11-02-01.mkv,477.417,physical-scancode-chord,"{""utc"": ""2026-10-05T08:09:58.6448828Z"", ""action"": ""physical-scancode-chord"", ""windowId"": 72353300, ""pid"": 130912, ""chord"": ""Escape"", ""scancodes"": [1], ""injection"": ""keybd_event KEYEVENTF_SCANCODE; normal Windows input path""}"
2026-10-05T08:09:59.0719751Z,video/2026-10-05 11-02-01.mkv,477.844,native-uia-invoke,"{""utc"": ""2026-10-05T08:09:59.0719751Z"", ""action"": ""native-uia-invoke"", ""button"": ""Edit Est: —"", ""observedOrdinal"": 1, ""expectedMatches"": 2, ""windowId"": 72353300, ""processId"": 130912, ""offscreen"": false, ""bounds"": ""887;420;77;31"", ""authorization"": ""User authorized native fallback for real Windows testing""}"
2026-10-05T08:09:59.7138876Z,video/2026-10-05 11-02-01.mkv,478.486,native-uia-invoke,"{""utc"": ""2026-10-05T08:09:59.7138876Z"", ""action"": ""native-uia-invoke"", ""button"": ""Cancel metric edit"", ""observedOrdinal"": 0, ""expectedMatches"": 1, ""windowId"": 72353300, ""processId"": 130912, ""offscreen"": false, ""bounds"": ""975;380;21;36"", ""authorization"": ""User authorized native fallback for real Windows testing""}"
2026-10-05T08:10:00.0359931Z,video/2026-10-05 11-02-01.mkv,478.808,native-uia-invoke,"{""utc"": ""2026-10-05T08:10:00.0359931Z"", ""action"": ""native-uia-invoke"", ""button"": ""Edit Taken: 0m"", ""observedOrdinal"": 1, ""expectedMatches"": 2, ""windowId"": 72353300, ""processId"": 130912, ""offscreen"": false, ""bounds"": ""974;420;77;31"", ""authorization"": ""User authorized native fallback for real Windows testing""}"
2026-10-05T08:10:00.6366467Z,video/2026-10-05 11-02-01.mkv,479.409,physical-scancode-chord,"{""utc"": ""2026-10-05T08:10:00.6366467Z"", ""action"": ""physical-scancode-chord"", ""windowId"": 72353300, ""pid"": 130912, ""chord"": ""Escape"", ""scancodes"": [1], ""injection"": ""keybd_event KEYEVENTF_SCANCODE; normal Windows input path""}"
2026-10-05T08:10:01.7462471Z,video/2026-10-05 11-02-01.mkv,480.518,os-client-area-animation,"{""utc"": ""2026-10-05T08:10:01.7462471Z"", ""action"": ""os-client-area-animation"", ""request"": ""normal"", ""before"": 1, ""after"": 1}"
2026-10-05T08:10:02.1333850Z,video/2026-10-05 11-02-01.mkv,480.905,native-uia-invoke,"{""utc"": ""2026-10-05T08:10:02.1333850Z"", ""action"": ""native-uia-invoke"", ""button"": ""Edit EST: 0:30:00"", ""observedOrdinal"": 0, ""expectedMatches"": 1, ""windowId"": 11077022, ""processId"": 130912, ""offscreen"": false, ""bounds"": ""1636;230;253;41"", ""authorization"": ""User authorized native fallback for real Windows testing""}"
2026-10-05T08:10:03.2117414Z,video/2026-10-05 11-02-01.mkv,481.984,native-uia-invoke,"{""utc"": ""2026-10-05T08:10:03.2117414Z"", ""action"": ""native-uia-invoke"", ""button"": ""Cancel EST edit"", ""observedOrdinal"": 0, ""expectedMatches"": 1, ""windowId"": 11077022, ""processId"": 130912, ""offscreen"": false, ""bounds"": ""1794;230;45;41"", ""authorization"": ""User authorized native fallback for real Windows testing""}"
2026-10-05T08:10:03.9791340Z,video/2026-10-05 11-02-01.mkv,482.751,native-uia-invoke,"{""utc"": ""2026-10-05T08:10:03.9791340Z"", ""action"": ""native-uia-invoke"", ""button"": ""Edit Time Taken: 0:14:06"", ""observedOrdinal"": 0, ""expectedMatches"": 1, ""windowId"": 11077022, ""processId"": 130912, ""offscreen"": false, ""bounds"": ""1636;275;253;41"", ""authorization"": ""User authorized native fallback for real Windows testing""}"
2026-10-05T08:10:05.0320360Z,video/2026-10-05 11-02-01.mkv,483.804,physical-scancode-chord,"{""utc"": ""2026-10-05T08:10:05.0320360Z"", ""action"": ""physical-scancode-chord"", ""windowId"": 11077022, ""pid"": 130912, ""chord"": ""Escape"", ""scancodes"": [1], ""injection"": ""keybd_event KEYEVENTF_SCANCODE; normal Windows input path""}"
2026-10-05T08:10:05.4485610Z,video/2026-10-05 11-02-01.mkv,484.221,native-uia-observed-pointer-click,"{""utc"": ""2026-10-05T08:10:05.4485610Z"", ""action"": ""native-uia-observed-pointer-click"", ""button"": ""Notes"", ""observedOrdinal"": 0, ""expectedMatches"": 1, ""windowId"": 11077022, ""processId"": 130912, ""offscreen"": false, ""bounds"": ""1582;402;55;38"", ""authorization"": ""User authorized native fallback for real Windows testing""}"
2026-10-05T08:10:06.7563430Z,video/2026-10-05 11-02-01.mkv,485.528,native-uia-observed-pointer-click,"{""utc"": ""2026-10-05T08:10:06.7563430Z"", ""action"": ""native-uia-observed-pointer-click"", ""button"": ""Open larger notes editor"", ""observedOrdinal"": 0, ""expectedMatches"": 1, ""windowId"": 11077022, ""processId"": 130912, ""offscreen"": false, ""bounds"": ""1817;541;35;36"", ""authorization"": ""User authorized native fallback for real Windows testing""}"
2026-10-05T08:10:07.9816735Z,video/2026-10-05 11-02-01.mkv,486.754,physical-scancode-chord,"{""utc"": ""2026-10-05T08:10:07.9816735Z"", ""action"": ""physical-scancode-chord"", ""windowId"": 11077022, ""pid"": 130912, ""chord"": ""Escape"", ""scancodes"": [1], ""injection"": ""keybd_event KEYEVENTF_SCANCODE; normal Windows input path""}"
2026-10-05T08:10:08.4109859Z,video/2026-10-05 11-02-01.mkv,487.183,native-uia-observed-pointer-click,"{""utc"": ""2026-10-05T08:10:08.4109859Z"", ""action"": ""native-uia-observed-pointer-click"", ""button"": ""Notes"", ""observedOrdinal"": 0, ""expectedMatches"": 1, ""windowId"": 11077022, ""processId"": 130912, ""offscreen"": false, ""bounds"": ""1582;402;55;38"", ""authorization"": ""User authorized native fallback for real Windows testing""}"
2026-10-05T08:10:09.7003967Z,video/2026-10-05 11-02-01.mkv,488.472,physical-scancode-chord,"{""utc"": ""2026-10-05T08:10:09.7003967Z"", ""action"": ""physical-scancode-chord"", ""windowId"": 11077022, ""pid"": 130912, ""chord"": ""Ctrl+End"", ""scancodes"": [29, 79], ""injection"": ""keybd_event KEYEVENTF_SCANCODE; normal Windows input path""}"
2026-10-05T08:10:10.4676636Z,video/2026-10-05 11-02-01.mkv,489.24,physical-scancode-chord,"{""utc"": ""2026-10-05T08:10:10.4676636Z"", ""action"": ""physical-scancode-chord"", ""windowId"": 11077022, ""pid"": 130912, ""chord"": ""Ctrl+Home"", ""scancodes"": [29, 71], ""injection"": ""keybd_event KEYEVENTF_SCANCODE; normal Windows input path""}"
2026-10-05T08:10:11.5467085Z,video/2026-10-05 11-02-01.mkv,490.319,fresh-observed-physical-hover,"{""utc"": ""2026-10-05T08:10:11.5467085Z"", ""action"": ""fresh-observed-physical-hover"", ""name"": ""Task title: M7 CI944 LongUnbrokenTitleForNarrowBoardOverflowAndAccessibleFullTitleValidation1234567890"", ""tag"": ""system-dark-normal"", ""windowId"": 11077022, ""x"": 1668, ""y"": 732}"
2026-10-05T08:10:13.0672864Z,video/2026-10-05 11-02-01.mkv,491.839,native-uia-invoke,"{""utc"": ""2026-10-05T08:10:13.0672864Z"", ""action"": ""native-uia-invoke"", ""button"": ""Compact view"", ""observedOrdinal"": 0, ""expectedMatches"": 1, ""windowId"": 11077022, ""processId"": 130912, ""offscreen"": false, ""bounds"": ""1865;20;40;40"", ""authorization"": ""User authorized native fallback for real Windows testing""}"
2026-10-05T08:10:14.0217544Z,video/2026-10-05 11-02-01.mkv,492.794,native-uia-observed-pointer-click,"{""utc"": ""2026-10-05T08:10:14.0217544Z"", ""action"": ""native-uia-observed-pointer-click"", ""button"": ""Expand Floating Timer"", ""observedOrdinal"": 0, ""expectedMatches"": 1, ""windowId"": 11077022, ""processId"": 130912, ""offscreen"": false, ""bounds"": ""1209;688;40;40"", ""authorization"": ""User authorized native fallback for real Windows testing""}"
2026-10-05T08:10:15.3519066Z,video/2026-10-05 11-02-01.mkv,494.124,fresh-observed-physical-hover,"{""utc"": ""2026-10-05T08:10:15.3519066Z"", ""action"": ""fresh-observed-physical-hover"", ""name"": ""Start break"", ""tag"": ""system-dark-normal"", ""windowId"": 11077022, ""x"": 876, ""y"": 688}"
2026-10-05T08:10:16.8690309Z,video/2026-10-05 11-02-01.mkv,495.641,fresh-observed-physical-hover,"{""utc"": ""2026-10-05T08:10:16.8690309Z"", ""action"": ""fresh-observed-physical-hover"", ""name"": ""Notes"", ""tag"": ""system-dark-normal"", ""windowId"": 11077022, ""x"": 946, ""y"": 688}"
2026-10-05T08:10:18.3986101Z,video/2026-10-05 11-02-01.mkv,497.171,fresh-observed-physical-hover,"{""utc"": ""2026-10-05T08:10:18.3986101Z"", ""action"": ""fresh-observed-physical-hover"", ""name"": ""Resume"", ""tag"": ""system-dark-normal"", ""windowId"": 11077022, ""x"": 1018, ""y"": 688}"
2026-10-05T08:10:19.9294638Z,video/2026-10-05 11-02-01.mkv,498.701,fresh-observed-physical-hover,"{""utc"": ""2026-10-05T08:10:19.9294638Z"", ""action"": ""fresh-observed-physical-hover"", ""name"": ""Skip task"", ""tag"": ""system-dark-normal"", ""windowId"": 11077022, ""x"": 1088, ""y"": 688}"
2026-10-05T08:10:21.4486073Z,video/2026-10-05 11-02-01.mkv,500.221,fresh-observed-physical-hover,"{""utc"": ""2026-10-05T08:10:21.4486073Z"", ""action"": ""fresh-observed-physical-hover"", ""name"": ""Complete task"", ""tag"": ""system-dark-normal"", ""windowId"": 11077022, ""x"": 1158, ""y"": 688}"
2026-10-05T08:10:22.9758769Z,video/2026-10-05 11-02-01.mkv,501.748,fresh-observed-physical-hover,"{""utc"": ""2026-10-05T08:10:22.9758769Z"", ""action"": ""fresh-observed-physical-hover"", ""name"": ""Return to Focus Panel"", ""tag"": ""system-dark-normal"", ""windowId"": 11077022, ""x"": 1228, ""y"": 688}"
2026-10-05T08:10:24.3211725Z,video/2026-10-05 11-02-01.mkv,503.093,native-uia-observed-pointer-click,"{""utc"": ""2026-10-05T08:10:24.3211725Z"", ""action"": ""native-uia-observed-pointer-click"", ""button"": ""Notes"", ""observedOrdinal"": 0, ""expectedMatches"": 1, ""windowId"": 11077022, ""processId"": 130912, ""offscreen"": false, ""bounds"": ""926;667;41;41"", ""authorization"": ""User authorized native fallback for real Windows testing""}"
2026-10-05T08:10:25.4866675Z,video/2026-10-05 11-02-01.mkv,504.259,native-uia-observed-pointer-click,"{""utc"": ""2026-10-05T08:10:25.4866675Z"", ""action"": ""native-uia-observed-pointer-click"", ""button"": ""Notes"", ""observedOrdinal"": 0, ""expectedMatches"": 1, ""windowId"": 11077022, ""processId"": 130912, ""offscreen"": false, ""bounds"": ""926;667;41;41"", ""authorization"": ""User authorized native fallback for real Windows testing""}"
2026-10-05T08:10:26.4285957Z,video/2026-10-05 11-02-01.mkv,505.201,native-uia-observed-pointer-click,"{""utc"": ""2026-10-05T08:10:26.4285957Z"", ""action"": ""native-uia-observed-pointer-click"", ""button"": ""Collapse Floating Timer"", ""observedOrdinal"": 0, ""expectedMatches"": 1, ""windowId"": 11077022, ""processId"": 130912, ""offscreen"": false, ""bounds"": ""1209;728;40;41"", ""authorization"": ""User authorized native fallback for real Windows testing""}"
2026-10-05T08:10:27.6443958Z,video/2026-10-05 11-02-01.mkv,506.416,physical-scancode-chord,"{""utc"": ""2026-10-05T08:10:27.6443958Z"", ""action"": ""physical-scancode-chord"", ""windowId"": 11077022, ""pid"": 130912, ""chord"": ""Ctrl+Shift+P"", ""scancodes"": [29, 42, 25], ""injection"": ""keybd_event KEYEVENTF_SCANCODE; normal Windows input path""}"
2026-10-05T08:10:28.9484265Z,video/2026-10-05 11-02-01.mkv,507.72,observed-os-theme-registry-read,"{""utc"": ""2026-10-05T08:10:28.9484265Z"", ""action"": ""observed-os-theme-registry-read"", ""AppsUseLightTheme"": 0, ""SystemUsesLightTheme"": 0}"
2026-10-05T08:10:29.9819106Z,video/2026-10-05 11-02-01.mkv,508.754,native-uia-invoke,"{""utc"": ""2026-10-05T08:10:29.9819106Z"", ""action"": ""native-uia-invoke"", ""button"": ""Return to Focus Panel"", ""observedOrdinal"": 0, ""expectedMatches"": 1, ""windowId"": 11077022, ""processId"": 130912, ""offscreen"": false, ""bounds"": ""1196;638;41;41"", ""authorization"": ""User authorized native fallback for real Windows testing""}"
2026-10-05T08:11:06.9795396Z,video/2026-10-05 11-02-01.mkv,545.752,observed-Windows-Colors-combo-pointer-open,"{""utc"": ""2026-10-05T08:11:06.9795396Z"", ""action"": ""observed-Windows-Colors-combo-pointer-open"", ""windowId"": 32508908, ""name"": ""Choose your color"", ""x"": 605, ""y"": 478}"
2026-10-05T08:11:30.0796187Z,video/2026-10-05 11-02-01.mkv,568.852,observed-Windows-color-light-pointer-selection,"{""utc"": ""2026-10-05T08:11:30.0796187Z"", ""action"": ""observed-Windows-color-light-pointer-selection"", ""windowId"": 32508908, ""name"": ""Light"", ""x"": 605, ""y"": 438}"
2026-10-05T08:11:38.0570584Z,video/2026-10-05 11-02-01.mkv,576.829,os-client-area-animation,"{""utc"": ""2026-10-05T08:11:38.0570584Z"", ""action"": ""os-client-area-animation"", ""request"": ""normal"", ""before"": 1, ""after"": 1}"
2026-10-05T08:11:38.6176613Z,video/2026-10-05 11-02-01.mkv,577.39,native-uia-observed-pointer-click,"{""utc"": ""2026-10-05T08:11:38.6176613Z"", ""action"": ""native-uia-observed-pointer-click"", ""button"": ""Task actions"", ""observedOrdinal"": 0, ""expectedMatches"": 1, ""windowId"": 72353300, ""processId"": 130912, ""offscreen"": false, ""bounds"": ""1030;380;21;36"", ""authorization"": ""User authorized native fallback for real Windows testing""}"
2026-10-05T08:11:39.1753216Z,video/2026-10-05 11-02-01.mkv,577.947,native-uia-invoke,"{""utc"": ""2026-10-05T08:11:39.1753216Z"", ""action"": ""native-uia-invoke"", ""button"": ""Delete"", ""windowId"": 72353300, ""processId"": 130912, ""offscreen"": false, ""bounds"": ""853;578;199;50"", ""authorization"": ""User authorized native fallback for real Windows testing""}"
2026-10-05T08:11:40.3273403Z,video/2026-10-05 11-02-01.mkv,579.099,native-uia-invoke,"{""utc"": ""2026-10-05T08:11:40.3273403Z"", ""action"": ""native-uia-invoke"", ""button"": ""Cancel permanent task deletion"", ""windowId"": 72353300, ""processId"": 130912, ""offscreen"": false, ""bounds"": ""1016;584;36;36"", ""authorization"": ""User authorized native fallback for real Windows testing""}"
2026-10-05T08:11:40.7065975Z,video/2026-10-05 11-02-01.mkv,579.479,physical-scancode-chord,"{""utc"": ""2026-10-05T08:11:40.7065975Z"", ""action"": ""physical-scancode-chord"", ""windowId"": 72353300, ""pid"": 130912, ""chord"": ""Escape"", ""scancodes"": [1], ""injection"": ""keybd_event KEYEVENTF_SCANCODE; normal Windows input path""}"
2026-10-05T08:11:41.1323123Z,video/2026-10-05 11-02-01.mkv,579.904,native-uia-invoke,"{""utc"": ""2026-10-05T08:11:41.1323123Z"", ""action"": ""native-uia-invoke"", ""button"": ""Edit Est: —"", ""observedOrdinal"": 1, ""expectedMatches"": 2, ""windowId"": 72353300, ""processId"": 130912, ""offscreen"": false, ""bounds"": ""887;420;77;31"", ""authorization"": ""User authorized native fallback for real Windows testing""}"
2026-10-05T08:11:41.7501852Z,video/2026-10-05 11-02-01.mkv,580.522,native-uia-invoke,"{""utc"": ""2026-10-05T08:11:41.7501852Z"", ""action"": ""native-uia-invoke"", ""button"": ""Cancel metric edit"", ""observedOrdinal"": 0, ""expectedMatches"": 1, ""windowId"": 72353300, ""processId"": 130912, ""offscreen"": false, ""bounds"": ""975;380;21;36"", ""authorization"": ""User authorized native fallback for real Windows testing""}"
2026-10-05T08:11:42.0671013Z,video/2026-10-05 11-02-01.mkv,580.839,native-uia-invoke,"{""utc"": ""2026-10-05T08:11:42.0671013Z"", ""action"": ""native-uia-invoke"", ""button"": ""Edit Taken: 0m"", ""observedOrdinal"": 1, ""expectedMatches"": 2, ""windowId"": 72353300, ""processId"": 130912, ""offscreen"": false, ""bounds"": ""974;420;77;31"", ""authorization"": ""User authorized native fallback for real Windows testing""}"
2026-10-05T08:11:42.6752257Z,video/2026-10-05 11-02-01.mkv,581.447,physical-scancode-chord,"{""utc"": ""2026-10-05T08:11:42.6752257Z"", ""action"": ""physical-scancode-chord"", ""windowId"": 72353300, ""pid"": 130912, ""chord"": ""Escape"", ""scancodes"": [1], ""injection"": ""keybd_event KEYEVENTF_SCANCODE; normal Windows input path""}"
2026-10-05T08:11:43.7837177Z,video/2026-10-05 11-02-01.mkv,582.556,os-client-area-animation,"{""utc"": ""2026-10-05T08:11:43.7837177Z"", ""action"": ""os-client-area-animation"", ""request"": ""normal"", ""before"": 1, ""after"": 1}"
2026-10-05T08:11:44.1520670Z,video/2026-10-05 11-02-01.mkv,582.924,native-uia-invoke,"{""utc"": ""2026-10-05T08:11:44.1520670Z"", ""action"": ""native-uia-invoke"", ""button"": ""Edit EST: 0:30:00"", ""observedOrdinal"": 0, ""expectedMatches"": 1, ""windowId"": 11077022, ""processId"": 130912, ""offscreen"": false, ""bounds"": ""1636;230;253;41"", ""authorization"": ""User authorized native fallback for real Windows testing""}"
2026-10-05T08:11:45.2499823Z,video/2026-10-05 11-02-01.mkv,584.022,native-uia-invoke,"{""utc"": ""2026-10-05T08:11:45.2499823Z"", ""action"": ""native-uia-invoke"", ""button"": ""Cancel EST edit"", ""observedOrdinal"": 0, ""expectedMatches"": 1, ""windowId"": 11077022, ""processId"": 130912, ""offscreen"": false, ""bounds"": ""1794;230;45;41"", ""authorization"": ""User authorized native fallback for real Windows testing""}"
2026-10-05T08:11:46.0485523Z,video/2026-10-05 11-02-01.mkv,584.821,native-uia-invoke,"{""utc"": ""2026-10-05T08:11:46.0485523Z"", ""action"": ""native-uia-invoke"", ""button"": ""Edit Time Taken: 0:14:06"", ""observedOrdinal"": 0, ""expectedMatches"": 1, ""windowId"": 11077022, ""processId"": 130912, ""offscreen"": false, ""bounds"": ""1636;275;253;41"", ""authorization"": ""User authorized native fallback for real Windows testing""}"
2026-10-05T08:11:47.0937655Z,video/2026-10-05 11-02-01.mkv,585.866,physical-scancode-chord,"{""utc"": ""2026-10-05T08:11:47.0937655Z"", ""action"": ""physical-scancode-chord"", ""windowId"": 11077022, ""pid"": 130912, ""chord"": ""Escape"", ""scancodes"": [1], ""injection"": ""keybd_event KEYEVENTF_SCANCODE; normal Windows input path""}"
2026-10-05T08:11:47.5135850Z,video/2026-10-05 11-02-01.mkv,586.286,native-uia-observed-pointer-click,"{""utc"": ""2026-10-05T08:11:47.5135850Z"", ""action"": ""native-uia-observed-pointer-click"", ""button"": ""Notes"", ""observedOrdinal"": 0, ""expectedMatches"": 1, ""windowId"": 11077022, ""processId"": 130912, ""offscreen"": false, ""bounds"": ""1582;402;55;38"", ""authorization"": ""User authorized native fallback for real Windows testing""}"
2026-10-05T08:11:48.8001530Z,video/2026-10-05 11-02-01.mkv,587.572,native-uia-observed-pointer-click,"{""utc"": ""2026-10-05T08:11:48.8001530Z"", ""action"": ""native-uia-observed-pointer-click"", ""button"": ""Open larger notes editor"", ""observedOrdinal"": 0, ""expectedMatches"": 1, ""windowId"": 11077022, ""processId"": 130912, ""offscreen"": false, ""bounds"": ""1817;541;35;36"", ""authorization"": ""User authorized native fallback for real Windows testing""}"
2026-10-05T08:11:50.0306638Z,video/2026-10-05 11-02-01.mkv,588.803,physical-scancode-chord,"{""utc"": ""2026-10-05T08:11:50.0306638Z"", ""action"": ""physical-scancode-chord"", ""windowId"": 11077022, ""pid"": 130912, ""chord"": ""Escape"", ""scancodes"": [1], ""injection"": ""keybd_event KEYEVENTF_SCANCODE; normal Windows input path""}"
2026-10-05T08:11:50.4625557Z,video/2026-10-05 11-02-01.mkv,589.235,native-uia-observed-pointer-click,"{""utc"": ""2026-10-05T08:11:50.4625557Z"", ""action"": ""native-uia-observed-pointer-click"", ""button"": ""Notes"", ""observedOrdinal"": 0, ""expectedMatches"": 1, ""windowId"": 11077022, ""processId"": 130912, ""offscreen"": false, ""bounds"": ""1582;402;55;38"", ""authorization"": ""User authorized native fallback for real Windows testing""}"
2026-10-05T08:11:51.7592457Z,video/2026-10-05 11-02-01.mkv,590.531,physical-scancode-chord,"{""utc"": ""2026-10-05T08:11:51.7592457Z"", ""action"": ""physical-scancode-chord"", ""windowId"": 11077022, ""pid"": 130912, ""chord"": ""Ctrl+End"", ""scancodes"": [29, 79], ""injection"": ""keybd_event KEYEVENTF_SCANCODE; normal Windows input path""}"
2026-10-05T08:11:52.5323011Z,video/2026-10-05 11-02-01.mkv,591.304,physical-scancode-chord,"{""utc"": ""2026-10-05T08:11:52.5323011Z"", ""action"": ""physical-scancode-chord"", ""windowId"": 11077022, ""pid"": 130912, ""chord"": ""Ctrl+Home"", ""scancodes"": [29, 71], ""injection"": ""keybd_event KEYEVENTF_SCANCODE; normal Windows input path""}"
2026-10-05T08:11:53.6124676Z,video/2026-10-05 11-02-01.mkv,592.384,fresh-observed-physical-hover,"{""utc"": ""2026-10-05T08:11:53.6124676Z"", ""action"": ""fresh-observed-physical-hover"", ""name"": ""Task title: M7 CI944 LongUnbrokenTitleForNarrowBoardOverflowAndAccessibleFullTitleValidation1234567890"", ""tag"": ""system-light-normal"", ""windowId"": 11077022, ""x"": 1668, ""y"": 732}"
2026-10-05T08:11:55.0432306Z,video/2026-10-05 11-02-01.mkv,593.815,native-uia-invoke,"{""utc"": ""2026-10-05T08:11:55.0432306Z"", ""action"": ""native-uia-invoke"", ""button"": ""Compact view"", ""observedOrdinal"": 0, ""expectedMatches"": 1, ""windowId"": 11077022, ""processId"": 130912, ""offscreen"": false, ""bounds"": ""1865;20;40;40"", ""authorization"": ""User authorized native fallback for real Windows testing""}"
2026-10-05T08:11:56.0085354Z,video/2026-10-05 11-02-01.mkv,594.781,native-uia-observed-pointer-click,"{""utc"": ""2026-10-05T08:11:56.0085354Z"", ""action"": ""native-uia-observed-pointer-click"", ""button"": ""Expand Floating Timer"", ""observedOrdinal"": 0, ""expectedMatches"": 1, ""windowId"": 11077022, ""processId"": 130912, ""offscreen"": false, ""bounds"": ""1209;688;40;40"", ""authorization"": ""User authorized native fallback for real Windows testing""}"
2026-10-05T08:11:57.3559196Z,video/2026-10-05 11-02-01.mkv,596.128,fresh-observed-physical-hover,"{""utc"": ""2026-10-05T08:11:57.3559196Z"", ""action"": ""fresh-observed-physical-hover"", ""name"": ""Start break"", ""tag"": ""system-light-normal"", ""windowId"": 11077022, ""x"": 876, ""y"": 688}"
2026-10-05T08:11:58.8874085Z,video/2026-10-05 11-02-01.mkv,597.659,fresh-observed-physical-hover,"{""utc"": ""2026-10-05T08:11:58.8874085Z"", ""action"": ""fresh-observed-physical-hover"", ""name"": ""Notes"", ""tag"": ""system-light-normal"", ""windowId"": 11077022, ""x"": 946, ""y"": 688}"
2026-10-05T08:12:00.4542333Z,video/2026-10-05 11-02-01.mkv,599.226,fresh-observed-physical-hover,"{""utc"": ""2026-10-05T08:12:00.4542333Z"", ""action"": ""fresh-observed-physical-hover"", ""name"": ""Resume"", ""tag"": ""system-light-normal"", ""windowId"": 11077022, ""x"": 1018, ""y"": 688}"
2026-10-05T08:12:01.9936956Z,video/2026-10-05 11-02-01.mkv,600.766,fresh-observed-physical-hover,"{""utc"": ""2026-10-05T08:12:01.9936956Z"", ""action"": ""fresh-observed-physical-hover"", ""name"": ""Skip task"", ""tag"": ""system-light-normal"", ""windowId"": 11077022, ""x"": 1088, ""y"": 688}"
2026-10-05T08:12:03.5266988Z,video/2026-10-05 11-02-01.mkv,602.299,fresh-observed-physical-hover,"{""utc"": ""2026-10-05T08:12:03.5266988Z"", ""action"": ""fresh-observed-physical-hover"", ""name"": ""Complete task"", ""tag"": ""system-light-normal"", ""windowId"": 11077022, ""x"": 1158, ""y"": 688}"
2026-10-05T08:12:05.0583987Z,video/2026-10-05 11-02-01.mkv,603.83,fresh-observed-physical-hover,"{""utc"": ""2026-10-05T08:12:05.0583987Z"", ""action"": ""fresh-observed-physical-hover"", ""name"": ""Return to Focus Panel"", ""tag"": ""system-light-normal"", ""windowId"": 11077022, ""x"": 1228, ""y"": 688}"
2026-10-05T08:12:06.3955481Z,video/2026-10-05 11-02-01.mkv,605.168,native-uia-observed-pointer-click,"{""utc"": ""2026-10-05T08:12:06.3955481Z"", ""action"": ""native-uia-observed-pointer-click"", ""button"": ""Notes"", ""observedOrdinal"": 0, ""expectedMatches"": 1, ""windowId"": 11077022, ""processId"": 130912, ""offscreen"": false, ""bounds"": ""926;667;41;41"", ""authorization"": ""User authorized native fallback for real Windows testing""}"
2026-10-05T08:12:07.5760450Z,video/2026-10-05 11-02-01.mkv,606.348,native-uia-observed-pointer-click,"{""utc"": ""2026-10-05T08:12:07.5760450Z"", ""action"": ""native-uia-observed-pointer-click"", ""button"": ""Notes"", ""observedOrdinal"": 0, ""expectedMatches"": 1, ""windowId"": 11077022, ""processId"": 130912, ""offscreen"": false, ""bounds"": ""926;667;41;41"", ""authorization"": ""User authorized native fallback for real Windows testing""}"
2026-10-05T08:12:08.5333554Z,video/2026-10-05 11-02-01.mkv,607.305,native-uia-observed-pointer-click,"{""utc"": ""2026-10-05T08:12:08.5333554Z"", ""action"": ""native-uia-observed-pointer-click"", ""button"": ""Collapse Floating Timer"", ""observedOrdinal"": 0, ""expectedMatches"": 1, ""windowId"": 11077022, ""processId"": 130912, ""offscreen"": false, ""bounds"": ""1209;728;40;41"", ""authorization"": ""User authorized native fallback for real Windows testing""}"
2026-10-05T08:12:09.7452396Z,video/2026-10-05 11-02-01.mkv,608.517,physical-scancode-chord,"{""utc"": ""2026-10-05T08:12:09.7452396Z"", ""action"": ""physical-scancode-chord"", ""windowId"": 11077022, ""pid"": 130912, ""chord"": ""Ctrl+Shift+P"", ""scancodes"": [29, 42, 25], ""injection"": ""keybd_event KEYEVENTF_SCANCODE; normal Windows input path""}"
2026-10-05T08:12:12.0777061Z,video/2026-10-05 11-02-01.mkv,610.85,native-uia-invoke,"{""utc"": ""2026-10-05T08:12:12.0777061Z"", ""action"": ""native-uia-invoke"", ""button"": ""Return to Focus Panel"", ""observedOrdinal"": 0, ""expectedMatches"": 1, ""windowId"": 11077022, ""processId"": 130912, ""offscreen"": false, ""bounds"": ""1196;638;41;41"", ""authorization"": ""User authorized native fallback for real Windows testing""}"
2026-10-05T08:12:27.7963557Z,video/2026-10-05 11-02-01.mkv,626.568,os-client-area-animation,"{""utc"": ""2026-10-05T08:12:27.7963557Z"", ""action"": ""os-client-area-animation"", ""request"": ""reduced"", ""before"": 1, ""after"": 0}"
2026-10-05T08:12:28.5497156Z,video/2026-10-05 11-02-01.mkv,627.322,native-uia-observed-pointer-click,"{""utc"": ""2026-10-05T08:12:28.5497156Z"", ""action"": ""native-uia-observed-pointer-click"", ""button"": ""Task actions"", ""observedOrdinal"": 0, ""expectedMatches"": 1, ""windowId"": 72353300, ""processId"": 130912, ""offscreen"": false, ""bounds"": ""1030;380;21;36"", ""authorization"": ""User authorized native fallback for real Windows testing""}"
2026-10-05T08:12:29.0662398Z,video/2026-10-05 11-02-01.mkv,627.838,native-uia-invoke,"{""utc"": ""2026-10-05T08:12:29.0662398Z"", ""action"": ""native-uia-invoke"", ""button"": ""Delete"", ""windowId"": 72353300, ""processId"": 130912, ""offscreen"": false, ""bounds"": ""853;578;199;50"", ""authorization"": ""User authorized native fallback for real Windows testing""}"
2026-10-05T08:12:30.3653075Z,video/2026-10-05 11-02-01.mkv,629.137,native-uia-invoke,"{""utc"": ""2026-10-05T08:12:30.3653075Z"", ""action"": ""native-uia-invoke"", ""button"": ""Cancel permanent task deletion"", ""windowId"": 72353300, ""processId"": 130912, ""offscreen"": false, ""bounds"": ""1016;584;36;36"", ""authorization"": ""User authorized native fallback for real Windows testing""}"
2026-10-05T08:12:30.7699728Z,video/2026-10-05 11-02-01.mkv,629.542,physical-scancode-chord,"{""utc"": ""2026-10-05T08:12:30.7699728Z"", ""action"": ""physical-scancode-chord"", ""windowId"": 72353300, ""pid"": 130912, ""chord"": ""Escape"", ""scancodes"": [1], ""injection"": ""keybd_event KEYEVENTF_SCANCODE; normal Windows input path""}"
2026-10-05T08:12:31.1872589Z,video/2026-10-05 11-02-01.mkv,629.959,native-uia-invoke,"{""utc"": ""2026-10-05T08:12:31.1872589Z"", ""action"": ""native-uia-invoke"", ""button"": ""Edit Est: —"", ""observedOrdinal"": 1, ""expectedMatches"": 2, ""windowId"": 72353300, ""processId"": 130912, ""offscreen"": false, ""bounds"": ""887;420;77;31"", ""authorization"": ""User authorized native fallback for real Windows testing""}"
2026-10-05T08:12:31.8536714Z,video/2026-10-05 11-02-01.mkv,630.626,native-uia-invoke,"{""utc"": ""2026-10-05T08:12:31.8536714Z"", ""action"": ""native-uia-invoke"", ""button"": ""Cancel metric edit"", ""observedOrdinal"": 0, ""expectedMatches"": 1, ""windowId"": 72353300, ""processId"": 130912, ""offscreen"": false, ""bounds"": ""975;380;21;36"", ""authorization"": ""User authorized native fallback for real Windows testing""}"
2026-10-05T08:12:32.1792224Z,video/2026-10-05 11-02-01.mkv,630.951,native-uia-invoke,"{""utc"": ""2026-10-05T08:12:32.1792224Z"", ""action"": ""native-uia-invoke"", ""button"": ""Edit Taken: 0m"", ""observedOrdinal"": 1, ""expectedMatches"": 2, ""windowId"": 72353300, ""processId"": 130912, ""offscreen"": false, ""bounds"": ""974;420;77;31"", ""authorization"": ""User authorized native fallback for real Windows testing""}"
2026-10-05T08:12:32.7852243Z,video/2026-10-05 11-02-01.mkv,631.557,physical-scancode-chord,"{""utc"": ""2026-10-05T08:12:32.7852243Z"", ""action"": ""physical-scancode-chord"", ""windowId"": 72353300, ""pid"": 130912, ""chord"": ""Escape"", ""scancodes"": [1], ""injection"": ""keybd_event KEYEVENTF_SCANCODE; normal Windows input path""}"
2026-10-05T08:12:33.8334361Z,video/2026-10-05 11-02-01.mkv,632.605,os-client-area-animation,"{""utc"": ""2026-10-05T08:12:33.8334361Z"", ""action"": ""os-client-area-animation"", ""request"": ""reduced"", ""before"": 0, ""after"": 0}"
2026-10-05T08:12:34.2103619Z,video/2026-10-05 11-02-01.mkv,632.982,native-uia-invoke,"{""utc"": ""2026-10-05T08:12:34.2103619Z"", ""action"": ""native-uia-invoke"", ""button"": ""Edit EST: 0:30:00"", ""observedOrdinal"": 0, ""expectedMatches"": 1, ""windowId"": 11077022, ""processId"": 130912, ""offscreen"": false, ""bounds"": ""1636;230;253;41"", ""authorization"": ""User authorized native fallback for real Windows testing""}"
2026-10-05T08:12:35.2967622Z,video/2026-10-05 11-02-01.mkv,634.069,native-uia-invoke,"{""utc"": ""2026-10-05T08:12:35.2967622Z"", ""action"": ""native-uia-invoke"", ""button"": ""Cancel EST edit"", ""observedOrdinal"": 0, ""expectedMatches"": 1, ""windowId"": 11077022, ""processId"": 130912, ""offscreen"": false, ""bounds"": ""1794;230;45;41"", ""authorization"": ""User authorized native fallback for real Windows testing""}"
2026-10-05T08:12:36.0727710Z,video/2026-10-05 11-02-01.mkv,634.845,native-uia-invoke,"{""utc"": ""2026-10-05T08:12:36.0727710Z"", ""action"": ""native-uia-invoke"", ""button"": ""Edit Time Taken: 0:14:06"", ""observedOrdinal"": 0, ""expectedMatches"": 1, ""windowId"": 11077022, ""processId"": 130912, ""offscreen"": false, ""bounds"": ""1636;275;253;41"", ""authorization"": ""User authorized native fallback for real Windows testing""}"
2026-10-05T08:12:37.1195728Z,video/2026-10-05 11-02-01.mkv,635.892,physical-scancode-chord,"{""utc"": ""2026-10-05T08:12:37.1195728Z"", ""action"": ""physical-scancode-chord"", ""windowId"": 11077022, ""pid"": 130912, ""chord"": ""Escape"", ""scancodes"": [1], ""injection"": ""keybd_event KEYEVENTF_SCANCODE; normal Windows input path""}"
2026-10-05T08:12:37.5432368Z,video/2026-10-05 11-02-01.mkv,636.315,native-uia-observed-pointer-click,"{""utc"": ""2026-10-05T08:12:37.5432368Z"", ""action"": ""native-uia-observed-pointer-click"", ""button"": ""Notes"", ""observedOrdinal"": 0, ""expectedMatches"": 1, ""windowId"": 11077022, ""processId"": 130912, ""offscreen"": false, ""bounds"": ""1582;402;55;38"", ""authorization"": ""User authorized native fallback for real Windows testing""}"
2026-10-05T08:12:38.8096175Z,video/2026-10-05 11-02-01.mkv,637.582,native-uia-observed-pointer-click,"{""utc"": ""2026-10-05T08:12:38.8096175Z"", ""action"": ""native-uia-observed-pointer-click"", ""button"": ""Open larger notes editor"", ""observedOrdinal"": 0, ""expectedMatches"": 1, ""windowId"": 11077022, ""processId"": 130912, ""offscreen"": false, ""bounds"": ""1817;541;35;36"", ""authorization"": ""User authorized native fallback for real Windows testing""}"
2026-10-05T08:12:40.0433300Z,video/2026-10-05 11-02-01.mkv,638.815,physical-scancode-chord,"{""utc"": ""2026-10-05T08:12:40.0433300Z"", ""action"": ""physical-scancode-chord"", ""windowId"": 11077022, ""pid"": 130912, ""chord"": ""Escape"", ""scancodes"": [1], ""injection"": ""keybd_event KEYEVENTF_SCANCODE; normal Windows input path""}"
2026-10-05T08:12:40.4722580Z,video/2026-10-05 11-02-01.mkv,639.244,native-uia-observed-pointer-click,"{""utc"": ""2026-10-05T08:12:40.4722580Z"", ""action"": ""native-uia-observed-pointer-click"", ""button"": ""Notes"", ""observedOrdinal"": 0, ""expectedMatches"": 1, ""windowId"": 11077022, ""processId"": 130912, ""offscreen"": false, ""bounds"": ""1582;402;55;38"", ""authorization"": ""User authorized native fallback for real Windows testing""}"
2026-10-05T08:12:41.7548957Z,video/2026-10-05 11-02-01.mkv,640.527,physical-scancode-chord,"{""utc"": ""2026-10-05T08:12:41.7548957Z"", ""action"": ""physical-scancode-chord"", ""windowId"": 11077022, ""pid"": 130912, ""chord"": ""Ctrl+End"", ""scancodes"": [29, 79], ""injection"": ""keybd_event KEYEVENTF_SCANCODE; normal Windows input path""}"
2026-10-05T08:12:42.5341991Z,video/2026-10-05 11-02-01.mkv,641.306,physical-scancode-chord,"{""utc"": ""2026-10-05T08:12:42.5341991Z"", ""action"": ""physical-scancode-chord"", ""windowId"": 11077022, ""pid"": 130912, ""chord"": ""Ctrl+Home"", ""scancodes"": [29, 71], ""injection"": ""keybd_event KEYEVENTF_SCANCODE; normal Windows input path""}"
2026-10-05T08:12:43.6290856Z,video/2026-10-05 11-02-01.mkv,642.401,fresh-observed-physical-hover,"{""utc"": ""2026-10-05T08:12:43.6290856Z"", ""action"": ""fresh-observed-physical-hover"", ""name"": ""Task title: M7 CI944 LongUnbrokenTitleForNarrowBoardOverflowAndAccessibleFullTitleValidation1234567890"", ""tag"": ""system-light-reduced"", ""windowId"": 11077022, ""x"": 1668, ""y"": 732}"
2026-10-05T08:12:45.1590969Z,video/2026-10-05 11-02-01.mkv,643.931,native-uia-invoke,"{""utc"": ""2026-10-05T08:12:45.1590969Z"", ""action"": ""native-uia-invoke"", ""button"": ""Compact view"", ""observedOrdinal"": 0, ""expectedMatches"": 1, ""windowId"": 11077022, ""processId"": 130912, ""offscreen"": false, ""bounds"": ""1865;20;40;40"", ""authorization"": ""User authorized native fallback for real Windows testing""}"
2026-10-05T08:12:46.1325421Z,video/2026-10-05 11-02-01.mkv,644.905,native-uia-observed-pointer-click,"{""utc"": ""2026-10-05T08:12:46.1325421Z"", ""action"": ""native-uia-observed-pointer-click"", ""button"": ""Expand Floating Timer"", ""observedOrdinal"": 0, ""expectedMatches"": 1, ""windowId"": 11077022, ""processId"": 130912, ""offscreen"": false, ""bounds"": ""1209;688;40;40"", ""authorization"": ""User authorized native fallback for real Windows testing""}"
2026-10-05T08:12:47.4737088Z,video/2026-10-05 11-02-01.mkv,646.246,fresh-observed-physical-hover,"{""utc"": ""2026-10-05T08:12:47.4737088Z"", ""action"": ""fresh-observed-physical-hover"", ""name"": ""Start break"", ""tag"": ""system-light-reduced"", ""windowId"": 11077022, ""x"": 876, ""y"": 688}"
2026-10-05T08:12:49.0112265Z,video/2026-10-05 11-02-01.mkv,647.783,fresh-observed-physical-hover,"{""utc"": ""2026-10-05T08:12:49.0112265Z"", ""action"": ""fresh-observed-physical-hover"", ""name"": ""Notes"", ""tag"": ""system-light-reduced"", ""windowId"": 11077022, ""x"": 946, ""y"": 688}"
2026-10-05T08:12:50.5381875Z,video/2026-10-05 11-02-01.mkv,649.31,fresh-observed-physical-hover,"{""utc"": ""2026-10-05T08:12:50.5381875Z"", ""action"": ""fresh-observed-physical-hover"", ""name"": ""Resume"", ""tag"": ""system-light-reduced"", ""windowId"": 11077022, ""x"": 1018, ""y"": 688}"
2026-10-05T08:12:52.0627487Z,video/2026-10-05 11-02-01.mkv,650.835,fresh-observed-physical-hover,"{""utc"": ""2026-10-05T08:12:52.0627487Z"", ""action"": ""fresh-observed-physical-hover"", ""name"": ""Skip task"", ""tag"": ""system-light-reduced"", ""windowId"": 11077022, ""x"": 1088, ""y"": 688}"
2026-10-05T08:12:53.5952337Z,video/2026-10-05 11-02-01.mkv,652.367,fresh-observed-physical-hover,"{""utc"": ""2026-10-05T08:12:53.5952337Z"", ""action"": ""fresh-observed-physical-hover"", ""name"": ""Complete task"", ""tag"": ""system-light-reduced"", ""windowId"": 11077022, ""x"": 1158, ""y"": 688}"
2026-10-05T08:12:55.1284870Z,video/2026-10-05 11-02-01.mkv,653.9,fresh-observed-physical-hover,"{""utc"": ""2026-10-05T08:12:55.1284870Z"", ""action"": ""fresh-observed-physical-hover"", ""name"": ""Return to Focus Panel"", ""tag"": ""system-light-reduced"", ""windowId"": 11077022, ""x"": 1228, ""y"": 688}"
2026-10-05T08:12:56.4983461Z,video/2026-10-05 11-02-01.mkv,655.27,native-uia-observed-pointer-click,"{""utc"": ""2026-10-05T08:12:56.4983461Z"", ""action"": ""native-uia-observed-pointer-click"", ""button"": ""Notes"", ""observedOrdinal"": 0, ""expectedMatches"": 1, ""windowId"": 11077022, ""processId"": 130912, ""offscreen"": false, ""bounds"": ""926;667;41;41"", ""authorization"": ""User authorized native fallback for real Windows testing""}"
2026-10-05T08:12:57.6469393Z,video/2026-10-05 11-02-01.mkv,656.419,native-uia-observed-pointer-click,"{""utc"": ""2026-10-05T08:12:57.6469393Z"", ""action"": ""native-uia-observed-pointer-click"", ""button"": ""Notes"", ""observedOrdinal"": 0, ""expectedMatches"": 1, ""windowId"": 11077022, ""processId"": 130912, ""offscreen"": false, ""bounds"": ""926;667;41;41"", ""authorization"": ""User authorized native fallback for real Windows testing""}"
2026-10-05T08:12:58.5901035Z,video/2026-10-05 11-02-01.mkv,657.362,native-uia-observed-pointer-click,"{""utc"": ""2026-10-05T08:12:58.5901035Z"", ""action"": ""native-uia-observed-pointer-click"", ""button"": ""Collapse Floating Timer"", ""observedOrdinal"": 0, ""expectedMatches"": 1, ""windowId"": 11077022, ""processId"": 130912, ""offscreen"": false, ""bounds"": ""1209;728;40;41"", ""authorization"": ""User authorized native fallback for real Windows testing""}"
2026-10-05T08:12:59.7287804Z,video/2026-10-05 11-02-01.mkv,658.501,physical-scancode-chord,"{""utc"": ""2026-10-05T08:12:59.7287804Z"", ""action"": ""physical-scancode-chord"", ""windowId"": 11077022, ""pid"": 130912, ""chord"": ""Ctrl+Shift+P"", ""scancodes"": [29, 42, 25], ""injection"": ""keybd_event KEYEVENTF_SCANCODE; normal Windows input path""}"
2026-10-05T08:13:02.0507684Z,video/2026-10-05 11-02-01.mkv,660.823,native-uia-invoke,"{""utc"": ""2026-10-05T08:13:02.0507684Z"", ""action"": ""native-uia-invoke"", ""button"": ""Return to Focus Panel"", ""observedOrdinal"": 0, ""expectedMatches"": 1, ""windowId"": 11077022, ""processId"": 130912, ""offscreen"": false, ""bounds"": ""1196;638;41;41"", ""authorization"": ""User authorized native fallback for real Windows testing""}"
2026-10-05T08:14:01.4371830Z,video/2026-10-05 11-02-01.mkv,720.209,observed-Windows-color-dark-restore,"{""utc"": ""2026-10-05T08:14:01.4371830Z"", ""action"": ""observed-Windows-color-dark-restore"", ""windowId"": 32508908, ""x"": 605, ""y"": 518}"
2026-10-05T08:14:08.8157421Z,video/2026-10-05 11-02-01.mkv,727.588,native-uia-invoke,"{""utc"": ""2026-10-05T08:14:08.8157421Z"", ""action"": ""native-uia-invoke"", ""button"": ""Settings"", ""observedOrdinal"": 0, ""expectedMatches"": 1, ""windowId"": 72353300, ""processId"": 130912, ""offscreen"": false, ""bounds"": ""1789;42;106;51"", ""authorization"": ""User authorized native fallback for real Windows testing""}"
2026-10-05T08:14:09.1557727Z,video/2026-10-05 11-02-01.mkv,727.928,native-uia-observed-pointer-click,"{""utc"": ""2026-10-05T08:14:09.1557727Z"", ""action"": ""native-uia-observed-pointer-click"", ""button"": ""Light theme — Use Narro's light surfaces"", ""observedOrdinal"": 0, ""expectedMatches"": 1, ""windowId"": 72353300, ""processId"": 130912, ""offscreen"": false, ""bounds"": ""1396;751;98;45"", ""authorization"": ""User authorized native fallback for real Windows testing""}"
2026-10-05T08:14:09.8374823Z,video/2026-10-05 11-02-01.mkv,728.609,os-client-area-animation,"{""utc"": ""2026-10-05T08:14:09.8374823Z"", ""action"": ""os-client-area-animation"", ""request"": ""normal"", ""before"": 0, ""after"": 1}"
2026-10-05T08:14:09.9057863Z,video/2026-10-05 11-02-01.mkv,728.678,native-uia-invoke,"{""utc"": ""2026-10-05T08:14:09.9057863Z"", ""action"": ""native-uia-invoke"", ""button"": ""Stop Recording"", ""observedOrdinal"": 0, ""expectedMatches"": 1, ""windowId"": 3149438, ""processId"": 43648, ""offscreen"": false, ""bounds"": ""-30428;-31236;298;45"", ""authorization"": ""User authorized native fallback for real Windows testing""}"
2026-10-05T08:15:16.0731138Z,,,native-uia-invoke,"{""utc"": ""2026-10-05T08:15:16.0731138Z"", ""action"": ""native-uia-invoke"", ""button"": ""Home"", ""observedOrdinal"": 0, ""expectedMatches"": 1, ""windowId"": 72353300, ""processId"": 130912, ""offscreen"": false, ""bounds"": ""915;1020;161;51"", ""authorization"": ""User authorized native fallback for real Windows testing""}"
2026-10-05T08:15:57.8180886Z,,,physical-mouse-wheel,"{""utc"": ""2026-10-05T08:15:57.8180886Z"", ""action"": ""physical-mouse-wheel"", ""windowId"": 32508908, ""x"": 1000, ""y"": 800, ""delta"": -600}"
2026-10-05T08:16:21.4587627Z,,,native-uia-invoke,"{""utc"": ""2026-10-05T08:16:21.4587627Z"", ""action"": ""native-uia-invoke"", ""button"": ""Start Recording"", ""observedOrdinal"": 0, ""expectedMatches"": 1, ""windowId"": 3149438, ""processId"": 43648, ""offscreen"": false, ""bounds"": ""-30428;-31236;343;45"", ""authorization"": ""User authorized native fallback for real Windows testing""}"
2026-10-05T08:16:22.1544169Z,video/2026-10-05 11-16-21.mkv,0.556,observed-Windows-scale-combo-open,"{""utc"": ""2026-10-05T08:16:22.1544169Z"", ""action"": ""observed-Windows-scale-combo-open"", ""windowId"": 32508908, ""x"": 605, ""y"": 373}"
2026-10-05T08:16:43.2104325Z,video/2026-10-05 11-16-21.mkv,21.612,observed-Windows-real-scale100,"{""utc"": ""2026-10-05T08:16:43.2104325Z"", ""action"": ""observed-Windows-real-scale100"", ""windowId"": 32508908, ""x"": 605, ""y"": 333}"
2026-10-05T08:16:46.6300555Z,video/2026-10-05 11-16-21.mkv,25.032,native-uia-invoke,"{""utc"": ""2026-10-05T08:16:46.6300555Z"", ""action"": ""native-uia-invoke"", ""button"": ""Open"", ""observedOrdinal"": 4, ""expectedMatches"": 6, ""windowId"": 72353300, ""processId"": 130912, ""offscreen"": false, ""bounds"": ""1426;396;104;40"", ""authorization"": ""User authorized native fallback for real Windows testing""}"
2026-10-05T08:17:45.0511845Z,video/2026-10-05 11-16-21.mkv,83.453,os-client-area-animation,"{""utc"": ""2026-10-05T08:17:45.0511845Z"", ""action"": ""os-client-area-animation"", ""request"": ""normal"", ""before"": 1, ""after"": 1}"
2026-10-05T08:17:45.3851990Z,video/2026-10-05 11-16-21.mkv,83.787,native-uia-invoke,"{""utc"": ""2026-10-05T08:17:45.3851990Z"", ""action"": ""native-uia-invoke"", ""button"": ""Edit Est: 30m"", ""observedOrdinal"": 0, ""expectedMatches"": 1, ""windowId"": 72353300, ""processId"": 130912, ""offscreen"": false, ""bounds"": ""1307;534;69;25"", ""authorization"": ""User authorized native fallback for real Windows testing""}"
2026-10-05T08:17:46.1893344Z,video/2026-10-05 11-16-21.mkv,84.591,physical-scancode-chord,"{""utc"": ""2026-10-05T08:17:46.1893344Z"", ""action"": ""physical-scancode-chord"", ""windowId"": 72353300, ""pid"": 130912, ""chord"": ""Ctrl+A"", ""scancodes"": [29, 30], ""injection"": ""keybd_event KEYEVENTF_SCANCODE; normal Windows input path""}"
2026-10-05T08:17:46.8362330Z,video/2026-10-05 11-16-21.mkv,85.238,observed-unicode-SendInput,"{""utc"": ""2026-10-05T08:17:46.8362330Z"", ""action"": ""observed-unicode-SendInput"", ""windowId"": 72353300, ""pid"": 130912, ""field"": ""Est duration in H:MM:SS"", ""text"": ""0:31:00"", ""controlCharactersAllowed"": false}"
2026-10-05T08:17:47.3602833Z,video/2026-10-05 11-16-21.mkv,85.762,observed-text-value-after-input,"{""utc"": ""2026-10-05T08:17:47.3602833Z"", ""action"": ""observed-text-value-after-input"", ""windowId"": 72353300, ""field"": ""Est duration in H:MM:SS"", ""value"": ""0:31:00"", ""expectedTextPresent"": true}"
2026-10-05T08:17:47.8053303Z,video/2026-10-05 11-16-21.mkv,86.207,native-uia-invoke,"{""utc"": ""2026-10-05T08:17:47.8053303Z"", ""action"": ""native-uia-invoke"", ""button"": ""Save metric"", ""observedOrdinal"": 0, ""expectedMatches"": 1, ""windowId"": 72353300, ""processId"": 130912, ""offscreen"": false, ""bounds"": ""1423;502;16;29"", ""authorization"": ""User authorized native fallback for real Windows testing""}"
2026-10-05T08:17:48.5410357Z,video/2026-10-05 11-16-21.mkv,86.943,native-uia-invoke,"{""utc"": ""2026-10-05T08:17:48.5410357Z"", ""action"": ""native-uia-invoke"", ""button"": ""Edit Est: 31m"", ""observedOrdinal"": 0, ""expectedMatches"": 1, ""windowId"": 72353300, ""processId"": 130912, ""offscreen"": false, ""bounds"": ""1307;534;69;25"", ""authorization"": ""User authorized native fallback for real Windows testing""}"
2026-10-05T08:17:49.2061894Z,video/2026-10-05 11-16-21.mkv,87.608,physical-scancode-chord,"{""utc"": ""2026-10-05T08:17:49.2061894Z"", ""action"": ""physical-scancode-chord"", ""windowId"": 72353300, ""pid"": 130912, ""chord"": ""Ctrl+A"", ""scancodes"": [29, 30], ""injection"": ""keybd_event KEYEVENTF_SCANCODE; normal Windows input path""}"
2026-10-05T08:17:49.7350102Z,video/2026-10-05 11-16-21.mkv,88.137,observed-unicode-SendInput,"{""utc"": ""2026-10-05T08:17:49.7350102Z"", ""action"": ""observed-unicode-SendInput"", ""windowId"": 72353300, ""pid"": 130912, ""field"": ""Est duration in H:MM:SS"", ""text"": ""0:30:00"", ""controlCharactersAllowed"": false}"
2026-10-05T08:17:50.2571448Z,video/2026-10-05 11-16-21.mkv,88.659,observed-text-value-after-input,"{""utc"": ""2026-10-05T08:17:50.2571448Z"", ""action"": ""observed-text-value-after-input"", ""windowId"": 72353300, ""field"": ""Est duration in H:MM:SS"", ""value"": ""0:30:00"", ""expectedTextPresent"": true}"
2026-10-05T08:17:50.5793309Z,video/2026-10-05 11-16-21.mkv,88.981,native-uia-invoke,"{""utc"": ""2026-10-05T08:17:50.5793309Z"", ""action"": ""native-uia-invoke"", ""button"": ""Save metric"", ""observedOrdinal"": 0, ""expectedMatches"": 1, ""windowId"": 72353300, ""processId"": 130912, ""offscreen"": false, ""bounds"": ""1423;502;16;29"", ""authorization"": ""User authorized native fallback for real Windows testing""}"
2026-10-05T08:17:51.2948117Z,video/2026-10-05 11-16-21.mkv,89.697,native-uia-invoke,"{""utc"": ""2026-10-05T08:17:51.2948117Z"", ""action"": ""native-uia-invoke"", ""button"": ""Edit Taken: 15m"", ""observedOrdinal"": 0, ""expectedMatches"": 1, ""windowId"": 72353300, ""processId"": 130912, ""offscreen"": false, ""bounds"": ""1383;534;68;25"", ""authorization"": ""User authorized native fallback for real Windows testing""}"
2026-10-05T08:17:51.9486891Z,video/2026-10-05 11-16-21.mkv,90.351,physical-scancode-chord,"{""utc"": ""2026-10-05T08:17:51.9486891Z"", ""action"": ""physical-scancode-chord"", ""windowId"": 72353300, ""pid"": 130912, ""chord"": ""Ctrl+A"", ""scancodes"": [29, 30], ""injection"": ""keybd_event KEYEVENTF_SCANCODE; normal Windows input path""}"
2026-10-05T08:17:52.4804571Z,video/2026-10-05 11-16-21.mkv,90.882,observed-unicode-SendInput,"{""utc"": ""2026-10-05T08:17:52.4804571Z"", ""action"": ""observed-unicode-SendInput"", ""windowId"": 72353300, ""pid"": 130912, ""field"": ""Taken duration in H:MM:SS"", ""text"": ""0:15:06"", ""controlCharactersAllowed"": false}"
2026-10-05T08:17:53.0028664Z,video/2026-10-05 11-16-21.mkv,91.405,observed-text-value-after-input,"{""utc"": ""2026-10-05T08:17:53.0028664Z"", ""action"": ""observed-text-value-after-input"", ""windowId"": 72353300, ""field"": ""Taken duration in H:MM:SS"", ""value"": ""0:15:06"", ""expectedTextPresent"": true}"
2026-10-05T08:17:53.3162858Z,video/2026-10-05 11-16-21.mkv,91.718,native-uia-invoke,"{""utc"": ""2026-10-05T08:17:53.3162858Z"", ""action"": ""native-uia-invoke"", ""button"": ""Save metric"", ""observedOrdinal"": 0, ""expectedMatches"": 1, ""windowId"": 72353300, ""processId"": 130912, ""offscreen"": false, ""bounds"": ""1423;502;16;29"", ""authorization"": ""User authorized native fallback for real Windows testing""}"
2026-10-05T08:17:54.0056872Z,video/2026-10-05 11-16-21.mkv,92.408,native-uia-invoke,"{""utc"": ""2026-10-05T08:17:54.0056872Z"", ""action"": ""native-uia-invoke"", ""button"": ""Edit Taken: 16m"", ""observedOrdinal"": 0, ""expectedMatches"": 1, ""windowId"": 72353300, ""processId"": 130912, ""offscreen"": false, ""bounds"": ""1383;534;68;25"", ""authorization"": ""User authorized native fallback for real Windows testing""}"
2026-10-05T08:17:54.6755185Z,video/2026-10-05 11-16-21.mkv,93.078,physical-scancode-chord,"{""utc"": ""2026-10-05T08:17:54.6755185Z"", ""action"": ""physical-scancode-chord"", ""windowId"": 72353300, ""pid"": 130912, ""chord"": ""Ctrl+A"", ""scancodes"": [29, 30], ""injection"": ""keybd_event KEYEVENTF_SCANCODE; normal Windows input path""}"
2026-10-05T08:17:55.2054946Z,video/2026-10-05 11-16-21.mkv,93.607,observed-unicode-SendInput,"{""utc"": ""2026-10-05T08:17:55.2054946Z"", ""action"": ""observed-unicode-SendInput"", ""windowId"": 72353300, ""pid"": 130912, ""field"": ""Taken duration in H:MM:SS"", ""text"": ""0:14:06"", ""controlCharactersAllowed"": false}"
2026-10-05T08:17:55.7221837Z,video/2026-10-05 11-16-21.mkv,94.124,observed-text-value-after-input,"{""utc"": ""2026-10-05T08:17:55.7221837Z"", ""action"": ""observed-text-value-after-input"", ""windowId"": 72353300, ""field"": ""Taken duration in H:MM:SS"", ""value"": ""0:14:06"", ""expectedTextPresent"": true}"
2026-10-05T08:17:56.0343441Z,video/2026-10-05 11-16-21.mkv,94.436,native-uia-invoke,"{""utc"": ""2026-10-05T08:17:56.0343441Z"", ""action"": ""native-uia-invoke"", ""button"": ""Save metric"", ""observedOrdinal"": 0, ""expectedMatches"": 1, ""windowId"": 72353300, ""processId"": 130912, ""offscreen"": false, ""bounds"": ""1423;502;16;29"", ""authorization"": ""User authorized native fallback for real Windows testing""}"
2026-10-05T08:17:57.1041993Z,video/2026-10-05 11-16-21.mkv,95.506,os-client-area-animation,"{""utc"": ""2026-10-05T08:17:57.1041993Z"", ""action"": ""os-client-area-animation"", ""request"": ""normal"", ""before"": 1, ""after"": 1}"
2026-10-05T08:17:57.1395795Z,video/2026-10-05 11-16-21.mkv,95.542,native-uia-invoke,"{""utc"": ""2026-10-05T08:17:57.1395795Z"", ""action"": ""native-uia-invoke"", ""button"": ""Edit EST: 0:30:00"", ""observedOrdinal"": 0, ""expectedMatches"": 1, ""windowId"": 11077022, ""processId"": 130912, ""offscreen"": false, ""bounds"": ""1693;184;202;33"", ""authorization"": ""User authorized native fallback for real Windows testing""}"
2026-10-05T08:17:57.8243820Z,video/2026-10-05 11-16-21.mkv,96.226,physical-scancode-chord,"{""utc"": ""2026-10-05T08:17:57.8243820Z"", ""action"": ""physical-scancode-chord"", ""windowId"": 11077022, ""pid"": 130912, ""chord"": ""Ctrl+A"", ""scancodes"": [29, 30], ""injection"": ""keybd_event KEYEVENTF_SCANCODE; normal Windows input path""}"
2026-10-05T08:17:58.3644054Z,video/2026-10-05 11-16-21.mkv,96.766,observed-unicode-SendInput,"{""utc"": ""2026-10-05T08:17:58.3644054Z"", ""action"": ""observed-unicode-SendInput"", ""windowId"": 11077022, ""pid"": 130912, ""field"": ""EST duration in H:MM:SS"", ""text"": ""0:31:00"", ""controlCharactersAllowed"": false}"
2026-10-05T08:17:58.8802308Z,video/2026-10-05 11-16-21.mkv,97.282,observed-text-value-after-input,"{""utc"": ""2026-10-05T08:17:58.8802308Z"", ""action"": ""observed-text-value-after-input"", ""windowId"": 11077022, ""field"": ""EST duration in H:MM:SS"", ""value"": ""0:31:00"", ""expectedTextPresent"": true}"
2026-10-05T08:17:59.2036982Z,video/2026-10-05 11-16-21.mkv,97.606,native-uia-invoke,"{""utc"": ""2026-10-05T08:17:59.2036982Z"", ""action"": ""native-uia-invoke"", ""button"": ""Save EST"", ""observedOrdinal"": 0, ""expectedMatches"": 1, ""windowId"": 11077022, ""processId"": 130912, ""offscreen"": false, ""bounds"": ""1859;184;36;33"", ""authorization"": ""User authorized native fallback for real Windows testing""}"
2026-10-05T08:17:59.8902083Z,video/2026-10-05 11-16-21.mkv,98.292,native-uia-invoke,"{""utc"": ""2026-10-05T08:17:59.8902083Z"", ""action"": ""native-uia-invoke"", ""button"": ""Edit EST: 0:31:00"", ""observedOrdinal"": 0, ""expectedMatches"": 1, ""windowId"": 11077022, ""processId"": 130912, ""offscreen"": false, ""bounds"": ""1693;184;202;33"", ""authorization"": ""User authorized native fallback for real Windows testing""}"
2026-10-05T08:18:00.5410670Z,video/2026-10-05 11-16-21.mkv,98.943,physical-scancode-chord,"{""utc"": ""2026-10-05T08:18:00.5410670Z"", ""action"": ""physical-scancode-chord"", ""windowId"": 11077022, ""pid"": 130912, ""chord"": ""Ctrl+A"", ""scancodes"": [29, 30], ""injection"": ""keybd_event KEYEVENTF_SCANCODE; normal Windows input path""}"
2026-10-05T08:18:01.0671503Z,video/2026-10-05 11-16-21.mkv,99.469,observed-unicode-SendInput,"{""utc"": ""2026-10-05T08:18:01.0671503Z"", ""action"": ""observed-unicode-SendInput"", ""windowId"": 11077022, ""pid"": 130912, ""field"": ""EST duration in H:MM:SS"", ""text"": ""0:30:00"", ""controlCharactersAllowed"": false}"
2026-10-05T08:18:01.5857314Z,video/2026-10-05 11-16-21.mkv,99.988,observed-text-value-after-input,"{""utc"": ""2026-10-05T08:18:01.5857314Z"", ""action"": ""observed-text-value-after-input"", ""windowId"": 11077022, ""field"": ""EST duration in H:MM:SS"", ""value"": ""0:30:00"", ""expectedTextPresent"": true}"
2026-10-05T08:18:01.8936004Z,video/2026-10-05 11-16-21.mkv,100.296,native-uia-invoke,"{""utc"": ""2026-10-05T08:18:01.8936004Z"", ""action"": ""native-uia-invoke"", ""button"": ""Save EST"", ""observedOrdinal"": 0, ""expectedMatches"": 1, ""windowId"": 11077022, ""processId"": 130912, ""offscreen"": false, ""bounds"": ""1859;184;36;33"", ""authorization"": ""User authorized native fallback for real Windows testing""}"
2026-10-05T08:18:02.5789813Z,video/2026-10-05 11-16-21.mkv,100.981,native-uia-invoke,"{""utc"": ""2026-10-05T08:18:02.5789813Z"", ""action"": ""native-uia-invoke"", ""button"": ""Edit Time Taken: 0:14:06"", ""observedOrdinal"": 0, ""expectedMatches"": 1, ""windowId"": 11077022, ""processId"": 130912, ""offscreen"": false, ""bounds"": ""1693;220;202;33"", ""authorization"": ""User authorized native fallback for real Windows testing""}"
2026-10-05T08:18:03.2522072Z,video/2026-10-05 11-16-21.mkv,101.654,physical-scancode-chord,"{""utc"": ""2026-10-05T08:18:03.2522072Z"", ""action"": ""physical-scancode-chord"", ""windowId"": 11077022, ""pid"": 130912, ""chord"": ""Ctrl+A"", ""scancodes"": [29, 30], ""injection"": ""keybd_event KEYEVENTF_SCANCODE; normal Windows input path""}"
2026-10-05T08:18:03.7921276Z,video/2026-10-05 11-16-21.mkv,102.194,observed-unicode-SendInput,"{""utc"": ""2026-10-05T08:18:03.7921276Z"", ""action"": ""observed-unicode-SendInput"", ""windowId"": 11077022, ""pid"": 130912, ""field"": ""Time Taken duration in H:MM:SS"", ""text"": ""0:15:06"", ""controlCharactersAllowed"": false}"
2026-10-05T08:18:04.3039808Z,video/2026-10-05 11-16-21.mkv,102.706,observed-text-value-after-input,"{""utc"": ""2026-10-05T08:18:04.3039808Z"", ""action"": ""observed-text-value-after-input"", ""windowId"": 11077022, ""field"": ""Time Taken duration in H:MM:SS"", ""value"": ""0:15:06"", ""expectedTextPresent"": true}"
2026-10-05T08:18:04.6188779Z,video/2026-10-05 11-16-21.mkv,103.021,native-uia-invoke,"{""utc"": ""2026-10-05T08:18:04.6188779Z"", ""action"": ""native-uia-invoke"", ""button"": ""Save Time Taken"", ""observedOrdinal"": 0, ""expectedMatches"": 1, ""windowId"": 11077022, ""processId"": 130912, ""offscreen"": false, ""bounds"": ""1859;220;36;33"", ""authorization"": ""User authorized native fallback for real Windows testing""}"
2026-10-05T08:18:05.3058082Z,video/2026-10-05 11-16-21.mkv,103.708,native-uia-invoke,"{""utc"": ""2026-10-05T08:18:05.3058082Z"", ""action"": ""native-uia-invoke"", ""button"": ""Edit Time Taken: 0:15:06"", ""observedOrdinal"": 0, ""expectedMatches"": 1, ""windowId"": 11077022, ""processId"": 130912, ""offscreen"": false, ""bounds"": ""1693;220;202;33"", ""authorization"": ""User authorized native fallback for real Windows testing""}"
2026-10-05T08:18:05.9604688Z,video/2026-10-05 11-16-21.mkv,104.362,physical-scancode-chord,"{""utc"": ""2026-10-05T08:18:05.9604688Z"", ""action"": ""physical-scancode-chord"", ""windowId"": 11077022, ""pid"": 130912, ""chord"": ""Ctrl+A"", ""scancodes"": [29, 30], ""injection"": ""keybd_event KEYEVENTF_SCANCODE; normal Windows input path""}"
2026-10-05T08:18:06.4924861Z,video/2026-10-05 11-16-21.mkv,104.894,observed-unicode-SendInput,"{""utc"": ""2026-10-05T08:18:06.4924861Z"", ""action"": ""observed-unicode-SendInput"", ""windowId"": 11077022, ""pid"": 130912, ""field"": ""Time Taken duration in H:MM:SS"", ""text"": ""0:14:06"", ""controlCharactersAllowed"": false}"
2026-10-05T08:18:07.0093580Z,video/2026-10-05 11-16-21.mkv,105.411,observed-text-value-after-input,"{""utc"": ""2026-10-05T08:18:07.0093580Z"", ""action"": ""observed-text-value-after-input"", ""windowId"": 11077022, ""field"": ""Time Taken duration in H:MM:SS"", ""value"": ""0:14:06"", ""expectedTextPresent"": true}"
2026-10-05T08:18:07.3182811Z,video/2026-10-05 11-16-21.mkv,105.72,native-uia-invoke,"{""utc"": ""2026-10-05T08:18:07.3182811Z"", ""action"": ""native-uia-invoke"", ""button"": ""Save Time Taken"", ""observedOrdinal"": 0, ""expectedMatches"": 1, ""windowId"": 11077022, ""processId"": 130912, ""offscreen"": false, ""bounds"": ""1859;220;36;33"", ""authorization"": ""User authorized native fallback for real Windows testing""}"
2026-10-05T08:18:08.4433636Z,video/2026-10-05 11-16-21.mkv,106.845,os-client-area-animation,"{""utc"": ""2026-10-05T08:18:08.4433636Z"", ""action"": ""os-client-area-animation"", ""request"": ""reduced"", ""before"": 1, ""after"": 0}"
2026-10-05T08:18:08.4929291Z,video/2026-10-05 11-16-21.mkv,106.895,native-uia-invoke,"{""utc"": ""2026-10-05T08:18:08.4929291Z"", ""action"": ""native-uia-invoke"", ""button"": ""Edit Est: 30m"", ""observedOrdinal"": 0, ""expectedMatches"": 1, ""windowId"": 72353300, ""processId"": 130912, ""offscreen"": false, ""bounds"": ""1307;534;69;25"", ""authorization"": ""User authorized native fallback for real Windows testing""}"
2026-10-05T08:18:09.1683701Z,video/2026-10-05 11-16-21.mkv,107.57,physical-scancode-chord,"{""utc"": ""2026-10-05T08:18:09.1683701Z"", ""action"": ""physical-scancode-chord"", ""windowId"": 72353300, ""pid"": 130912, ""chord"": ""Ctrl+A"", ""scancodes"": [29, 30], ""injection"": ""keybd_event KEYEVENTF_SCANCODE; normal Windows input path""}"
2026-10-05T08:18:09.6889222Z,video/2026-10-05 11-16-21.mkv,108.091,observed-unicode-SendInput,"{""utc"": ""2026-10-05T08:18:09.6889222Z"", ""action"": ""observed-unicode-SendInput"", ""windowId"": 72353300, ""pid"": 130912, ""field"": ""Est duration in H:MM:SS"", ""text"": ""0:31:00"", ""controlCharactersAllowed"": false}"
2026-10-05T08:18:10.2079499Z,video/2026-10-05 11-16-21.mkv,108.61,observed-text-value-after-input,"{""utc"": ""2026-10-05T08:18:10.2079499Z"", ""action"": ""observed-text-value-after-input"", ""windowId"": 72353300, ""field"": ""Est duration in H:MM:SS"", ""value"": ""0:31:00"", ""expectedTextPresent"": true}"
2026-10-05T08:18:10.4990455Z,video/2026-10-05 11-16-21.mkv,108.901,native-uia-invoke,"{""utc"": ""2026-10-05T08:18:10.4990455Z"", ""action"": ""native-uia-invoke"", ""button"": ""Save metric"", ""observedOrdinal"": 0, ""expectedMatches"": 1, ""windowId"": 72353300, ""processId"": 130912, ""offscreen"": false, ""bounds"": ""1423;502;16;29"", ""authorization"": ""User authorized native fallback for real Windows testing""}"
2026-10-05T08:18:11.1562385Z,video/2026-10-05 11-16-21.mkv,109.558,native-uia-invoke,"{""utc"": ""2026-10-05T08:18:11.1562385Z"", ""action"": ""native-uia-invoke"", ""button"": ""Edit Est: 31m"", ""observedOrdinal"": 0, ""expectedMatches"": 1, ""windowId"": 72353300, ""processId"": 130912, ""offscreen"": false, ""bounds"": ""1307;534;69;25"", ""authorization"": ""User authorized native fallback for real Windows testing""}"
2026-10-05T08:18:11.8277001Z,video/2026-10-05 11-16-21.mkv,110.23,physical-scancode-chord,"{""utc"": ""2026-10-05T08:18:11.8277001Z"", ""action"": ""physical-scancode-chord"", ""windowId"": 72353300, ""pid"": 130912, ""chord"": ""Ctrl+A"", ""scancodes"": [29, 30], ""injection"": ""keybd_event KEYEVENTF_SCANCODE; normal Windows input path""}"
2026-10-05T08:18:12.3565843Z,video/2026-10-05 11-16-21.mkv,110.759,observed-unicode-SendInput,"{""utc"": ""2026-10-05T08:18:12.3565843Z"", ""action"": ""observed-unicode-SendInput"", ""windowId"": 72353300, ""pid"": 130912, ""field"": ""Est duration in H:MM:SS"", ""text"": ""0:30:00"", ""controlCharactersAllowed"": false}"
2026-10-05T08:18:12.8762975Z,video/2026-10-05 11-16-21.mkv,111.278,observed-text-value-after-input,"{""utc"": ""2026-10-05T08:18:12.8762975Z"", ""action"": ""observed-text-value-after-input"", ""windowId"": 72353300, ""field"": ""Est duration in H:MM:SS"", ""value"": ""0:30:00"", ""expectedTextPresent"": true}"
2026-10-05T08:18:13.1958505Z,video/2026-10-05 11-16-21.mkv,111.598,native-uia-invoke,"{""utc"": ""2026-10-05T08:18:13.1958505Z"", ""action"": ""native-uia-invoke"", ""button"": ""Save metric"", ""observedOrdinal"": 0, ""expectedMatches"": 1, ""windowId"": 72353300, ""processId"": 130912, ""offscreen"": false, ""bounds"": ""1423;502;16;29"", ""authorization"": ""User authorized native fallback for real Windows testing""}"
2026-10-05T08:18:13.8540024Z,video/2026-10-05 11-16-21.mkv,112.256,native-uia-invoke,"{""utc"": ""2026-10-05T08:18:13.8540024Z"", ""action"": ""native-uia-invoke"", ""button"": ""Edit Taken: 15m"", ""observedOrdinal"": 0, ""expectedMatches"": 1, ""windowId"": 72353300, ""processId"": 130912, ""offscreen"": false, ""bounds"": ""1383;534;68;25"", ""authorization"": ""User authorized native fallback for real Windows testing""}"
2026-10-05T08:18:14.5072522Z,video/2026-10-05 11-16-21.mkv,112.909,physical-scancode-chord,"{""utc"": ""2026-10-05T08:18:14.5072522Z"", ""action"": ""physical-scancode-chord"", ""windowId"": 72353300, ""pid"": 130912, ""chord"": ""Ctrl+A"", ""scancodes"": [29, 30], ""injection"": ""keybd_event KEYEVENTF_SCANCODE; normal Windows input path""}"
2026-10-05T08:18:15.0377657Z,video/2026-10-05 11-16-21.mkv,113.44,observed-unicode-SendInput,"{""utc"": ""2026-10-05T08:18:15.0377657Z"", ""action"": ""observed-unicode-SendInput"", ""windowId"": 72353300, ""pid"": 130912, ""field"": ""Taken duration in H:MM:SS"", ""text"": ""0:15:06"", ""controlCharactersAllowed"": false}"
2026-10-05T08:18:15.5519974Z,video/2026-10-05 11-16-21.mkv,113.954,observed-text-value-after-input,"{""utc"": ""2026-10-05T08:18:15.5519974Z"", ""action"": ""observed-text-value-after-input"", ""windowId"": 72353300, ""field"": ""Taken duration in H:MM:SS"", ""value"": ""0:15:06"", ""expectedTextPresent"": true}"
2026-10-05T08:18:15.8411455Z,video/2026-10-05 11-16-21.mkv,114.243,native-uia-invoke,"{""utc"": ""2026-10-05T08:18:15.8411455Z"", ""action"": ""native-uia-invoke"", ""button"": ""Save metric"", ""observedOrdinal"": 0, ""expectedMatches"": 1, ""windowId"": 72353300, ""processId"": 130912, ""offscreen"": false, ""bounds"": ""1423;502;16;29"", ""authorization"": ""User authorized native fallback for real Windows testing""}"
2026-10-05T08:18:16.4994239Z,video/2026-10-05 11-16-21.mkv,114.901,native-uia-invoke,"{""utc"": ""2026-10-05T08:18:16.4994239Z"", ""action"": ""native-uia-invoke"", ""button"": ""Edit Taken: 16m"", ""observedOrdinal"": 0, ""expectedMatches"": 1, ""windowId"": 72353300, ""processId"": 130912, ""offscreen"": false, ""bounds"": ""1383;534;68;25"", ""authorization"": ""User authorized native fallback for real Windows testing""}"
2026-10-05T08:18:17.1731900Z,video/2026-10-05 11-16-21.mkv,115.575,physical-scancode-chord,"{""utc"": ""2026-10-05T08:18:17.1731900Z"", ""action"": ""physical-scancode-chord"", ""windowId"": 72353300, ""pid"": 130912, ""chord"": ""Ctrl+A"", ""scancodes"": [29, 30], ""injection"": ""keybd_event KEYEVENTF_SCANCODE; normal Windows input path""}"
2026-10-05T08:18:17.6999879Z,video/2026-10-05 11-16-21.mkv,116.102,observed-unicode-SendInput,"{""utc"": ""2026-10-05T08:18:17.6999879Z"", ""action"": ""observed-unicode-SendInput"", ""windowId"": 72353300, ""pid"": 130912, ""field"": ""Taken duration in H:MM:SS"", ""text"": ""0:14:06"", ""controlCharactersAllowed"": false}"
2026-10-05T08:18:18.2110816Z,video/2026-10-05 11-16-21.mkv,116.613,observed-text-value-after-input,"{""utc"": ""2026-10-05T08:18:18.2110816Z"", ""action"": ""observed-text-value-after-input"", ""windowId"": 72353300, ""field"": ""Taken duration in H:MM:SS"", ""value"": ""0:14:06"", ""expectedTextPresent"": true}"
2026-10-05T08:18:18.4937923Z,video/2026-10-05 11-16-21.mkv,116.896,native-uia-invoke,"{""utc"": ""2026-10-05T08:18:18.4937923Z"", ""action"": ""native-uia-invoke"", ""button"": ""Save metric"", ""observedOrdinal"": 0, ""expectedMatches"": 1, ""windowId"": 72353300, ""processId"": 130912, ""offscreen"": false, ""bounds"": ""1423;502;16;29"", ""authorization"": ""User authorized native fallback for real Windows testing""}"
2026-10-05T08:18:19.4578769Z,video/2026-10-05 11-16-21.mkv,117.86,os-client-area-animation,"{""utc"": ""2026-10-05T08:18:19.4578769Z"", ""action"": ""os-client-area-animation"", ""request"": ""reduced"", ""before"": 0, ""after"": 0}"
2026-10-05T08:18:19.5227240Z,video/2026-10-05 11-16-21.mkv,117.925,native-uia-invoke,"{""utc"": ""2026-10-05T08:18:19.5227240Z"", ""action"": ""native-uia-invoke"", ""button"": ""Edit EST: 0:30:00"", ""observedOrdinal"": 0, ""expectedMatches"": 1, ""windowId"": 11077022, ""processId"": 130912, ""offscreen"": false, ""bounds"": ""1693;184;202;33"", ""authorization"": ""User authorized native fallback for real Windows testing""}"
2026-10-05T08:18:20.1991153Z,video/2026-10-05 11-16-21.mkv,118.601,physical-scancode-chord,"{""utc"": ""2026-10-05T08:18:20.1991153Z"", ""action"": ""physical-scancode-chord"", ""windowId"": 11077022, ""pid"": 130912, ""chord"": ""Ctrl+A"", ""scancodes"": [29, 30], ""injection"": ""keybd_event KEYEVENTF_SCANCODE; normal Windows input path""}"
2026-10-05T08:18:20.7303526Z,video/2026-10-05 11-16-21.mkv,119.132,observed-unicode-SendInput,"{""utc"": ""2026-10-05T08:18:20.7303526Z"", ""action"": ""observed-unicode-SendInput"", ""windowId"": 11077022, ""pid"": 130912, ""field"": ""EST duration in H:MM:SS"", ""text"": ""0:31:00"", ""controlCharactersAllowed"": false}"
2026-10-05T08:18:21.2463153Z,video/2026-10-05 11-16-21.mkv,119.648,observed-text-value-after-input,"{""utc"": ""2026-10-05T08:18:21.2463153Z"", ""action"": ""observed-text-value-after-input"", ""windowId"": 11077022, ""field"": ""EST duration in H:MM:SS"", ""value"": ""0:31:00"", ""expectedTextPresent"": true}"
2026-10-05T08:18:21.5453709Z,video/2026-10-05 11-16-21.mkv,119.947,native-uia-invoke,"{""utc"": ""2026-10-05T08:18:21.5453709Z"", ""action"": ""native-uia-invoke"", ""button"": ""Save EST"", ""observedOrdinal"": 0, ""expectedMatches"": 1, ""windowId"": 11077022, ""processId"": 130912, ""offscreen"": false, ""bounds"": ""1859;184;36;33"", ""authorization"": ""User authorized native fallback for real Windows testing""}"
2026-10-05T08:18:22.2232029Z,video/2026-10-05 11-16-21.mkv,120.625,native-uia-invoke,"{""utc"": ""2026-10-05T08:18:22.2232029Z"", ""action"": ""native-uia-invoke"", ""button"": ""Edit EST: 0:31:00"", ""observedOrdinal"": 0, ""expectedMatches"": 1, ""windowId"": 11077022, ""processId"": 130912, ""offscreen"": false, ""bounds"": ""1693;184;202;33"", ""authorization"": ""User authorized native fallback for real Windows testing""}"
2026-10-05T08:18:22.8350639Z,video/2026-10-05 11-16-21.mkv,121.237,physical-scancode-chord,"{""utc"": ""2026-10-05T08:18:22.8350639Z"", ""action"": ""physical-scancode-chord"", ""windowId"": 11077022, ""pid"": 130912, ""chord"": ""Ctrl+A"", ""scancodes"": [29, 30], ""injection"": ""keybd_event KEYEVENTF_SCANCODE; normal Windows input path""}"
2026-10-05T08:18:23.3643226Z,video/2026-10-05 11-16-21.mkv,121.766,observed-unicode-SendInput,"{""utc"": ""2026-10-05T08:18:23.3643226Z"", ""action"": ""observed-unicode-SendInput"", ""windowId"": 11077022, ""pid"": 130912, ""field"": ""EST duration in H:MM:SS"", ""text"": ""0:30:00"", ""controlCharactersAllowed"": false}"
2026-10-05T08:18:23.8859790Z,video/2026-10-05 11-16-21.mkv,122.288,observed-text-value-after-input,"{""utc"": ""2026-10-05T08:18:23.8859790Z"", ""action"": ""observed-text-value-after-input"", ""windowId"": 11077022, ""field"": ""EST duration in H:MM:SS"", ""value"": ""0:30:00"", ""expectedTextPresent"": true}"
2026-10-05T08:18:24.1976545Z,video/2026-10-05 11-16-21.mkv,122.6,native-uia-invoke,"{""utc"": ""2026-10-05T08:18:24.1976545Z"", ""action"": ""native-uia-invoke"", ""button"": ""Save EST"", ""observedOrdinal"": 0, ""expectedMatches"": 1, ""windowId"": 11077022, ""processId"": 130912, ""offscreen"": false, ""bounds"": ""1859;184;36;33"", ""authorization"": ""User authorized native fallback for real Windows testing""}"
2026-10-05T08:18:24.8833150Z,video/2026-10-05 11-16-21.mkv,123.285,native-uia-invoke,"{""utc"": ""2026-10-05T08:18:24.8833150Z"", ""action"": ""native-uia-invoke"", ""button"": ""Edit Time Taken: 0:14:06"", ""observedOrdinal"": 0, ""expectedMatches"": 1, ""windowId"": 11077022, ""processId"": 130912, ""offscreen"": false, ""bounds"": ""1693;220;202;33"", ""authorization"": ""User authorized native fallback for real Windows testing""}"
2026-10-05T08:18:25.5395628Z,video/2026-10-05 11-16-21.mkv,123.942,physical-scancode-chord,"{""utc"": ""2026-10-05T08:18:25.5395628Z"", ""action"": ""physical-scancode-chord"", ""windowId"": 11077022, ""pid"": 130912, ""chord"": ""Ctrl+A"", ""scancodes"": [29, 30], ""injection"": ""keybd_event KEYEVENTF_SCANCODE; normal Windows input path""}"
2026-10-05T08:18:26.0749723Z,video/2026-10-05 11-16-21.mkv,124.477,observed-unicode-SendInput,"{""utc"": ""2026-10-05T08:18:26.0749723Z"", ""action"": ""observed-unicode-SendInput"", ""windowId"": 11077022, ""pid"": 130912, ""field"": ""Time Taken duration in H:MM:SS"", ""text"": ""0:15:06"", ""controlCharactersAllowed"": false}"
2026-10-05T08:18:26.5940000Z,video/2026-10-05 11-16-21.mkv,124.996,observed-text-value-after-input,"{""utc"": ""2026-10-05T08:18:26.5940000Z"", ""action"": ""observed-text-value-after-input"", ""windowId"": 11077022, ""field"": ""Time Taken duration in H:MM:SS"", ""value"": ""0:15:06"", ""expectedTextPresent"": true}"
2026-10-05T08:18:26.8940862Z,video/2026-10-05 11-16-21.mkv,125.296,native-uia-invoke,"{""utc"": ""2026-10-05T08:18:26.8940862Z"", ""action"": ""native-uia-invoke"", ""button"": ""Save Time Taken"", ""observedOrdinal"": 0, ""expectedMatches"": 1, ""windowId"": 11077022, ""processId"": 130912, ""offscreen"": false, ""bounds"": ""1859;220;36;33"", ""authorization"": ""User authorized native fallback for real Windows testing""}"
2026-10-05T08:18:27.5690518Z,video/2026-10-05 11-16-21.mkv,125.971,native-uia-invoke,"{""utc"": ""2026-10-05T08:18:27.5690518Z"", ""action"": ""native-uia-invoke"", ""button"": ""Edit Time Taken: 0:15:06"", ""observedOrdinal"": 0, ""expectedMatches"": 1, ""windowId"": 11077022, ""processId"": 130912, ""offscreen"": false, ""bounds"": ""1693;220;202;33"", ""authorization"": ""User authorized native fallback for real Windows testing""}"
2026-10-05T08:18:28.2371834Z,video/2026-10-05 11-16-21.mkv,126.639,physical-scancode-chord,"{""utc"": ""2026-10-05T08:18:28.2371834Z"", ""action"": ""physical-scancode-chord"", ""windowId"": 11077022, ""pid"": 130912, ""chord"": ""Ctrl+A"", ""scancodes"": [29, 30], ""injection"": ""keybd_event KEYEVENTF_SCANCODE; normal Windows input path""}"
2026-10-05T08:18:28.7745919Z,video/2026-10-05 11-16-21.mkv,127.177,observed-unicode-SendInput,"{""utc"": ""2026-10-05T08:18:28.7745919Z"", ""action"": ""observed-unicode-SendInput"", ""windowId"": 11077022, ""pid"": 130912, ""field"": ""Time Taken duration in H:MM:SS"", ""text"": ""0:14:06"", ""controlCharactersAllowed"": false}"
2026-10-05T08:18:29.2861387Z,video/2026-10-05 11-16-21.mkv,127.688,observed-text-value-after-input,"{""utc"": ""2026-10-05T08:18:29.2861387Z"", ""action"": ""observed-text-value-after-input"", ""windowId"": 11077022, ""field"": ""Time Taken duration in H:MM:SS"", ""value"": ""0:14:06"", ""expectedTextPresent"": true}"
2026-10-05T08:18:29.6246908Z,video/2026-10-05 11-16-21.mkv,128.027,native-uia-invoke,"{""utc"": ""2026-10-05T08:18:29.6246908Z"", ""action"": ""native-uia-invoke"", ""button"": ""Save Time Taken"", ""observedOrdinal"": 0, ""expectedMatches"": 1, ""windowId"": 11077022, ""processId"": 130912, ""offscreen"": false, ""bounds"": ""1859;220;36;33"", ""authorization"": ""User authorized native fallback for real Windows testing""}"
2026-10-05T08:18:54.1547546Z,video/2026-10-05 11-16-21.mkv,152.557,scoped-main-WM_CLOSE,"{""utc"": ""2026-10-05T08:18:54.1547546Z"", ""action"": ""scoped-main-WM_CLOSE"", ""windowId"": 72353300, ""pid"": 130912}"
2026-10-05T08:19:38.2566667Z,video/2026-10-05 11-16-21.mkv,196.659,native-uia-invoke,"{""utc"": ""2026-10-05T08:19:38.2566667Z"", ""action"": ""native-uia-invoke"", ""button"": ""Open"", ""observedOrdinal"": 6, ""expectedMatches"": 6, ""windowId"": 1968730, ""processId"": 130912, ""offscreen"": false, ""bounds"": ""874;652;104;40"", ""authorization"": ""User authorized native fallback for real Windows testing""}"
2026-10-05T08:19:38.9950321Z,video/2026-10-05 11-16-21.mkv,197.397,os-client-area-animation,"{""utc"": ""2026-10-05T08:19:38.9950321Z"", ""action"": ""os-client-area-animation"", ""request"": ""normal"", ""before"": 0, ""after"": 1}"
2026-10-05T08:20:22.6311550Z,video/2026-10-05 11-16-21.mkv,241.033,input-guard-recovery,"{""utc"": ""2026-10-05T08:20:22.6311550Z"", ""action"": ""input-guard-recovery"", ""note"": ""Two Task actions from pointer hover plus focused card; ambiguous invocation rejected without input. Clear pointer hover then focus owned Alpha.""}"
2026-10-05T08:20:23.7769331Z,video/2026-10-05 11-16-21.mkv,242.179,os-client-area-animation,"{""utc"": ""2026-10-05T08:20:23.7769331Z"", ""action"": ""os-client-area-animation"", ""request"": ""normal"", ""before"": 1, ""after"": 1}"
2026-10-05T08:20:24.9932856Z,video/2026-10-05 11-16-21.mkv,243.395,native-uia-observed-pointer-click,"{""utc"": ""2026-10-05T08:20:24.9932856Z"", ""action"": ""native-uia-observed-pointer-click"", ""button"": ""Task actions"", ""observedOrdinal"": 0, ""expectedMatches"": 1, ""windowId"": 1968730, ""processId"": 130912, ""offscreen"": false, ""bounds"": ""1016;305;16;29"", ""authorization"": ""User authorized native fallback for real Windows testing""}"
2026-10-05T08:20:25.5136011Z,video/2026-10-05 11-16-21.mkv,243.916,native-uia-invoke,"{""utc"": ""2026-10-05T08:20:25.5136011Z"", ""action"": ""native-uia-invoke"", ""button"": ""Delete"", ""windowId"": 1968730, ""processId"": 130912, ""offscreen"": false, ""bounds"": ""874;463;159;40"", ""authorization"": ""User authorized native fallback for real Windows testing""}"
2026-10-05T08:20:26.7996022Z,video/2026-10-05 11-16-21.mkv,245.202,native-uia-invoke,"{""utc"": ""2026-10-05T08:20:26.7996022Z"", ""action"": ""native-uia-invoke"", ""button"": ""Cancel permanent task deletion"", ""windowId"": 1968730, ""processId"": 130912, ""offscreen"": false, ""bounds"": ""1004;468;29;29"", ""authorization"": ""User authorized native fallback for real Windows testing""}"
2026-10-05T08:20:27.1797678Z,video/2026-10-05 11-16-21.mkv,245.582,physical-scancode-chord,"{""utc"": ""2026-10-05T08:20:27.1797678Z"", ""action"": ""physical-scancode-chord"", ""windowId"": 1968730, ""pid"": 130912, ""chord"": ""Escape"", ""scancodes"": [1], ""injection"": ""keybd_event KEYEVENTF_SCANCODE; normal Windows input path""}"
2026-10-05T08:20:27.6060393Z,video/2026-10-05 11-16-21.mkv,246.008,native-uia-invoke,"{""utc"": ""2026-10-05T08:20:27.6060393Z"", ""action"": ""native-uia-invoke"", ""button"": ""Edit Est: —"", ""observedOrdinal"": 1, ""expectedMatches"": 2, ""windowId"": 1968730, ""processId"": 130912, ""offscreen"": false, ""bounds"": ""901;337;62;25"", ""authorization"": ""User authorized native fallback for real Windows testing""}"
2026-10-05T08:20:28.2289303Z,video/2026-10-05 11-16-21.mkv,246.631,native-uia-invoke,"{""utc"": ""2026-10-05T08:20:28.2289303Z"", ""action"": ""native-uia-invoke"", ""button"": ""Cancel metric edit"", ""observedOrdinal"": 0, ""expectedMatches"": 1, ""windowId"": 1968730, ""processId"": 130912, ""offscreen"": false, ""bounds"": ""972;305;16;29"", ""authorization"": ""User authorized native fallback for real Windows testing""}"
2026-10-05T08:20:28.5471475Z,video/2026-10-05 11-16-21.mkv,246.949,native-uia-invoke,"{""utc"": ""2026-10-05T08:20:28.5471475Z"", ""action"": ""native-uia-invoke"", ""button"": ""Edit Taken: 0m"", ""observedOrdinal"": 1, ""expectedMatches"": 2, ""windowId"": 1968730, ""processId"": 130912, ""offscreen"": false, ""bounds"": ""970;337;62;25"", ""authorization"": ""User authorized native fallback for real Windows testing""}"
2026-10-05T08:20:29.1501554Z,video/2026-10-05 11-16-21.mkv,247.552,physical-scancode-chord,"{""utc"": ""2026-10-05T08:20:29.1501554Z"", ""action"": ""physical-scancode-chord"", ""windowId"": 1968730, ""pid"": 130912, ""chord"": ""Escape"", ""scancodes"": [1], ""injection"": ""keybd_event KEYEVENTF_SCANCODE; normal Windows input path""}"
2026-10-05T08:20:30.2935493Z,video/2026-10-05 11-16-21.mkv,248.696,SendInput actual virtual-desktop drag,"{""utc"": ""2026-10-05T08:20:30.2935493Z"", ""action"": ""SendInput actual virtual-desktop drag"", ""windowId"": 1968730, ""from"": [672, 449], ""to"": [436, 360], ""exeSha256"": ""bde7646d9a3f17af0078c41e8a90173bc044f6747d24fde278e6f5739ebe05d8""}"
2026-10-05T08:20:34.8219084Z,video/2026-10-05 11-16-21.mkv,253.224,SendInput actual virtual-desktop drag,"{""utc"": ""2026-10-05T08:20:34.8219084Z"", ""action"": ""SendInput actual virtual-desktop drag"", ""windowId"": 1968730, ""from"": [253, 449], ""to"": [854, 360], ""exeSha256"": ""bde7646d9a3f17af0078c41e8a90173bc044f6747d24fde278e6f5739ebe05d8""}"
2026-10-05T08:20:39.3888359Z,video/2026-10-05 11-16-21.mkv,257.791,os-client-area-animation,"{""utc"": ""2026-10-05T08:20:39.3888359Z"", ""action"": ""os-client-area-animation"", ""request"": ""reduced"", ""before"": 1, ""after"": 0}"
2026-10-05T08:21:54.4520554Z,video/2026-10-05 11-16-21.mkv,332.854,physical-scancode-chord,"{""utc"": ""2026-10-05T08:21:54.4520554Z"", ""action"": ""physical-scancode-chord"", ""windowId"": 1968730, ""pid"": 130912, ""chord"": ""Tab"", ""scancodes"": [15], ""injection"": ""keybd_event KEYEVENTF_SCANCODE; normal Windows input path""}"
2026-10-05T08:21:54.8953112Z,video/2026-10-05 11-16-21.mkv,333.297,physical-scancode-chord,"{""utc"": ""2026-10-05T08:21:54.8953112Z"", ""action"": ""physical-scancode-chord"", ""windowId"": 1968730, ""pid"": 130912, ""chord"": ""Shift+Tab"", ""scancodes"": [42, 15], ""injection"": ""keybd_event KEYEVENTF_SCANCODE; normal Windows input path""}"
2026-10-05T08:22:40.1848154Z,video/2026-10-05 11-16-21.mkv,378.587,native-uia-observed-pointer-click,"{""utc"": ""2026-10-05T08:22:40.1848154Z"", ""action"": ""native-uia-observed-pointer-click"", ""button"": ""Task actions"", ""observedOrdinal"": 0, ""expectedMatches"": 1, ""windowId"": 1968730, ""processId"": 130912, ""offscreen"": false, ""bounds"": ""1016;305;16;29"", ""authorization"": ""User authorized native fallback for real Windows testing""}"
2026-10-05T08:22:40.7499793Z,video/2026-10-05 11-16-21.mkv,379.152,native-uia-invoke,"{""utc"": ""2026-10-05T08:22:40.7499793Z"", ""action"": ""native-uia-invoke"", ""button"": ""Delete"", ""windowId"": 1968730, ""processId"": 130912, ""offscreen"": false, ""bounds"": ""874;463;159;40"", ""authorization"": ""User authorized native fallback for real Windows testing""}"
2026-10-05T08:22:41.5829995Z,video/2026-10-05 11-16-21.mkv,379.985,native-uia-invoke,"{""utc"": ""2026-10-05T08:22:41.5829995Z"", ""action"": ""native-uia-invoke"", ""button"": ""Cancel permanent task deletion"", ""windowId"": 1968730, ""processId"": 130912, ""offscreen"": false, ""bounds"": ""1004;468;29;29"", ""authorization"": ""User authorized native fallback for real Windows testing""}"
2026-10-05T08:22:41.9737820Z,video/2026-10-05 11-16-21.mkv,380.376,physical-scancode-chord,"{""utc"": ""2026-10-05T08:22:41.9737820Z"", ""action"": ""physical-scancode-chord"", ""windowId"": 1968730, ""pid"": 130912, ""chord"": ""Escape"", ""scancodes"": [1], ""injection"": ""keybd_event KEYEVENTF_SCANCODE; normal Windows input path""}"
2026-10-05T08:22:42.8756074Z,video/2026-10-05 11-16-21.mkv,381.278,SendInput actual virtual-desktop drag,"{""utc"": ""2026-10-05T08:22:42.8756074Z"", ""action"": ""SendInput actual virtual-desktop drag"", ""windowId"": 1968730, ""from"": [672, 449], ""to"": [436, 360], ""exeSha256"": ""bde7646d9a3f17af0078c41e8a90173bc044f6747d24fde278e6f5739ebe05d8""}"
2026-10-05T08:22:47.3538083Z,video/2026-10-05 11-16-21.mkv,385.756,SendInput actual virtual-desktop drag,"{""utc"": ""2026-10-05T08:22:47.3538083Z"", ""action"": ""SendInput actual virtual-desktop drag"", ""windowId"": 1968730, ""from"": [253, 449], ""to"": [854, 360], ""exeSha256"": ""bde7646d9a3f17af0078c41e8a90173bc044f6747d24fde278e6f5739ebe05d8""}"
2026-10-05T08:22:51.6077958Z,video/2026-10-05 11-16-21.mkv,390.01,os-client-area-animation,"{""utc"": ""2026-10-05T08:22:51.6077958Z"", ""action"": ""os-client-area-animation"", ""request"": ""normal"", ""before"": 0, ""after"": 1}"
2026-10-05T08:23:39.6831203Z,video/2026-10-05 11-16-21.mkv,438.085,observed-Windows-scale-restore-combo,"{""utc"": ""2026-10-05T08:23:39.6831203Z"", ""action"": ""observed-Windows-scale-restore-combo"", ""windowId"": 32508908, ""x"": 484, ""y"": 542}"
2026-10-05T08:24:24.0461615Z,video/2026-10-05 11-16-21.mkv,482.448,observed-Windows-real-scale125-restore,"{""utc"": ""2026-10-05T08:24:24.0461615Z"", ""action"": ""observed-Windows-real-scale125-restore"", ""windowId"": 32508908, ""x"": 484, ""y"": 574}"
2026-10-05T08:24:28.5518062Z,video/2026-10-05 11-16-21.mkv,486.954,native-uia-invoke,"{""utc"": ""2026-10-05T08:24:28.5518062Z"", ""action"": ""native-uia-invoke"", ""button"": ""Compact view"", ""observedOrdinal"": 0, ""expectedMatches"": 1, ""windowId"": 11077022, ""processId"": 130912, ""offscreen"": false, ""bounds"": ""1865;20;40;40"", ""authorization"": ""User authorized native fallback for real Windows testing""}"
2026-10-05T08:25:30.1836407Z,video/2026-10-05 11-16-21.mkv,548.586,SendInput actual virtual-desktop drag,"{""utc"": ""2026-10-05T08:25:30.1836407Z"", ""action"": ""SendInput actual virtual-desktop drag"", ""windowId"": 11077022, ""from"": [1050, 620], ""to"": [870, 500], ""exeSha256"": ""bde7646d9a3f17af0078c41e8a90173bc044f6747d24fde278e6f5739ebe05d8""}"
2026-10-05T08:26:43.2729855Z,video/2026-10-05 11-16-21.mkv,621.675,physical-Windows-B-tray-focus,"{""utc"": ""2026-10-05T08:26:43.2729855Z"", ""action"": ""physical-Windows-B-tray-focus"", ""note"": ""Taskbar provider remains below active desktop after DPI restore; real OS keyboard tray focus recovery.""}"
2026-10-05T08:27:04.4987407Z,video/2026-10-05 11-16-21.mkv,642.901,observed-tray-overflow-pointer-click,"{""utc"": ""2026-10-05T08:27:04.4987407Z"", ""action"": ""observed-tray-overflow-pointer-click"", ""x"": 1631, ""y"": 1062}"
2026-10-05T08:27:48.5380792Z,video/2026-10-05 11-16-21.mkv,686.94,observed-tray-icon-hover,"{""utc"": ""2026-10-05T08:27:48.5380792Z"", ""action"": ""observed-tray-icon-hover"", ""x"": 1697, ""y"": 1020}"
2026-10-05T08:28:39.8146780Z,video/2026-10-05 11-16-21.mkv,738.217,observed-Narro-tooltip-confirmed-tray-context-menu,"{""utc"": ""2026-10-05T08:28:39.8146780Z"", ""action"": ""observed-Narro-tooltip-confirmed-tray-context-menu"", ""x"": 1697, ""y"": 1020}"
2026-10-05T08:29:44.5563859Z,video/2026-10-05 11-16-21.mkv,802.958,physical-tray-Quit-Narro,"{""utc"": ""2026-10-05T08:29:44.5563859Z"", ""action"": ""physical-tray-Quit-Narro"", ""menuWindow"": 11341658, ""pid"": 130912, ""x"": 1805, ""y"": 1005, ""observed"": ""GDI menu explicitly shows Show Narro, Show Focus Surface, Quit Narro""}"
2026-10-05T08:29:46.7965493Z,video/2026-10-05 11-16-21.mkv,805.199,normal-tray-exit-process-absent,"{""utc"": ""2026-10-05T08:29:46.7965493Z"", ""action"": ""normal-tray-exit-process-absent"", ""oldPid"": 130912}"
2026-10-05T08:30:38.4872738Z,video/2026-10-05 11-16-21.mkv,856.889,physical-global-Ctrl-Shift-T-after-relaunch,"{""utc"": ""2026-10-05T08:30:38.4872738Z"", ""action"": ""physical-global-Ctrl-Shift-T-after-relaunch"", ""expectedExeSha256"": ""bde7646d9a3f17af0078c41e8a90173bc044f6747d24fde278e6f5739ebe05d8""}"
2026-10-05T08:31:04.7630866Z,video/2026-10-05 11-16-21.mkv,883.165,native-uia-invoke,"{""utc"": ""2026-10-05T08:31:04.7630866Z"", ""action"": ""native-uia-invoke"", ""button"": ""Stop Recording"", ""observedOrdinal"": 0, ""expectedMatches"": 1, ""windowId"": 3149438, ""processId"": 43648, ""offscreen"": false, ""bounds"": ""-30428;-31236;298;45"", ""authorization"": ""User authorized native fallback for real Windows testing""}"
