packet,utc,original_seconds_if_supplied,action,target,source_file,source_line_if_jsonl
m7-ci953-theme-20261005,2026-10-05T08:02:01.0858446Z,,native-uia-invoke,,chronological-manifest.csv,
m7-ci953-theme-20261005,2026-10-05T08:02:01.0858446Z,,native-uia-invoke,Start Recording,actions.jsonl,1
m7-ci953-theme-20261005,2026-10-05T08:02:02.0598054Z,,native-uia-invoke,,chronological-manifest.csv,
m7-ci953-theme-20261005,2026-10-05T08:02:02.0598054Z,,native-uia-invoke,Home,actions.jsonl,2
m7-ci953-theme-20261005,2026-10-05T08:02:22.2807452Z,,native-uia-invoke,,chronological-manifest.csv,
m7-ci953-theme-20261005,2026-10-05T08:02:22.2807452Z,,native-uia-invoke,Settings,actions.jsonl,3
m7-ci953-theme-20261005,2026-10-05T08:02:23.2955301Z,,native-uia-observed-pointer-click,,chronological-manifest.csv,
m7-ci953-theme-20261005,2026-10-05T08:02:23.2955301Z,,native-uia-observed-pointer-click,Dark theme — Use Narro's dark surfaces,actions.jsonl,4
m7-ci953-theme-20261005,2026-10-05T08:02:40.7359786Z,,native-uia-invoke,,chronological-manifest.csv,
m7-ci953-theme-20261005,2026-10-05T08:02:40.7359786Z,,native-uia-invoke,Home,actions.jsonl,5
m7-ci953-theme-20261005,2026-10-05T08:02:41.1159923Z,,native-uia-invoke,,chronological-manifest.csv,
m7-ci953-theme-20261005,2026-10-05T08:02:41.1159923Z,,native-uia-invoke,Open,actions.jsonl,6
m7-ci953-theme-20261005,2026-10-05T08:03:29.9113391Z,,native-uia-observed-pointer-click,,chronological-manifest.csv,
m7-ci953-theme-20261005,2026-10-05T08:03:29.9113391Z,,native-uia-observed-pointer-click,Task actions,actions.jsonl,7
m7-ci953-theme-20261005,2026-10-05T08:03:30.4817899Z,,native-uia-invoke,,chronological-manifest.csv,
m7-ci953-theme-20261005,2026-10-05T08:03:30.4817899Z,,native-uia-invoke,Delete,actions.jsonl,8
m7-ci953-theme-20261005,2026-10-05T08:03:47.3055748Z,,native-uia-invoke,,chronological-manifest.csv,
m7-ci953-theme-20261005,2026-10-05T08:03:47.3055748Z,,native-uia-invoke,Cancel permanent task deletion,actions.jsonl,9
m7-ci953-theme-20261005,2026-10-05T08:03:47.7727579Z,,physical-scancode-chord,,chronological-manifest.csv,
m7-ci953-theme-20261005,2026-10-05T08:03:47.7727579Z,,physical-scancode-chord,Escape,actions.jsonl,10
m7-ci953-theme-20261005,2026-10-05T08:03:48.2246600Z,,native-uia-invoke,,chronological-manifest.csv,
m7-ci953-theme-20261005,2026-10-05T08:03:48.2246600Z,,native-uia-invoke,Edit Est: —,actions.jsonl,11
m7-ci953-theme-20261005,2026-10-05T08:04:30.2359921Z,,native-uia-invoke,,chronological-manifest.csv,
m7-ci953-theme-20261005,2026-10-05T08:04:30.2359921Z,,native-uia-invoke,Cancel metric edit,actions.jsonl,12
m7-ci953-theme-20261005,2026-10-05T08:04:30.6061000Z,,native-uia-invoke,,chronological-manifest.csv,
m7-ci953-theme-20261005,2026-10-05T08:04:30.6061000Z,,native-uia-invoke,Edit Taken: 0m,actions.jsonl,13
m7-ci953-theme-20261005,2026-10-05T08:04:31.5621872Z,,physical-scancode-chord,,chronological-manifest.csv,
m7-ci953-theme-20261005,2026-10-05T08:04:31.5621872Z,,physical-scancode-chord,Escape,actions.jsonl,14
m7-ci953-theme-20261005,2026-10-05T08:04:32.1781895Z,,os-client-area-animation,,chronological-manifest.csv,
m7-ci953-theme-20261005,2026-10-05T08:04:32.6370808Z,,native-uia-observed-pointer-click,,chronological-manifest.csv,
m7-ci953-theme-20261005,2026-10-05T08:04:32.6370808Z,,native-uia-observed-pointer-click,Task actions,actions.jsonl,16
m7-ci953-theme-20261005,2026-10-05T08:04:33.1709038Z,,native-uia-invoke,,chronological-manifest.csv,
m7-ci953-theme-20261005,2026-10-05T08:04:33.1709038Z,,native-uia-invoke,Delete,actions.jsonl,17
m7-ci953-theme-20261005,2026-10-05T08:04:33.7932549Z,,native-uia-invoke,,chronological-manifest.csv,
m7-ci953-theme-20261005,2026-10-05T08:04:33.7932549Z,,native-uia-invoke,Cancel permanent task deletion,actions.jsonl,18
m7-ci953-theme-20261005,2026-10-05T08:04:34.0803495Z,,physical-scancode-chord,,chronological-manifest.csv,
m7-ci953-theme-20261005,2026-10-05T08:04:34.0803495Z,,physical-scancode-chord,Escape,actions.jsonl,19
m7-ci953-theme-20261005,2026-10-05T08:04:34.4939807Z,,native-uia-invoke,,chronological-manifest.csv,
m7-ci953-theme-20261005,2026-10-05T08:04:34.4939807Z,,native-uia-invoke,Edit Est: —,actions.jsonl,20
m7-ci953-theme-20261005,2026-10-05T08:04:35.1417611Z,,native-uia-invoke,,chronological-manifest.csv,
m7-ci953-theme-20261005,2026-10-05T08:04:35.1417611Z,,native-uia-invoke,Cancel metric edit,actions.jsonl,21
m7-ci953-theme-20261005,2026-10-05T08:04:35.4641275Z,,native-uia-invoke,,chronological-manifest.csv,
m7-ci953-theme-20261005,2026-10-05T08:04:35.4641275Z,,native-uia-invoke,Edit Taken: 0m,actions.jsonl,22
m7-ci953-theme-20261005,2026-10-05T08:04:36.0483715Z,,physical-scancode-chord,,chronological-manifest.csv,
m7-ci953-theme-20261005,2026-10-05T08:04:36.0483715Z,,physical-scancode-chord,Escape,actions.jsonl,23
m7-ci953-theme-20261005,2026-10-05T08:05:38.4843395Z,,os-client-area-animation,,chronological-manifest.csv,
m7-ci953-theme-20261005,2026-10-05T08:05:39.3214176Z,,native-uia-invoke,,chronological-manifest.csv,
m7-ci953-theme-20261005,2026-10-05T08:05:39.3214176Z,,native-uia-invoke,Edit EST: 0:30:00,actions.jsonl,25
m7-ci953-theme-20261005,2026-10-05T08:05:40.4464002Z,,native-uia-invoke,,chronological-manifest.csv,
m7-ci953-theme-20261005,2026-10-05T08:05:40.4464002Z,,native-uia-invoke,Cancel EST edit,actions.jsonl,26
m7-ci953-theme-20261005,2026-10-05T08:05:41.2198311Z,,native-uia-invoke,,chronological-manifest.csv,
m7-ci953-theme-20261005,2026-10-05T08:05:41.2198311Z,,native-uia-invoke,Edit Time Taken: 0:14:06,actions.jsonl,27
m7-ci953-theme-20261005,2026-10-05T08:05:42.3991221Z,,physical-scancode-chord,,chronological-manifest.csv,
m7-ci953-theme-20261005,2026-10-05T08:05:42.3991221Z,,physical-scancode-chord,Escape,actions.jsonl,28
m7-ci953-theme-20261005,2026-10-05T08:05:42.8264040Z,,native-uia-observed-pointer-click,,chronological-manifest.csv,
m7-ci953-theme-20261005,2026-10-05T08:05:42.8264040Z,,native-uia-observed-pointer-click,Notes,actions.jsonl,29
m7-ci953-theme-20261005,2026-10-05T08:05:44.1062620Z,,native-uia-observed-pointer-click,,chronological-manifest.csv,
m7-ci953-theme-20261005,2026-10-05T08:05:44.1062620Z,,native-uia-observed-pointer-click,Open larger notes editor,actions.jsonl,30
m7-ci953-theme-20261005,2026-10-05T08:05:45.3455235Z,,physical-scancode-chord,,chronological-manifest.csv,
m7-ci953-theme-20261005,2026-10-05T08:05:45.3455235Z,,physical-scancode-chord,Escape,actions.jsonl,31
m7-ci953-theme-20261005,2026-10-05T08:05:45.7626963Z,,native-uia-observed-pointer-click,,chronological-manifest.csv,
m7-ci953-theme-20261005,2026-10-05T08:05:45.7626963Z,,native-uia-observed-pointer-click,Notes,actions.jsonl,32
m7-ci953-theme-20261005,2026-10-05T08:05:47.1018054Z,,physical-scancode-chord,,chronological-manifest.csv,
m7-ci953-theme-20261005,2026-10-05T08:05:47.1018054Z,,physical-scancode-chord,Ctrl+End,actions.jsonl,33
m7-ci953-theme-20261005,2026-10-05T08:05:47.8964241Z,,physical-scancode-chord,,chronological-manifest.csv,
m7-ci953-theme-20261005,2026-10-05T08:05:47.8964241Z,,physical-scancode-chord,Ctrl+Home,actions.jsonl,34
m7-ci953-theme-20261005,2026-10-05T08:05:48.9880117Z,,fresh-observed-physical-hover,,chronological-manifest.csv,
m7-ci953-theme-20261005,2026-10-05T08:05:48.9880117Z,,fresh-observed-physical-hover,Task title: M7 CI944 LongUnbrokenTitleForNarrowBoardOverflowAndAccessibleFullTitleValidation1234567890,actions.jsonl,35
m7-ci953-theme-20261005,2026-10-05T08:05:50.4779121Z,,native-uia-invoke,,chronological-manifest.csv,
m7-ci953-theme-20261005,2026-10-05T08:05:50.4779121Z,,native-uia-invoke,Compact view,actions.jsonl,36
m7-ci953-theme-20261005,2026-10-05T08:05:51.4579543Z,,native-uia-observed-pointer-click,,chronological-manifest.csv,
m7-ci953-theme-20261005,2026-10-05T08:05:51.4579543Z,,native-uia-observed-pointer-click,Expand Floating Timer,actions.jsonl,37
m7-ci953-theme-20261005,2026-10-05T08:05:52.7733323Z,,fresh-observed-physical-hover,,chronological-manifest.csv,
m7-ci953-theme-20261005,2026-10-05T08:05:52.7733323Z,,fresh-observed-physical-hover,Start break,actions.jsonl,38
m7-ci953-theme-20261005,2026-10-05T08:05:54.2925443Z,,fresh-observed-physical-hover,,chronological-manifest.csv,
m7-ci953-theme-20261005,2026-10-05T08:05:54.2925443Z,,fresh-observed-physical-hover,Notes,actions.jsonl,39
m7-ci953-theme-20261005,2026-10-05T08:05:55.8203199Z,,fresh-observed-physical-hover,,chronological-manifest.csv,
m7-ci953-theme-20261005,2026-10-05T08:05:55.8203199Z,,fresh-observed-physical-hover,Resume,actions.jsonl,40
m7-ci953-theme-20261005,2026-10-05T08:05:57.3360731Z,,fresh-observed-physical-hover,,chronological-manifest.csv,
m7-ci953-theme-20261005,2026-10-05T08:05:57.3360731Z,,fresh-observed-physical-hover,Skip task,actions.jsonl,41
m7-ci953-theme-20261005,2026-10-05T08:05:58.8524829Z,,fresh-observed-physical-hover,,chronological-manifest.csv,
m7-ci953-theme-20261005,2026-10-05T08:05:58.8524829Z,,fresh-observed-physical-hover,Complete task,actions.jsonl,42
m7-ci953-theme-20261005,2026-10-05T08:06:00.3732180Z,,fresh-observed-physical-hover,,chronological-manifest.csv,
m7-ci953-theme-20261005,2026-10-05T08:06:00.3732180Z,,fresh-observed-physical-hover,Return to Focus Panel,actions.jsonl,43
m7-ci953-theme-20261005,2026-10-05T08:06:01.7510974Z,,native-uia-observed-pointer-click,,chronological-manifest.csv,
m7-ci953-theme-20261005,2026-10-05T08:06:01.7510974Z,,native-uia-observed-pointer-click,Notes,actions.jsonl,44
m7-ci953-theme-20261005,2026-10-05T08:06:02.8959727Z,,native-uia-observed-pointer-click,,chronological-manifest.csv,
m7-ci953-theme-20261005,2026-10-05T08:06:02.8959727Z,,native-uia-observed-pointer-click,Notes,actions.jsonl,45
m7-ci953-theme-20261005,2026-10-05T08:06:03.8412269Z,,native-uia-observed-pointer-click,,chronological-manifest.csv,
m7-ci953-theme-20261005,2026-10-05T08:06:03.8412269Z,,native-uia-observed-pointer-click,Collapse Floating Timer,actions.jsonl,46
m7-ci953-theme-20261005,2026-10-05T08:06:04.9641358Z,,physical-scancode-chord,,chronological-manifest.csv,
m7-ci953-theme-20261005,2026-10-05T08:06:04.9641358Z,,physical-scancode-chord,Ctrl+Shift+P,actions.jsonl,47
m7-ci953-theme-20261005,2026-10-05T08:06:07.2652518Z,,native-uia-invoke,,chronological-manifest.csv,
m7-ci953-theme-20261005,2026-10-05T08:06:07.2652518Z,,native-uia-invoke,Return to Focus Panel,actions.jsonl,48
m7-ci953-theme-20261005,2026-10-05T08:06:18.4825294Z,,os-client-area-animation,,chronological-manifest.csv,
m7-ci953-theme-20261005,2026-10-05T08:06:19.3208721Z,,native-uia-invoke,,chronological-manifest.csv,
m7-ci953-theme-20261005,2026-10-05T08:06:19.3208721Z,,native-uia-invoke,Edit EST: 0:30:00,actions.jsonl,50
m7-ci953-theme-20261005,2026-10-05T08:06:20.4777919Z,,native-uia-invoke,,chronological-manifest.csv,
m7-ci953-theme-20261005,2026-10-05T08:06:20.4777919Z,,native-uia-invoke,Cancel EST edit,actions.jsonl,51
m7-ci953-theme-20261005,2026-10-05T08:06:21.2595482Z,,native-uia-invoke,,chronological-manifest.csv,
m7-ci953-theme-20261005,2026-10-05T08:06:21.2595482Z,,native-uia-invoke,Edit Time Taken: 0:14:06,actions.jsonl,52
m7-ci953-theme-20261005,2026-10-05T08:06:22.4568139Z,,physical-scancode-chord,,chronological-manifest.csv,
m7-ci953-theme-20261005,2026-10-05T08:06:22.4568139Z,,physical-scancode-chord,Escape,actions.jsonl,53
m7-ci953-theme-20261005,2026-10-05T08:06:22.8854171Z,,native-uia-observed-pointer-click,,chronological-manifest.csv,
m7-ci953-theme-20261005,2026-10-05T08:06:22.8854171Z,,native-uia-observed-pointer-click,Notes,actions.jsonl,54
m7-ci953-theme-20261005,2026-10-05T08:06:24.1695346Z,,native-uia-observed-pointer-click,,chronological-manifest.csv,
m7-ci953-theme-20261005,2026-10-05T08:06:24.1695346Z,,native-uia-observed-pointer-click,Open larger notes editor,actions.jsonl,55
m7-ci953-theme-20261005,2026-10-05T08:06:25.4252128Z,,physical-scancode-chord,,chronological-manifest.csv,
m7-ci953-theme-20261005,2026-10-05T08:06:25.4252128Z,,physical-scancode-chord,Escape,actions.jsonl,56
m7-ci953-theme-20261005,2026-10-05T08:06:25.8437271Z,,native-uia-observed-pointer-click,,chronological-manifest.csv,
m7-ci953-theme-20261005,2026-10-05T08:06:25.8437271Z,,native-uia-observed-pointer-click,Notes,actions.jsonl,57
m7-ci953-theme-20261005,2026-10-05T08:06:27.1788702Z,,physical-scancode-chord,,chronological-manifest.csv,
m7-ci953-theme-20261005,2026-10-05T08:06:27.1788702Z,,physical-scancode-chord,Ctrl+End,actions.jsonl,58
m7-ci953-theme-20261005,2026-10-05T08:06:27.9831612Z,,physical-scancode-chord,,chronological-manifest.csv,
m7-ci953-theme-20261005,2026-10-05T08:06:27.9831612Z,,physical-scancode-chord,Ctrl+Home,actions.jsonl,59
m7-ci953-theme-20261005,2026-10-05T08:06:29.0892148Z,,fresh-observed-physical-hover,,chronological-manifest.csv,
m7-ci953-theme-20261005,2026-10-05T08:06:29.0892148Z,,fresh-observed-physical-hover,Task title: M7 CI944 LongUnbrokenTitleForNarrowBoardOverflowAndAccessibleFullTitleValidation1234567890,actions.jsonl,60
m7-ci953-theme-20261005,2026-10-05T08:06:30.6581183Z,,native-uia-invoke,,chronological-manifest.csv,
m7-ci953-theme-20261005,2026-10-05T08:06:30.6581183Z,,native-uia-invoke,Compact view,actions.jsonl,61
m7-ci953-theme-20261005,2026-10-05T08:06:31.6521698Z,,native-uia-observed-pointer-click,,chronological-manifest.csv,
m7-ci953-theme-20261005,2026-10-05T08:06:31.6521698Z,,native-uia-observed-pointer-click,Expand Floating Timer,actions.jsonl,62
m7-ci953-theme-20261005,2026-10-05T08:06:32.9690605Z,,fresh-observed-physical-hover,,chronological-manifest.csv,
m7-ci953-theme-20261005,2026-10-05T08:06:32.9690605Z,,fresh-observed-physical-hover,Start break,actions.jsonl,63
m7-ci953-theme-20261005,2026-10-05T08:06:34.4860456Z,,fresh-observed-physical-hover,,chronological-manifest.csv,
m7-ci953-theme-20261005,2026-10-05T08:06:34.4860456Z,,fresh-observed-physical-hover,Notes,actions.jsonl,64
m7-ci953-theme-20261005,2026-10-05T08:06:36.0187693Z,,fresh-observed-physical-hover,,chronological-manifest.csv,
m7-ci953-theme-20261005,2026-10-05T08:06:36.0187693Z,,fresh-observed-physical-hover,Resume,actions.jsonl,65
m7-ci953-theme-20261005,2026-10-05T08:06:37.6344030Z,,fresh-observed-physical-hover,,chronological-manifest.csv,
m7-ci953-theme-20261005,2026-10-05T08:06:37.6344030Z,,fresh-observed-physical-hover,Skip task,actions.jsonl,66
m7-ci953-theme-20261005,2026-10-05T08:06:39.1478223Z,,fresh-observed-physical-hover,,chronological-manifest.csv,
m7-ci953-theme-20261005,2026-10-05T08:06:39.1478223Z,,fresh-observed-physical-hover,Complete task,actions.jsonl,67
m7-ci953-theme-20261005,2026-10-05T08:06:40.6678997Z,,fresh-observed-physical-hover,,chronological-manifest.csv,
m7-ci953-theme-20261005,2026-10-05T08:06:40.6678997Z,,fresh-observed-physical-hover,Return to Focus Panel,actions.jsonl,68
m7-ci953-theme-20261005,2026-10-05T08:06:42.0302870Z,,native-uia-observed-pointer-click,,chronological-manifest.csv,
m7-ci953-theme-20261005,2026-10-05T08:06:42.0302870Z,,native-uia-observed-pointer-click,Notes,actions.jsonl,69
m7-ci953-theme-20261005,2026-10-05T08:06:43.1852988Z,,native-uia-observed-pointer-click,,chronological-manifest.csv,
m7-ci953-theme-20261005,2026-10-05T08:06:43.1852988Z,,native-uia-observed-pointer-click,Notes,actions.jsonl,70
m7-ci953-theme-20261005,2026-10-05T08:06:44.1383983Z,,native-uia-observed-pointer-click,,chronological-manifest.csv,
m7-ci953-theme-20261005,2026-10-05T08:06:44.1383983Z,,native-uia-observed-pointer-click,Collapse Floating Timer,actions.jsonl,71
m7-ci953-theme-20261005,2026-10-05T08:06:45.3534097Z,,physical-scancode-chord,,chronological-manifest.csv,
m7-ci953-theme-20261005,2026-10-05T08:06:45.3534097Z,,physical-scancode-chord,Ctrl+Shift+P,actions.jsonl,72
m7-ci953-theme-20261005,2026-10-05T08:06:47.6670837Z,,native-uia-invoke,,chronological-manifest.csv,
m7-ci953-theme-20261005,2026-10-05T08:06:47.6670837Z,,native-uia-invoke,Return to Focus Panel,actions.jsonl,73
m7-ci953-theme-20261005,2026-10-05T08:07:59.7787358Z,,SendInput actual virtual-desktop drag,,chronological-manifest.csv,
m7-ci953-theme-20261005,2026-10-05T08:08:04.3414410Z,,SendInput actual virtual-desktop drag,,chronological-manifest.csv,
m7-ci953-theme-20261005,2026-10-05T08:08:08.7059184Z,,os-client-area-animation,,chronological-manifest.csv,
m7-ci953-theme-20261005,2026-10-05T08:08:09.0763412Z,,SendInput actual virtual-desktop drag,,chronological-manifest.csv,
m7-ci953-theme-20261005,2026-10-05T08:08:13.5197523Z,,SendInput actual virtual-desktop drag,,chronological-manifest.csv,
m7-ci953-theme-20261005,2026-10-05T08:08:17.7433186Z,,native-uia-invoke,,chronological-manifest.csv,
m7-ci953-theme-20261005,2026-10-05T08:08:17.7433186Z,,native-uia-invoke,Settings,actions.jsonl,79
m7-ci953-theme-20261005,2026-10-05T08:08:18.0697026Z,,native-uia-observed-pointer-click,,chronological-manifest.csv,
m7-ci953-theme-20261005,2026-10-05T08:08:18.0697026Z,,native-uia-observed-pointer-click,System theme — Follow your Windows color mode,actions.jsonl,80
m7-ci953-theme-20261005,2026-10-05T08:08:32.2275072Z,,native-uia-invoke,,chronological-manifest.csv,
m7-ci953-theme-20261005,2026-10-05T08:08:32.2275072Z,,native-uia-invoke,Home,actions.jsonl,81
m7-ci953-theme-20261005,2026-10-05T08:08:32.5860368Z,,native-uia-invoke,,chronological-manifest.csv,
m7-ci953-theme-20261005,2026-10-05T08:08:32.5860368Z,,native-uia-invoke,Open,actions.jsonl,82
m7-ci953-theme-20261005,2026-10-05T08:09:11.4727869Z,,os-client-area-animation,,chronological-manifest.csv,
m7-ci953-theme-20261005,2026-10-05T08:09:12.2324543Z,,native-uia-observed-pointer-click,,chronological-manifest.csv,
m7-ci953-theme-20261005,2026-10-05T08:09:12.2324543Z,,native-uia-observed-pointer-click,Task actions,actions.jsonl,84
m7-ci953-theme-20261005,2026-10-05T08:09:12.7508048Z,,native-uia-invoke,,chronological-manifest.csv,
m7-ci953-theme-20261005,2026-10-05T08:09:12.7508048Z,,native-uia-invoke,Delete,actions.jsonl,85
m7-ci953-theme-20261005,2026-10-05T08:09:14.0576708Z,,native-uia-invoke,,chronological-manifest.csv,
m7-ci953-theme-20261005,2026-10-05T08:09:14.0576708Z,,native-uia-invoke,Cancel permanent task deletion,actions.jsonl,86
m7-ci953-theme-20261005,2026-10-05T08:09:14.4649738Z,,physical-scancode-chord,,chronological-manifest.csv,
m7-ci953-theme-20261005,2026-10-05T08:09:14.4649738Z,,physical-scancode-chord,Escape,actions.jsonl,87
m7-ci953-theme-20261005,2026-10-05T08:09:14.9105645Z,,native-uia-invoke,,chronological-manifest.csv,
m7-ci953-theme-20261005,2026-10-05T08:09:14.9105645Z,,native-uia-invoke,Edit Est: —,actions.jsonl,88
m7-ci953-theme-20261005,2026-10-05T08:09:15.5411628Z,,native-uia-invoke,,chronological-manifest.csv,
m7-ci953-theme-20261005,2026-10-05T08:09:15.5411628Z,,native-uia-invoke,Cancel metric edit,actions.jsonl,89
m7-ci953-theme-20261005,2026-10-05T08:09:15.8618751Z,,native-uia-invoke,,chronological-manifest.csv,
m7-ci953-theme-20261005,2026-10-05T08:09:15.8618751Z,,native-uia-invoke,Edit Taken: 0m,actions.jsonl,90
m7-ci953-theme-20261005,2026-10-05T08:09:16.4718465Z,,physical-scancode-chord,,chronological-manifest.csv,
m7-ci953-theme-20261005,2026-10-05T08:09:16.4718465Z,,physical-scancode-chord,Escape,actions.jsonl,91
m7-ci953-theme-20261005,2026-10-05T08:09:17.5379933Z,,os-client-area-animation,,chronological-manifest.csv,
m7-ci953-theme-20261005,2026-10-05T08:09:17.9248005Z,,native-uia-invoke,,chronological-manifest.csv,
m7-ci953-theme-20261005,2026-10-05T08:09:17.9248005Z,,native-uia-invoke,Edit EST: 0:30:00,actions.jsonl,93
m7-ci953-theme-20261005,2026-10-05T08:09:18.9991592Z,,native-uia-invoke,,chronological-manifest.csv,
m7-ci953-theme-20261005,2026-10-05T08:09:18.9991592Z,,native-uia-invoke,Cancel EST edit,actions.jsonl,94
m7-ci953-theme-20261005,2026-10-05T08:09:19.7630724Z,,native-uia-invoke,,chronological-manifest.csv,
m7-ci953-theme-20261005,2026-10-05T08:09:19.7630724Z,,native-uia-invoke,Edit Time Taken: 0:14:06,actions.jsonl,95
m7-ci953-theme-20261005,2026-10-05T08:09:20.8160272Z,,physical-scancode-chord,,chronological-manifest.csv,
m7-ci953-theme-20261005,2026-10-05T08:09:20.8160272Z,,physical-scancode-chord,Escape,actions.jsonl,96
m7-ci953-theme-20261005,2026-10-05T08:09:21.2418770Z,,native-uia-observed-pointer-click,,chronological-manifest.csv,
m7-ci953-theme-20261005,2026-10-05T08:09:21.2418770Z,,native-uia-observed-pointer-click,Notes,actions.jsonl,97
m7-ci953-theme-20261005,2026-10-05T08:09:22.5093634Z,,native-uia-observed-pointer-click,,chronological-manifest.csv,
m7-ci953-theme-20261005,2026-10-05T08:09:22.5093634Z,,native-uia-observed-pointer-click,Open larger notes editor,actions.jsonl,98
m7-ci953-theme-20261005,2026-10-05T08:09:23.7278321Z,,physical-scancode-chord,,chronological-manifest.csv,
m7-ci953-theme-20261005,2026-10-05T08:09:23.7278321Z,,physical-scancode-chord,Escape,actions.jsonl,99
m7-ci953-theme-20261005,2026-10-05T08:09:24.1546929Z,,native-uia-observed-pointer-click,,chronological-manifest.csv,
m7-ci953-theme-20261005,2026-10-05T08:09:24.1546929Z,,native-uia-observed-pointer-click,Notes,actions.jsonl,100
m7-ci953-theme-20261005,2026-10-05T08:09:25.4313416Z,,physical-scancode-chord,,chronological-manifest.csv,
m7-ci953-theme-20261005,2026-10-05T08:09:25.4313416Z,,physical-scancode-chord,Ctrl+End,actions.jsonl,101
m7-ci953-theme-20261005,2026-10-05T08:09:26.1992893Z,,physical-scancode-chord,,chronological-manifest.csv,
m7-ci953-theme-20261005,2026-10-05T08:09:26.1992893Z,,physical-scancode-chord,Ctrl+Home,actions.jsonl,102
m7-ci953-theme-20261005,2026-10-05T08:09:27.2849055Z,,fresh-observed-physical-hover,,chronological-manifest.csv,
m7-ci953-theme-20261005,2026-10-05T08:09:27.2849055Z,,fresh-observed-physical-hover,Task title: M7 CI944 LongUnbrokenTitleForNarrowBoardOverflowAndAccessibleFullTitleValidation1234567890,actions.jsonl,103
m7-ci953-theme-20261005,2026-10-05T08:09:28.8045045Z,,native-uia-invoke,,chronological-manifest.csv,
m7-ci953-theme-20261005,2026-10-05T08:09:28.8045045Z,,native-uia-invoke,Compact view,actions.jsonl,104
m7-ci953-theme-20261005,2026-10-05T08:09:29.7599480Z,,native-uia-observed-pointer-click,,chronological-manifest.csv,
m7-ci953-theme-20261005,2026-10-05T08:09:29.7599480Z,,native-uia-observed-pointer-click,Expand Floating Timer,actions.jsonl,105
m7-ci953-theme-20261005,2026-10-05T08:09:31.1044341Z,,fresh-observed-physical-hover,,chronological-manifest.csv,
m7-ci953-theme-20261005,2026-10-05T08:09:31.1044341Z,,fresh-observed-physical-hover,Start break,actions.jsonl,106
m7-ci953-theme-20261005,2026-10-05T08:09:32.6319422Z,,fresh-observed-physical-hover,,chronological-manifest.csv,
m7-ci953-theme-20261005,2026-10-05T08:09:32.6319422Z,,fresh-observed-physical-hover,Notes,actions.jsonl,107
m7-ci953-theme-20261005,2026-10-05T08:09:34.2003425Z,,fresh-observed-physical-hover,,chronological-manifest.csv,
m7-ci953-theme-20261005,2026-10-05T08:09:34.2003425Z,,fresh-observed-physical-hover,Resume,actions.jsonl,108
m7-ci953-theme-20261005,2026-10-05T08:09:35.7376217Z,,fresh-observed-physical-hover,,chronological-manifest.csv,
m7-ci953-theme-20261005,2026-10-05T08:09:35.7376217Z,,fresh-observed-physical-hover,Skip task,actions.jsonl,109
m7-ci953-theme-20261005,2026-10-05T08:09:37.2603897Z,,fresh-observed-physical-hover,,chronological-manifest.csv,
m7-ci953-theme-20261005,2026-10-05T08:09:37.2603897Z,,fresh-observed-physical-hover,Complete task,actions.jsonl,110
m7-ci953-theme-20261005,2026-10-05T08:09:38.8030399Z,,fresh-observed-physical-hover,,chronological-manifest.csv,
m7-ci953-theme-20261005,2026-10-05T08:09:38.8030399Z,,fresh-observed-physical-hover,Return to Focus Panel,actions.jsonl,111
m7-ci953-theme-20261005,2026-10-05T08:09:40.1491000Z,,native-uia-observed-pointer-click,,chronological-manifest.csv,
m7-ci953-theme-20261005,2026-10-05T08:09:40.1491000Z,,native-uia-observed-pointer-click,Notes,actions.jsonl,112
m7-ci953-theme-20261005,2026-10-05T08:09:41.3288591Z,,native-uia-observed-pointer-click,,chronological-manifest.csv,
m7-ci953-theme-20261005,2026-10-05T08:09:41.3288591Z,,native-uia-observed-pointer-click,Notes,actions.jsonl,113
m7-ci953-theme-20261005,2026-10-05T08:09:42.2705096Z,,native-uia-observed-pointer-click,,chronological-manifest.csv,
m7-ci953-theme-20261005,2026-10-05T08:09:42.2705096Z,,native-uia-observed-pointer-click,Collapse Floating Timer,actions.jsonl,114
m7-ci953-theme-20261005,2026-10-05T08:09:43.4126065Z,,physical-scancode-chord,,chronological-manifest.csv,
m7-ci953-theme-20261005,2026-10-05T08:09:43.4126065Z,,physical-scancode-chord,Ctrl+Shift+P,actions.jsonl,115
m7-ci953-theme-20261005,2026-10-05T08:09:45.7312708Z,,native-uia-invoke,,chronological-manifest.csv,
m7-ci953-theme-20261005,2026-10-05T08:09:45.7312708Z,,native-uia-invoke,Return to Focus Panel,actions.jsonl,116
m7-ci953-theme-20261005,2026-10-05T08:09:55.6462066Z,,os-client-area-animation,,chronological-manifest.csv,
m7-ci953-theme-20261005,2026-10-05T08:09:56.3973621Z,,native-uia-observed-pointer-click,,chronological-manifest.csv,
m7-ci953-theme-20261005,2026-10-05T08:09:56.3973621Z,,native-uia-observed-pointer-click,Task actions,actions.jsonl,118
m7-ci953-theme-20261005,2026-10-05T08:09:56.9240564Z,,native-uia-invoke,,chronological-manifest.csv,
m7-ci953-theme-20261005,2026-10-05T08:09:56.9240564Z,,native-uia-invoke,Delete,actions.jsonl,119
m7-ci953-theme-20261005,2026-10-05T08:09:58.2376044Z,,native-uia-invoke,,chronological-manifest.csv,
m7-ci953-theme-20261005,2026-10-05T08:09:58.2376044Z,,native-uia-invoke,Cancel permanent task deletion,actions.jsonl,120
m7-ci953-theme-20261005,2026-10-05T08:09:58.6448828Z,,physical-scancode-chord,,chronological-manifest.csv,
m7-ci953-theme-20261005,2026-10-05T08:09:58.6448828Z,,physical-scancode-chord,Escape,actions.jsonl,121
m7-ci953-theme-20261005,2026-10-05T08:09:59.0719751Z,,native-uia-invoke,,chronological-manifest.csv,
m7-ci953-theme-20261005,2026-10-05T08:09:59.0719751Z,,native-uia-invoke,Edit Est: —,actions.jsonl,122
m7-ci953-theme-20261005,2026-10-05T08:09:59.7138876Z,,native-uia-invoke,,chronological-manifest.csv,
m7-ci953-theme-20261005,2026-10-05T08:09:59.7138876Z,,native-uia-invoke,Cancel metric edit,actions.jsonl,123
m7-ci953-theme-20261005,2026-10-05T08:10:00.0359931Z,,native-uia-invoke,,chronological-manifest.csv,
m7-ci953-theme-20261005,2026-10-05T08:10:00.0359931Z,,native-uia-invoke,Edit Taken: 0m,actions.jsonl,124
m7-ci953-theme-20261005,2026-10-05T08:10:00.6366467Z,,physical-scancode-chord,,chronological-manifest.csv,
m7-ci953-theme-20261005,2026-10-05T08:10:00.6366467Z,,physical-scancode-chord,Escape,actions.jsonl,125
m7-ci953-theme-20261005,2026-10-05T08:10:01.7462471Z,,os-client-area-animation,,chronological-manifest.csv,
m7-ci953-theme-20261005,2026-10-05T08:10:02.1333850Z,,native-uia-invoke,,chronological-manifest.csv,
m7-ci953-theme-20261005,2026-10-05T08:10:02.1333850Z,,native-uia-invoke,Edit EST: 0:30:00,actions.jsonl,127
m7-ci953-theme-20261005,2026-10-05T08:10:03.2117414Z,,native-uia-invoke,,chronological-manifest.csv,
m7-ci953-theme-20261005,2026-10-05T08:10:03.2117414Z,,native-uia-invoke,Cancel EST edit,actions.jsonl,128
m7-ci953-theme-20261005,2026-10-05T08:10:03.9791340Z,,native-uia-invoke,,chronological-manifest.csv,
m7-ci953-theme-20261005,2026-10-05T08:10:03.9791340Z,,native-uia-invoke,Edit Time Taken: 0:14:06,actions.jsonl,129
m7-ci953-theme-20261005,2026-10-05T08:10:05.0320360Z,,physical-scancode-chord,,chronological-manifest.csv,
m7-ci953-theme-20261005,2026-10-05T08:10:05.0320360Z,,physical-scancode-chord,Escape,actions.jsonl,130
m7-ci953-theme-20261005,2026-10-05T08:10:05.4485610Z,,native-uia-observed-pointer-click,,chronological-manifest.csv,
m7-ci953-theme-20261005,2026-10-05T08:10:05.4485610Z,,native-uia-observed-pointer-click,Notes,actions.jsonl,131
m7-ci953-theme-20261005,2026-10-05T08:10:06.7563430Z,,native-uia-observed-pointer-click,,chronological-manifest.csv,
m7-ci953-theme-20261005,2026-10-05T08:10:06.7563430Z,,native-uia-observed-pointer-click,Open larger notes editor,actions.jsonl,132
m7-ci953-theme-20261005,2026-10-05T08:10:07.9816735Z,,physical-scancode-chord,,chronological-manifest.csv,
m7-ci953-theme-20261005,2026-10-05T08:10:07.9816735Z,,physical-scancode-chord,Escape,actions.jsonl,133
m7-ci953-theme-20261005,2026-10-05T08:10:08.4109859Z,,native-uia-observed-pointer-click,,chronological-manifest.csv,
m7-ci953-theme-20261005,2026-10-05T08:10:08.4109859Z,,native-uia-observed-pointer-click,Notes,actions.jsonl,134
m7-ci953-theme-20261005,2026-10-05T08:10:09.7003967Z,,physical-scancode-chord,,chronological-manifest.csv,
m7-ci953-theme-20261005,2026-10-05T08:10:09.7003967Z,,physical-scancode-chord,Ctrl+End,actions.jsonl,135
m7-ci953-theme-20261005,2026-10-05T08:10:10.4676636Z,,physical-scancode-chord,,chronological-manifest.csv,
m7-ci953-theme-20261005,2026-10-05T08:10:10.4676636Z,,physical-scancode-chord,Ctrl+Home,actions.jsonl,136
m7-ci953-theme-20261005,2026-10-05T08:10:11.5467085Z,,fresh-observed-physical-hover,,chronological-manifest.csv,
m7-ci953-theme-20261005,2026-10-05T08:10:11.5467085Z,,fresh-observed-physical-hover,Task title: M7 CI944 LongUnbrokenTitleForNarrowBoardOverflowAndAccessibleFullTitleValidation1234567890,actions.jsonl,137
m7-ci953-theme-20261005,2026-10-05T08:10:13.0672864Z,,native-uia-invoke,,chronological-manifest.csv,
m7-ci953-theme-20261005,2026-10-05T08:10:13.0672864Z,,native-uia-invoke,Compact view,actions.jsonl,138
m7-ci953-theme-20261005,2026-10-05T08:10:14.0217544Z,,native-uia-observed-pointer-click,,chronological-manifest.csv,
m7-ci953-theme-20261005,2026-10-05T08:10:14.0217544Z,,native-uia-observed-pointer-click,Expand Floating Timer,actions.jsonl,139
m7-ci953-theme-20261005,2026-10-05T08:10:15.3519066Z,,fresh-observed-physical-hover,,chronological-manifest.csv,
m7-ci953-theme-20261005,2026-10-05T08:10:15.3519066Z,,fresh-observed-physical-hover,Start break,actions.jsonl,140
m7-ci953-theme-20261005,2026-10-05T08:10:16.8690309Z,,fresh-observed-physical-hover,,chronological-manifest.csv,
m7-ci953-theme-20261005,2026-10-05T08:10:16.8690309Z,,fresh-observed-physical-hover,Notes,actions.jsonl,141
m7-ci953-theme-20261005,2026-10-05T08:10:18.3986101Z,,fresh-observed-physical-hover,,chronological-manifest.csv,
m7-ci953-theme-20261005,2026-10-05T08:10:18.3986101Z,,fresh-observed-physical-hover,Resume,actions.jsonl,142
m7-ci953-theme-20261005,2026-10-05T08:10:19.9294638Z,,fresh-observed-physical-hover,,chronological-manifest.csv,
m7-ci953-theme-20261005,2026-10-05T08:10:19.9294638Z,,fresh-observed-physical-hover,Skip task,actions.jsonl,143
m7-ci953-theme-20261005,2026-10-05T08:10:21.4486073Z,,fresh-observed-physical-hover,,chronological-manifest.csv,
m7-ci953-theme-20261005,2026-10-05T08:10:21.4486073Z,,fresh-observed-physical-hover,Complete task,actions.jsonl,144
m7-ci953-theme-20261005,2026-10-05T08:10:22.9758769Z,,fresh-observed-physical-hover,,chronological-manifest.csv,
m7-ci953-theme-20261005,2026-10-05T08:10:22.9758769Z,,fresh-observed-physical-hover,Return to Focus Panel,actions.jsonl,145
m7-ci953-theme-20261005,2026-10-05T08:10:24.3211725Z,,native-uia-observed-pointer-click,,chronological-manifest.csv,
m7-ci953-theme-20261005,2026-10-05T08:10:24.3211725Z,,native-uia-observed-pointer-click,Notes,actions.jsonl,146
m7-ci953-theme-20261005,2026-10-05T08:10:25.4866675Z,,native-uia-observed-pointer-click,,chronological-manifest.csv,
m7-ci953-theme-20261005,2026-10-05T08:10:25.4866675Z,,native-uia-observed-pointer-click,Notes,actions.jsonl,147
m7-ci953-theme-20261005,2026-10-05T08:10:26.4285957Z,,native-uia-observed-pointer-click,,chronological-manifest.csv,
m7-ci953-theme-20261005,2026-10-05T08:10:26.4285957Z,,native-uia-observed-pointer-click,Collapse Floating Timer,actions.jsonl,148
m7-ci953-theme-20261005,2026-10-05T08:10:27.6443958Z,,physical-scancode-chord,,chronological-manifest.csv,
m7-ci953-theme-20261005,2026-10-05T08:10:27.6443958Z,,physical-scancode-chord,Ctrl+Shift+P,actions.jsonl,149
m7-ci953-theme-20261005,2026-10-05T08:10:28.9484265Z,,observed-os-theme-registry-read,,chronological-manifest.csv,
m7-ci953-theme-20261005,2026-10-05T08:10:29.9819106Z,,native-uia-invoke,,chronological-manifest.csv,
m7-ci953-theme-20261005,2026-10-05T08:10:29.9819106Z,,native-uia-invoke,Return to Focus Panel,actions.jsonl,151
m7-ci953-theme-20261005,2026-10-05T08:11:06.9795396Z,,observed-Windows-Colors-combo-pointer-open,,chronological-manifest.csv,
m7-ci953-theme-20261005,2026-10-05T08:11:06.9795396Z,,observed-Windows-Colors-combo-pointer-open,Choose your color,actions.jsonl,152
m7-ci953-theme-20261005,2026-10-05T08:11:30.0796187Z,,observed-Windows-color-light-pointer-selection,,chronological-manifest.csv,
m7-ci953-theme-20261005,2026-10-05T08:11:30.0796187Z,,observed-Windows-color-light-pointer-selection,Light,actions.jsonl,153
m7-ci953-theme-20261005,2026-10-05T08:11:38.0570584Z,,os-client-area-animation,,chronological-manifest.csv,
m7-ci953-theme-20261005,2026-10-05T08:11:38.6176613Z,,native-uia-observed-pointer-click,,chronological-manifest.csv,
m7-ci953-theme-20261005,2026-10-05T08:11:38.6176613Z,,native-uia-observed-pointer-click,Task actions,actions.jsonl,155
m7-ci953-theme-20261005,2026-10-05T08:11:39.1753216Z,,native-uia-invoke,,chronological-manifest.csv,
m7-ci953-theme-20261005,2026-10-05T08:11:39.1753216Z,,native-uia-invoke,Delete,actions.jsonl,156
m7-ci953-theme-20261005,2026-10-05T08:11:40.3273403Z,,native-uia-invoke,,chronological-manifest.csv,
m7-ci953-theme-20261005,2026-10-05T08:11:40.3273403Z,,native-uia-invoke,Cancel permanent task deletion,actions.jsonl,157
m7-ci953-theme-20261005,2026-10-05T08:11:40.7065975Z,,physical-scancode-chord,,chronological-manifest.csv,
m7-ci953-theme-20261005,2026-10-05T08:11:40.7065975Z,,physical-scancode-chord,Escape,actions.jsonl,158
m7-ci953-theme-20261005,2026-10-05T08:11:41.1323123Z,,native-uia-invoke,,chronological-manifest.csv,
m7-ci953-theme-20261005,2026-10-05T08:11:41.1323123Z,,native-uia-invoke,Edit Est: —,actions.jsonl,159
m7-ci953-theme-20261005,2026-10-05T08:11:41.7501852Z,,native-uia-invoke,,chronological-manifest.csv,
m7-ci953-theme-20261005,2026-10-05T08:11:41.7501852Z,,native-uia-invoke,Cancel metric edit,actions.jsonl,160
m7-ci953-theme-20261005,2026-10-05T08:11:42.0671013Z,,native-uia-invoke,,chronological-manifest.csv,
m7-ci953-theme-20261005,2026-10-05T08:11:42.0671013Z,,native-uia-invoke,Edit Taken: 0m,actions.jsonl,161
m7-ci953-theme-20261005,2026-10-05T08:11:42.6752257Z,,physical-scancode-chord,,chronological-manifest.csv,
m7-ci953-theme-20261005,2026-10-05T08:11:42.6752257Z,,physical-scancode-chord,Escape,actions.jsonl,162
m7-ci953-theme-20261005,2026-10-05T08:11:43.7837177Z,,os-client-area-animation,,chronological-manifest.csv,
m7-ci953-theme-20261005,2026-10-05T08:11:44.1520670Z,,native-uia-invoke,,chronological-manifest.csv,
m7-ci953-theme-20261005,2026-10-05T08:11:44.1520670Z,,native-uia-invoke,Edit EST: 0:30:00,actions.jsonl,164
m7-ci953-theme-20261005,2026-10-05T08:11:45.2499823Z,,native-uia-invoke,,chronological-manifest.csv,
m7-ci953-theme-20261005,2026-10-05T08:11:45.2499823Z,,native-uia-invoke,Cancel EST edit,actions.jsonl,165
m7-ci953-theme-20261005,2026-10-05T08:11:46.0485523Z,,native-uia-invoke,,chronological-manifest.csv,
m7-ci953-theme-20261005,2026-10-05T08:11:46.0485523Z,,native-uia-invoke,Edit Time Taken: 0:14:06,actions.jsonl,166
m7-ci953-theme-20261005,2026-10-05T08:11:47.0937655Z,,physical-scancode-chord,,chronological-manifest.csv,
m7-ci953-theme-20261005,2026-10-05T08:11:47.0937655Z,,physical-scancode-chord,Escape,actions.jsonl,167
m7-ci953-theme-20261005,2026-10-05T08:11:47.5135850Z,,native-uia-observed-pointer-click,,chronological-manifest.csv,
m7-ci953-theme-20261005,2026-10-05T08:11:47.5135850Z,,native-uia-observed-pointer-click,Notes,actions.jsonl,168
m7-ci953-theme-20261005,2026-10-05T08:11:48.8001530Z,,native-uia-observed-pointer-click,,chronological-manifest.csv,
m7-ci953-theme-20261005,2026-10-05T08:11:48.8001530Z,,native-uia-observed-pointer-click,Open larger notes editor,actions.jsonl,169
m7-ci953-theme-20261005,2026-10-05T08:11:50.0306638Z,,physical-scancode-chord,,chronological-manifest.csv,
m7-ci953-theme-20261005,2026-10-05T08:11:50.0306638Z,,physical-scancode-chord,Escape,actions.jsonl,170
m7-ci953-theme-20261005,2026-10-05T08:11:50.4625557Z,,native-uia-observed-pointer-click,,chronological-manifest.csv,
m7-ci953-theme-20261005,2026-10-05T08:11:50.4625557Z,,native-uia-observed-pointer-click,Notes,actions.jsonl,171
m7-ci953-theme-20261005,2026-10-05T08:11:51.7592457Z,,physical-scancode-chord,,chronological-manifest.csv,
m7-ci953-theme-20261005,2026-10-05T08:11:51.7592457Z,,physical-scancode-chord,Ctrl+End,actions.jsonl,172
m7-ci953-theme-20261005,2026-10-05T08:11:52.5323011Z,,physical-scancode-chord,,chronological-manifest.csv,
m7-ci953-theme-20261005,2026-10-05T08:11:52.5323011Z,,physical-scancode-chord,Ctrl+Home,actions.jsonl,173
m7-ci953-theme-20261005,2026-10-05T08:11:53.6124676Z,,fresh-observed-physical-hover,,chronological-manifest.csv,
m7-ci953-theme-20261005,2026-10-05T08:11:53.6124676Z,,fresh-observed-physical-hover,Task title: M7 CI944 LongUnbrokenTitleForNarrowBoardOverflowAndAccessibleFullTitleValidation1234567890,actions.jsonl,174
m7-ci953-theme-20261005,2026-10-05T08:11:55.0432306Z,,native-uia-invoke,,chronological-manifest.csv,
m7-ci953-theme-20261005,2026-10-05T08:11:55.0432306Z,,native-uia-invoke,Compact view,actions.jsonl,175
m7-ci953-theme-20261005,2026-10-05T08:11:56.0085354Z,,native-uia-observed-pointer-click,,chronological-manifest.csv,
m7-ci953-theme-20261005,2026-10-05T08:11:56.0085354Z,,native-uia-observed-pointer-click,Expand Floating Timer,actions.jsonl,176
m7-ci953-theme-20261005,2026-10-05T08:11:57.3559196Z,,fresh-observed-physical-hover,,chronological-manifest.csv,
m7-ci953-theme-20261005,2026-10-05T08:11:57.3559196Z,,fresh-observed-physical-hover,Start break,actions.jsonl,177
m7-ci953-theme-20261005,2026-10-05T08:11:58.8874085Z,,fresh-observed-physical-hover,,chronological-manifest.csv,
m7-ci953-theme-20261005,2026-10-05T08:11:58.8874085Z,,fresh-observed-physical-hover,Notes,actions.jsonl,178
m7-ci953-theme-20261005,2026-10-05T08:12:00.4542333Z,,fresh-observed-physical-hover,,chronological-manifest.csv,
m7-ci953-theme-20261005,2026-10-05T08:12:00.4542333Z,,fresh-observed-physical-hover,Resume,actions.jsonl,179
m7-ci953-theme-20261005,2026-10-05T08:12:01.9936956Z,,fresh-observed-physical-hover,,chronological-manifest.csv,
m7-ci953-theme-20261005,2026-10-05T08:12:01.9936956Z,,fresh-observed-physical-hover,Skip task,actions.jsonl,180
m7-ci953-theme-20261005,2026-10-05T08:12:03.5266988Z,,fresh-observed-physical-hover,,chronological-manifest.csv,
m7-ci953-theme-20261005,2026-10-05T08:12:03.5266988Z,,fresh-observed-physical-hover,Complete task,actions.jsonl,181
m7-ci953-theme-20261005,2026-10-05T08:12:05.0583987Z,,fresh-observed-physical-hover,,chronological-manifest.csv,
m7-ci953-theme-20261005,2026-10-05T08:12:05.0583987Z,,fresh-observed-physical-hover,Return to Focus Panel,actions.jsonl,182
m7-ci953-theme-20261005,2026-10-05T08:12:06.3955481Z,,native-uia-observed-pointer-click,,chronological-manifest.csv,
m7-ci953-theme-20261005,2026-10-05T08:12:06.3955481Z,,native-uia-observed-pointer-click,Notes,actions.jsonl,183
m7-ci953-theme-20261005,2026-10-05T08:12:07.5760450Z,,native-uia-observed-pointer-click,,chronological-manifest.csv,
m7-ci953-theme-20261005,2026-10-05T08:12:07.5760450Z,,native-uia-observed-pointer-click,Notes,actions.jsonl,184
m7-ci953-theme-20261005,2026-10-05T08:12:08.5333554Z,,native-uia-observed-pointer-click,,chronological-manifest.csv,
m7-ci953-theme-20261005,2026-10-05T08:12:08.5333554Z,,native-uia-observed-pointer-click,Collapse Floating Timer,actions.jsonl,185
m7-ci953-theme-20261005,2026-10-05T08:12:09.7452396Z,,physical-scancode-chord,,chronological-manifest.csv,
m7-ci953-theme-20261005,2026-10-05T08:12:09.7452396Z,,physical-scancode-chord,Ctrl+Shift+P,actions.jsonl,186
m7-ci953-theme-20261005,2026-10-05T08:12:12.0777061Z,,native-uia-invoke,,chronological-manifest.csv,
m7-ci953-theme-20261005,2026-10-05T08:12:12.0777061Z,,native-uia-invoke,Return to Focus Panel,actions.jsonl,187
m7-ci953-theme-20261005,2026-10-05T08:12:27.7963557Z,,os-client-area-animation,,chronological-manifest.csv,
m7-ci953-theme-20261005,2026-10-05T08:12:28.5497156Z,,native-uia-observed-pointer-click,,chronological-manifest.csv,
m7-ci953-theme-20261005,2026-10-05T08:12:28.5497156Z,,native-uia-observed-pointer-click,Task actions,actions.jsonl,189
m7-ci953-theme-20261005,2026-10-05T08:12:29.0662398Z,,native-uia-invoke,,chronological-manifest.csv,
m7-ci953-theme-20261005,2026-10-05T08:12:29.0662398Z,,native-uia-invoke,Delete,actions.jsonl,190
m7-ci953-theme-20261005,2026-10-05T08:12:30.3653075Z,,native-uia-invoke,,chronological-manifest.csv,
m7-ci953-theme-20261005,2026-10-05T08:12:30.3653075Z,,native-uia-invoke,Cancel permanent task deletion,actions.jsonl,191
m7-ci953-theme-20261005,2026-10-05T08:12:30.7699728Z,,physical-scancode-chord,,chronological-manifest.csv,
m7-ci953-theme-20261005,2026-10-05T08:12:30.7699728Z,,physical-scancode-chord,Escape,actions.jsonl,192
m7-ci953-theme-20261005,2026-10-05T08:12:31.1872589Z,,native-uia-invoke,,chronological-manifest.csv,
m7-ci953-theme-20261005,2026-10-05T08:12:31.1872589Z,,native-uia-invoke,Edit Est: —,actions.jsonl,193
m7-ci953-theme-20261005,2026-10-05T08:12:31.8536714Z,,native-uia-invoke,,chronological-manifest.csv,
m7-ci953-theme-20261005,2026-10-05T08:12:31.8536714Z,,native-uia-invoke,Cancel metric edit,actions.jsonl,194
m7-ci953-theme-20261005,2026-10-05T08:12:32.1792224Z,,native-uia-invoke,,chronological-manifest.csv,
m7-ci953-theme-20261005,2026-10-05T08:12:32.1792224Z,,native-uia-invoke,Edit Taken: 0m,actions.jsonl,195
m7-ci953-theme-20261005,2026-10-05T08:12:32.7852243Z,,physical-scancode-chord,,chronological-manifest.csv,
m7-ci953-theme-20261005,2026-10-05T08:12:32.7852243Z,,physical-scancode-chord,Escape,actions.jsonl,196
m7-ci953-theme-20261005,2026-10-05T08:12:33.8334361Z,,os-client-area-animation,,chronological-manifest.csv,
m7-ci953-theme-20261005,2026-10-05T08:12:34.2103619Z,,native-uia-invoke,,chronological-manifest.csv,
m7-ci953-theme-20261005,2026-10-05T08:12:34.2103619Z,,native-uia-invoke,Edit EST: 0:30:00,actions.jsonl,198
m7-ci953-theme-20261005,2026-10-05T08:12:35.2967622Z,,native-uia-invoke,,chronological-manifest.csv,
m7-ci953-theme-20261005,2026-10-05T08:12:35.2967622Z,,native-uia-invoke,Cancel EST edit,actions.jsonl,199
m7-ci953-theme-20261005,2026-10-05T08:12:36.0727710Z,,native-uia-invoke,,chronological-manifest.csv,
m7-ci953-theme-20261005,2026-10-05T08:12:36.0727710Z,,native-uia-invoke,Edit Time Taken: 0:14:06,actions.jsonl,200
m7-ci953-theme-20261005,2026-10-05T08:12:37.1195728Z,,physical-scancode-chord,,chronological-manifest.csv,
m7-ci953-theme-20261005,2026-10-05T08:12:37.1195728Z,,physical-scancode-chord,Escape,actions.jsonl,201
m7-ci953-theme-20261005,2026-10-05T08:12:37.5432368Z,,native-uia-observed-pointer-click,,chronological-manifest.csv,
m7-ci953-theme-20261005,2026-10-05T08:12:37.5432368Z,,native-uia-observed-pointer-click,Notes,actions.jsonl,202
m7-ci953-theme-20261005,2026-10-05T08:12:38.8096175Z,,native-uia-observed-pointer-click,,chronological-manifest.csv,
m7-ci953-theme-20261005,2026-10-05T08:12:38.8096175Z,,native-uia-observed-pointer-click,Open larger notes editor,actions.jsonl,203
m7-ci953-theme-20261005,2026-10-05T08:12:40.0433300Z,,physical-scancode-chord,,chronological-manifest.csv,
m7-ci953-theme-20261005,2026-10-05T08:12:40.0433300Z,,physical-scancode-chord,Escape,actions.jsonl,204
m7-ci953-theme-20261005,2026-10-05T08:12:40.4722580Z,,native-uia-observed-pointer-click,,chronological-manifest.csv,
m7-ci953-theme-20261005,2026-10-05T08:12:40.4722580Z,,native-uia-observed-pointer-click,Notes,actions.jsonl,205
m7-ci953-theme-20261005,2026-10-05T08:12:41.7548957Z,,physical-scancode-chord,,chronological-manifest.csv,
m7-ci953-theme-20261005,2026-10-05T08:12:41.7548957Z,,physical-scancode-chord,Ctrl+End,actions.jsonl,206
m7-ci953-theme-20261005,2026-10-05T08:12:42.5341991Z,,physical-scancode-chord,,chronological-manifest.csv,
m7-ci953-theme-20261005,2026-10-05T08:12:42.5341991Z,,physical-scancode-chord,Ctrl+Home,actions.jsonl,207
m7-ci953-theme-20261005,2026-10-05T08:12:43.6290856Z,,fresh-observed-physical-hover,,chronological-manifest.csv,
m7-ci953-theme-20261005,2026-10-05T08:12:43.6290856Z,,fresh-observed-physical-hover,Task title: M7 CI944 LongUnbrokenTitleForNarrowBoardOverflowAndAccessibleFullTitleValidation1234567890,actions.jsonl,208
m7-ci953-theme-20261005,2026-10-05T08:12:45.1590969Z,,native-uia-invoke,,chronological-manifest.csv,
m7-ci953-theme-20261005,2026-10-05T08:12:45.1590969Z,,native-uia-invoke,Compact view,actions.jsonl,209
m7-ci953-theme-20261005,2026-10-05T08:12:46.1325421Z,,native-uia-observed-pointer-click,,chronological-manifest.csv,
m7-ci953-theme-20261005,2026-10-05T08:12:46.1325421Z,,native-uia-observed-pointer-click,Expand Floating Timer,actions.jsonl,210
m7-ci953-theme-20261005,2026-10-05T08:12:47.4737088Z,,fresh-observed-physical-hover,,chronological-manifest.csv,
m7-ci953-theme-20261005,2026-10-05T08:12:47.4737088Z,,fresh-observed-physical-hover,Start break,actions.jsonl,211
m7-ci953-theme-20261005,2026-10-05T08:12:49.0112265Z,,fresh-observed-physical-hover,,chronological-manifest.csv,
m7-ci953-theme-20261005,2026-10-05T08:12:49.0112265Z,,fresh-observed-physical-hover,Notes,actions.jsonl,212
m7-ci953-theme-20261005,2026-10-05T08:12:50.5381875Z,,fresh-observed-physical-hover,,chronological-manifest.csv,
m7-ci953-theme-20261005,2026-10-05T08:12:50.5381875Z,,fresh-observed-physical-hover,Resume,actions.jsonl,213
m7-ci953-theme-20261005,2026-10-05T08:12:52.0627487Z,,fresh-observed-physical-hover,,chronological-manifest.csv,
m7-ci953-theme-20261005,2026-10-05T08:12:52.0627487Z,,fresh-observed-physical-hover,Skip task,actions.jsonl,214
m7-ci953-theme-20261005,2026-10-05T08:12:53.5952337Z,,fresh-observed-physical-hover,,chronological-manifest.csv,
m7-ci953-theme-20261005,2026-10-05T08:12:53.5952337Z,,fresh-observed-physical-hover,Complete task,actions.jsonl,215
m7-ci953-theme-20261005,2026-10-05T08:12:55.1284870Z,,fresh-observed-physical-hover,,chronological-manifest.csv,
m7-ci953-theme-20261005,2026-10-05T08:12:55.1284870Z,,fresh-observed-physical-hover,Return to Focus Panel,actions.jsonl,216
m7-ci953-theme-20261005,2026-10-05T08:12:56.4983461Z,,native-uia-observed-pointer-click,,chronological-manifest.csv,
m7-ci953-theme-20261005,2026-10-05T08:12:56.4983461Z,,native-uia-observed-pointer-click,Notes,actions.jsonl,217
m7-ci953-theme-20261005,2026-10-05T08:12:57.6469393Z,,native-uia-observed-pointer-click,,chronological-manifest.csv,
m7-ci953-theme-20261005,2026-10-05T08:12:57.6469393Z,,native-uia-observed-pointer-click,Notes,actions.jsonl,218
m7-ci953-theme-20261005,2026-10-05T08:12:58.5901035Z,,native-uia-observed-pointer-click,,chronological-manifest.csv,
m7-ci953-theme-20261005,2026-10-05T08:12:58.5901035Z,,native-uia-observed-pointer-click,Collapse Floating Timer,actions.jsonl,219
m7-ci953-theme-20261005,2026-10-05T08:12:59.7287804Z,,physical-scancode-chord,,chronological-manifest.csv,
m7-ci953-theme-20261005,2026-10-05T08:12:59.7287804Z,,physical-scancode-chord,Ctrl+Shift+P,actions.jsonl,220
m7-ci953-theme-20261005,2026-10-05T08:13:02.0507684Z,,native-uia-invoke,,chronological-manifest.csv,
m7-ci953-theme-20261005,2026-10-05T08:13:02.0507684Z,,native-uia-invoke,Return to Focus Panel,actions.jsonl,221
m7-ci953-theme-20261005,2026-10-05T08:14:01.4371830Z,,observed-Windows-color-dark-restore,,chronological-manifest.csv,
m7-ci953-theme-20261005,2026-10-05T08:14:08.8157421Z,,native-uia-invoke,,chronological-manifest.csv,
m7-ci953-theme-20261005,2026-10-05T08:14:08.8157421Z,,native-uia-invoke,Settings,actions.jsonl,223
m7-ci953-theme-20261005,2026-10-05T08:14:09.1557727Z,,native-uia-observed-pointer-click,,chronological-manifest.csv,
m7-ci953-theme-20261005,2026-10-05T08:14:09.1557727Z,,native-uia-observed-pointer-click,Light theme — Use Narro's light surfaces,actions.jsonl,224
m7-ci953-theme-20261005,2026-10-05T08:14:09.8374823Z,,os-client-area-animation,,chronological-manifest.csv,
m7-ci953-theme-20261005,2026-10-05T08:14:09.9057863Z,,native-uia-invoke,,chronological-manifest.csv,
m7-ci953-theme-20261005,2026-10-05T08:14:09.9057863Z,,native-uia-invoke,Stop Recording,actions.jsonl,226
m7-ci953-theme-20261005,2026-10-05T08:15:16.0731138Z,,native-uia-invoke,,chronological-manifest.csv,
m7-ci953-theme-20261005,2026-10-05T08:15:16.0731138Z,,native-uia-invoke,Home,actions.jsonl,227
m7-ci953-theme-20261005,2026-10-05T08:15:57.8180886Z,,physical-mouse-wheel,,chronological-manifest.csv,
m7-ci953-theme-20261005,2026-10-05T08:16:21.4587627Z,,native-uia-invoke,,chronological-manifest.csv,
m7-ci953-theme-20261005,2026-10-05T08:16:21.4587627Z,,native-uia-invoke,Start Recording,actions.jsonl,229
m7-ci953-theme-20261005,2026-10-05T08:16:22.1544169Z,,observed-Windows-scale-combo-open,,chronological-manifest.csv,
m7-ci953-theme-20261005,2026-10-05T08:16:43.2104325Z,,observed-Windows-real-scale100,,chronological-manifest.csv,
m7-ci953-theme-20261005,2026-10-05T08:16:46.6300555Z,,native-uia-invoke,,chronological-manifest.csv,
m7-ci953-theme-20261005,2026-10-05T08:16:46.6300555Z,,native-uia-invoke,Open,actions.jsonl,232
m7-ci953-theme-20261005,2026-10-05T08:17:45.0511845Z,,os-client-area-animation,,chronological-manifest.csv,
m7-ci953-theme-20261005,2026-10-05T08:17:45.3851990Z,,native-uia-invoke,,chronological-manifest.csv,
m7-ci953-theme-20261005,2026-10-05T08:17:45.3851990Z,,native-uia-invoke,Edit Est: 30m,actions.jsonl,234
m7-ci953-theme-20261005,2026-10-05T08:17:46.1893344Z,,physical-scancode-chord,,chronological-manifest.csv,
m7-ci953-theme-20261005,2026-10-05T08:17:46.1893344Z,,physical-scancode-chord,Ctrl+A,actions.jsonl,235
m7-ci953-theme-20261005,2026-10-05T08:17:46.8362330Z,,observed-unicode-SendInput,,chronological-manifest.csv,
m7-ci953-theme-20261005,2026-10-05T08:17:46.8362330Z,,observed-unicode-SendInput,Est duration in H:MM:SS,actions.jsonl,236
m7-ci953-theme-20261005,2026-10-05T08:17:47.3602833Z,,observed-text-value-after-input,,chronological-manifest.csv,
m7-ci953-theme-20261005,2026-10-05T08:17:47.3602833Z,,observed-text-value-after-input,Est duration in H:MM:SS,actions.jsonl,237
m7-ci953-theme-20261005,2026-10-05T08:17:47.8053303Z,,native-uia-invoke,,chronological-manifest.csv,
m7-ci953-theme-20261005,2026-10-05T08:17:47.8053303Z,,native-uia-invoke,Save metric,actions.jsonl,238
m7-ci953-theme-20261005,2026-10-05T08:17:48.5410357Z,,native-uia-invoke,,chronological-manifest.csv,
m7-ci953-theme-20261005,2026-10-05T08:17:48.5410357Z,,native-uia-invoke,Edit Est: 31m,actions.jsonl,239
m7-ci953-theme-20261005,2026-10-05T08:17:49.2061894Z,,physical-scancode-chord,,chronological-manifest.csv,
m7-ci953-theme-20261005,2026-10-05T08:17:49.2061894Z,,physical-scancode-chord,Ctrl+A,actions.jsonl,240
m7-ci953-theme-20261005,2026-10-05T08:17:49.7350102Z,,observed-unicode-SendInput,,chronological-manifest.csv,
m7-ci953-theme-20261005,2026-10-05T08:17:49.7350102Z,,observed-unicode-SendInput,Est duration in H:MM:SS,actions.jsonl,241
m7-ci953-theme-20261005,2026-10-05T08:17:50.2571448Z,,observed-text-value-after-input,,chronological-manifest.csv,
m7-ci953-theme-20261005,2026-10-05T08:17:50.2571448Z,,observed-text-value-after-input,Est duration in H:MM:SS,actions.jsonl,242
m7-ci953-theme-20261005,2026-10-05T08:17:50.5793309Z,,native-uia-invoke,,chronological-manifest.csv,
m7-ci953-theme-20261005,2026-10-05T08:17:50.5793309Z,,native-uia-invoke,Save metric,actions.jsonl,243
m7-ci953-theme-20261005,2026-10-05T08:17:51.2948117Z,,native-uia-invoke,,chronological-manifest.csv,
m7-ci953-theme-20261005,2026-10-05T08:17:51.2948117Z,,native-uia-invoke,Edit Taken: 15m,actions.jsonl,244
m7-ci953-theme-20261005,2026-10-05T08:17:51.9486891Z,,physical-scancode-chord,,chronological-manifest.csv,
m7-ci953-theme-20261005,2026-10-05T08:17:51.9486891Z,,physical-scancode-chord,Ctrl+A,actions.jsonl,245
m7-ci953-theme-20261005,2026-10-05T08:17:52.4804571Z,,observed-unicode-SendInput,,chronological-manifest.csv,
m7-ci953-theme-20261005,2026-10-05T08:17:52.4804571Z,,observed-unicode-SendInput,Taken duration in H:MM:SS,actions.jsonl,246
m7-ci953-theme-20261005,2026-10-05T08:17:53.0028664Z,,observed-text-value-after-input,,chronological-manifest.csv,
m7-ci953-theme-20261005,2026-10-05T08:17:53.0028664Z,,observed-text-value-after-input,Taken duration in H:MM:SS,actions.jsonl,247
m7-ci953-theme-20261005,2026-10-05T08:17:53.3162858Z,,native-uia-invoke,,chronological-manifest.csv,
m7-ci953-theme-20261005,2026-10-05T08:17:53.3162858Z,,native-uia-invoke,Save metric,actions.jsonl,248
m7-ci953-theme-20261005,2026-10-05T08:17:54.0056872Z,,native-uia-invoke,,chronological-manifest.csv,
m7-ci953-theme-20261005,2026-10-05T08:17:54.0056872Z,,native-uia-invoke,Edit Taken: 16m,actions.jsonl,249
m7-ci953-theme-20261005,2026-10-05T08:17:54.6755185Z,,physical-scancode-chord,,chronological-manifest.csv,
m7-ci953-theme-20261005,2026-10-05T08:17:54.6755185Z,,physical-scancode-chord,Ctrl+A,actions.jsonl,250
m7-ci953-theme-20261005,2026-10-05T08:17:55.2054946Z,,observed-unicode-SendInput,,chronological-manifest.csv,
m7-ci953-theme-20261005,2026-10-05T08:17:55.2054946Z,,observed-unicode-SendInput,Taken duration in H:MM:SS,actions.jsonl,251
m7-ci953-theme-20261005,2026-10-05T08:17:55.7221837Z,,observed-text-value-after-input,,chronological-manifest.csv,
m7-ci953-theme-20261005,2026-10-05T08:17:55.7221837Z,,observed-text-value-after-input,Taken duration in H:MM:SS,actions.jsonl,252
m7-ci953-theme-20261005,2026-10-05T08:17:56.0343441Z,,native-uia-invoke,,chronological-manifest.csv,
m7-ci953-theme-20261005,2026-10-05T08:17:56.0343441Z,,native-uia-invoke,Save metric,actions.jsonl,253
m7-ci953-theme-20261005,2026-10-05T08:17:57.1041993Z,,os-client-area-animation,,chronological-manifest.csv,
m7-ci953-theme-20261005,2026-10-05T08:17:57.1395795Z,,native-uia-invoke,,chronological-manifest.csv,
m7-ci953-theme-20261005,2026-10-05T08:17:57.1395795Z,,native-uia-invoke,Edit EST: 0:30:00,actions.jsonl,255
m7-ci953-theme-20261005,2026-10-05T08:17:57.8243820Z,,physical-scancode-chord,,chronological-manifest.csv,
m7-ci953-theme-20261005,2026-10-05T08:17:57.8243820Z,,physical-scancode-chord,Ctrl+A,actions.jsonl,256
m7-ci953-theme-20261005,2026-10-05T08:17:58.3644054Z,,observed-unicode-SendInput,,chronological-manifest.csv,
m7-ci953-theme-20261005,2026-10-05T08:17:58.3644054Z,,observed-unicode-SendInput,EST duration in H:MM:SS,actions.jsonl,257
m7-ci953-theme-20261005,2026-10-05T08:17:58.8802308Z,,observed-text-value-after-input,,chronological-manifest.csv,
m7-ci953-theme-20261005,2026-10-05T08:17:58.8802308Z,,observed-text-value-after-input,EST duration in H:MM:SS,actions.jsonl,258
m7-ci953-theme-20261005,2026-10-05T08:17:59.2036982Z,,native-uia-invoke,,chronological-manifest.csv,
m7-ci953-theme-20261005,2026-10-05T08:17:59.2036982Z,,native-uia-invoke,Save EST,actions.jsonl,259
m7-ci953-theme-20261005,2026-10-05T08:17:59.8902083Z,,native-uia-invoke,,chronological-manifest.csv,
m7-ci953-theme-20261005,2026-10-05T08:17:59.8902083Z,,native-uia-invoke,Edit EST: 0:31:00,actions.jsonl,260
m7-ci953-theme-20261005,2026-10-05T08:18:00.5410670Z,,physical-scancode-chord,,chronological-manifest.csv,
m7-ci953-theme-20261005,2026-10-05T08:18:00.5410670Z,,physical-scancode-chord,Ctrl+A,actions.jsonl,261
m7-ci953-theme-20261005,2026-10-05T08:18:01.0671503Z,,observed-unicode-SendInput,,chronological-manifest.csv,
m7-ci953-theme-20261005,2026-10-05T08:18:01.0671503Z,,observed-unicode-SendInput,EST duration in H:MM:SS,actions.jsonl,262
m7-ci953-theme-20261005,2026-10-05T08:18:01.5857314Z,,observed-text-value-after-input,,chronological-manifest.csv,
m7-ci953-theme-20261005,2026-10-05T08:18:01.5857314Z,,observed-text-value-after-input,EST duration in H:MM:SS,actions.jsonl,263
m7-ci953-theme-20261005,2026-10-05T08:18:01.8936004Z,,native-uia-invoke,,chronological-manifest.csv,
m7-ci953-theme-20261005,2026-10-05T08:18:01.8936004Z,,native-uia-invoke,Save EST,actions.jsonl,264
m7-ci953-theme-20261005,2026-10-05T08:18:02.5789813Z,,native-uia-invoke,,chronological-manifest.csv,
m7-ci953-theme-20261005,2026-10-05T08:18:02.5789813Z,,native-uia-invoke,Edit Time Taken: 0:14:06,actions.jsonl,265
m7-ci953-theme-20261005,2026-10-05T08:18:03.2522072Z,,physical-scancode-chord,,chronological-manifest.csv,
m7-ci953-theme-20261005,2026-10-05T08:18:03.2522072Z,,physical-scancode-chord,Ctrl+A,actions.jsonl,266
m7-ci953-theme-20261005,2026-10-05T08:18:03.7921276Z,,observed-unicode-SendInput,,chronological-manifest.csv,
m7-ci953-theme-20261005,2026-10-05T08:18:03.7921276Z,,observed-unicode-SendInput,Time Taken duration in H:MM:SS,actions.jsonl,267
m7-ci953-theme-20261005,2026-10-05T08:18:04.3039808Z,,observed-text-value-after-input,,chronological-manifest.csv,
m7-ci953-theme-20261005,2026-10-05T08:18:04.3039808Z,,observed-text-value-after-input,Time Taken duration in H:MM:SS,actions.jsonl,268
m7-ci953-theme-20261005,2026-10-05T08:18:04.6188779Z,,native-uia-invoke,,chronological-manifest.csv,
m7-ci953-theme-20261005,2026-10-05T08:18:04.6188779Z,,native-uia-invoke,Save Time Taken,actions.jsonl,269
m7-ci953-theme-20261005,2026-10-05T08:18:05.3058082Z,,native-uia-invoke,,chronological-manifest.csv,
m7-ci953-theme-20261005,2026-10-05T08:18:05.3058082Z,,native-uia-invoke,Edit Time Taken: 0:15:06,actions.jsonl,270
m7-ci953-theme-20261005,2026-10-05T08:18:05.9604688Z,,physical-scancode-chord,,chronological-manifest.csv,
m7-ci953-theme-20261005,2026-10-05T08:18:05.9604688Z,,physical-scancode-chord,Ctrl+A,actions.jsonl,271
m7-ci953-theme-20261005,2026-10-05T08:18:06.4924861Z,,observed-unicode-SendInput,,chronological-manifest.csv,
m7-ci953-theme-20261005,2026-10-05T08:18:06.4924861Z,,observed-unicode-SendInput,Time Taken duration in H:MM:SS,actions.jsonl,272
m7-ci953-theme-20261005,2026-10-05T08:18:07.0093580Z,,observed-text-value-after-input,,chronological-manifest.csv,
m7-ci953-theme-20261005,2026-10-05T08:18:07.0093580Z,,observed-text-value-after-input,Time Taken duration in H:MM:SS,actions.jsonl,273
m7-ci953-theme-20261005,2026-10-05T08:18:07.3182811Z,,native-uia-invoke,,chronological-manifest.csv,
m7-ci953-theme-20261005,2026-10-05T08:18:07.3182811Z,,native-uia-invoke,Save Time Taken,actions.jsonl,274
m7-ci953-theme-20261005,2026-10-05T08:18:08.4433636Z,,os-client-area-animation,,chronological-manifest.csv,
m7-ci953-theme-20261005,2026-10-05T08:18:08.4929291Z,,native-uia-invoke,,chronological-manifest.csv,
m7-ci953-theme-20261005,2026-10-05T08:18:08.4929291Z,,native-uia-invoke,Edit Est: 30m,actions.jsonl,276
m7-ci953-theme-20261005,2026-10-05T08:18:09.1683701Z,,physical-scancode-chord,,chronological-manifest.csv,
m7-ci953-theme-20261005,2026-10-05T08:18:09.1683701Z,,physical-scancode-chord,Ctrl+A,actions.jsonl,277
m7-ci953-theme-20261005,2026-10-05T08:18:09.6889222Z,,observed-unicode-SendInput,,chronological-manifest.csv,
m7-ci953-theme-20261005,2026-10-05T08:18:09.6889222Z,,observed-unicode-SendInput,Est duration in H:MM:SS,actions.jsonl,278
m7-ci953-theme-20261005,2026-10-05T08:18:10.2079499Z,,observed-text-value-after-input,,chronological-manifest.csv,
m7-ci953-theme-20261005,2026-10-05T08:18:10.2079499Z,,observed-text-value-after-input,Est duration in H:MM:SS,actions.jsonl,279
m7-ci953-theme-20261005,2026-10-05T08:18:10.4990455Z,,native-uia-invoke,,chronological-manifest.csv,
m7-ci953-theme-20261005,2026-10-05T08:18:10.4990455Z,,native-uia-invoke,Save metric,actions.jsonl,280
m7-ci953-theme-20261005,2026-10-05T08:18:11.1562385Z,,native-uia-invoke,,chronological-manifest.csv,
m7-ci953-theme-20261005,2026-10-05T08:18:11.1562385Z,,native-uia-invoke,Edit Est: 31m,actions.jsonl,281
m7-ci953-theme-20261005,2026-10-05T08:18:11.8277001Z,,physical-scancode-chord,,chronological-manifest.csv,
m7-ci953-theme-20261005,2026-10-05T08:18:11.8277001Z,,physical-scancode-chord,Ctrl+A,actions.jsonl,282
m7-ci953-theme-20261005,2026-10-05T08:18:12.3565843Z,,observed-unicode-SendInput,,chronological-manifest.csv,
m7-ci953-theme-20261005,2026-10-05T08:18:12.3565843Z,,observed-unicode-SendInput,Est duration in H:MM:SS,actions.jsonl,283
m7-ci953-theme-20261005,2026-10-05T08:18:12.8762975Z,,observed-text-value-after-input,,chronological-manifest.csv,
m7-ci953-theme-20261005,2026-10-05T08:18:12.8762975Z,,observed-text-value-after-input,Est duration in H:MM:SS,actions.jsonl,284
m7-ci953-theme-20261005,2026-10-05T08:18:13.1958505Z,,native-uia-invoke,,chronological-manifest.csv,
m7-ci953-theme-20261005,2026-10-05T08:18:13.1958505Z,,native-uia-invoke,Save metric,actions.jsonl,285
m7-ci953-theme-20261005,2026-10-05T08:18:13.8540024Z,,native-uia-invoke,,chronological-manifest.csv,
m7-ci953-theme-20261005,2026-10-05T08:18:13.8540024Z,,native-uia-invoke,Edit Taken: 15m,actions.jsonl,286
m7-ci953-theme-20261005,2026-10-05T08:18:14.5072522Z,,physical-scancode-chord,,chronological-manifest.csv,
m7-ci953-theme-20261005,2026-10-05T08:18:14.5072522Z,,physical-scancode-chord,Ctrl+A,actions.jsonl,287
m7-ci953-theme-20261005,2026-10-05T08:18:15.0377657Z,,observed-unicode-SendInput,,chronological-manifest.csv,
m7-ci953-theme-20261005,2026-10-05T08:18:15.0377657Z,,observed-unicode-SendInput,Taken duration in H:MM:SS,actions.jsonl,288
m7-ci953-theme-20261005,2026-10-05T08:18:15.5519974Z,,observed-text-value-after-input,,chronological-manifest.csv,
m7-ci953-theme-20261005,2026-10-05T08:18:15.5519974Z,,observed-text-value-after-input,Taken duration in H:MM:SS,actions.jsonl,289
m7-ci953-theme-20261005,2026-10-05T08:18:15.8411455Z,,native-uia-invoke,,chronological-manifest.csv,
m7-ci953-theme-20261005,2026-10-05T08:18:15.8411455Z,,native-uia-invoke,Save metric,actions.jsonl,290
m7-ci953-theme-20261005,2026-10-05T08:18:16.4994239Z,,native-uia-invoke,,chronological-manifest.csv,
m7-ci953-theme-20261005,2026-10-05T08:18:16.4994239Z,,native-uia-invoke,Edit Taken: 16m,actions.jsonl,291
m7-ci953-theme-20261005,2026-10-05T08:18:17.1731900Z,,physical-scancode-chord,,chronological-manifest.csv,
m7-ci953-theme-20261005,2026-10-05T08:18:17.1731900Z,,physical-scancode-chord,Ctrl+A,actions.jsonl,292
m7-ci953-theme-20261005,2026-10-05T08:18:17.6999879Z,,observed-unicode-SendInput,,chronological-manifest.csv,
m7-ci953-theme-20261005,2026-10-05T08:18:17.6999879Z,,observed-unicode-SendInput,Taken duration in H:MM:SS,actions.jsonl,293
m7-ci953-theme-20261005,2026-10-05T08:18:18.2110816Z,,observed-text-value-after-input,,chronological-manifest.csv,
m7-ci953-theme-20261005,2026-10-05T08:18:18.2110816Z,,observed-text-value-after-input,Taken duration in H:MM:SS,actions.jsonl,294
m7-ci953-theme-20261005,2026-10-05T08:18:18.4937923Z,,native-uia-invoke,,chronological-manifest.csv,
m7-ci953-theme-20261005,2026-10-05T08:18:18.4937923Z,,native-uia-invoke,Save metric,actions.jsonl,295
m7-ci953-theme-20261005,2026-10-05T08:18:19.4578769Z,,os-client-area-animation,,chronological-manifest.csv,
m7-ci953-theme-20261005,2026-10-05T08:18:19.5227240Z,,native-uia-invoke,,chronological-manifest.csv,
m7-ci953-theme-20261005,2026-10-05T08:18:19.5227240Z,,native-uia-invoke,Edit EST: 0:30:00,actions.jsonl,297
m7-ci953-theme-20261005,2026-10-05T08:18:20.1991153Z,,physical-scancode-chord,,chronological-manifest.csv,
m7-ci953-theme-20261005,2026-10-05T08:18:20.1991153Z,,physical-scancode-chord,Ctrl+A,actions.jsonl,298
m7-ci953-theme-20261005,2026-10-05T08:18:20.7303526Z,,observed-unicode-SendInput,,chronological-manifest.csv,
m7-ci953-theme-20261005,2026-10-05T08:18:20.7303526Z,,observed-unicode-SendInput,EST duration in H:MM:SS,actions.jsonl,299
m7-ci953-theme-20261005,2026-10-05T08:18:21.2463153Z,,observed-text-value-after-input,,chronological-manifest.csv,
m7-ci953-theme-20261005,2026-10-05T08:18:21.2463153Z,,observed-text-value-after-input,EST duration in H:MM:SS,actions.jsonl,300
m7-ci953-theme-20261005,2026-10-05T08:18:21.5453709Z,,native-uia-invoke,,chronological-manifest.csv,
m7-ci953-theme-20261005,2026-10-05T08:18:21.5453709Z,,native-uia-invoke,Save EST,actions.jsonl,301
m7-ci953-theme-20261005,2026-10-05T08:18:22.2232029Z,,native-uia-invoke,,chronological-manifest.csv,
m7-ci953-theme-20261005,2026-10-05T08:18:22.2232029Z,,native-uia-invoke,Edit EST: 0:31:00,actions.jsonl,302
m7-ci953-theme-20261005,2026-10-05T08:18:22.8350639Z,,physical-scancode-chord,,chronological-manifest.csv,
m7-ci953-theme-20261005,2026-10-05T08:18:22.8350639Z,,physical-scancode-chord,Ctrl+A,actions.jsonl,303
m7-ci953-theme-20261005,2026-10-05T08:18:23.3643226Z,,observed-unicode-SendInput,,chronological-manifest.csv,
m7-ci953-theme-20261005,2026-10-05T08:18:23.3643226Z,,observed-unicode-SendInput,EST duration in H:MM:SS,actions.jsonl,304
m7-ci953-theme-20261005,2026-10-05T08:18:23.8859790Z,,observed-text-value-after-input,,chronological-manifest.csv,
m7-ci953-theme-20261005,2026-10-05T08:18:23.8859790Z,,observed-text-value-after-input,EST duration in H:MM:SS,actions.jsonl,305
m7-ci953-theme-20261005,2026-10-05T08:18:24.1976545Z,,native-uia-invoke,,chronological-manifest.csv,
m7-ci953-theme-20261005,2026-10-05T08:18:24.1976545Z,,native-uia-invoke,Save EST,actions.jsonl,306
m7-ci953-theme-20261005,2026-10-05T08:18:24.8833150Z,,native-uia-invoke,,chronological-manifest.csv,
m7-ci953-theme-20261005,2026-10-05T08:18:24.8833150Z,,native-uia-invoke,Edit Time Taken: 0:14:06,actions.jsonl,307
m7-ci953-theme-20261005,2026-10-05T08:18:25.5395628Z,,physical-scancode-chord,,chronological-manifest.csv,
m7-ci953-theme-20261005,2026-10-05T08:18:25.5395628Z,,physical-scancode-chord,Ctrl+A,actions.jsonl,308
m7-ci953-theme-20261005,2026-10-05T08:18:26.0749723Z,,observed-unicode-SendInput,,chronological-manifest.csv,
m7-ci953-theme-20261005,2026-10-05T08:18:26.0749723Z,,observed-unicode-SendInput,Time Taken duration in H:MM:SS,actions.jsonl,309
m7-ci953-theme-20261005,2026-10-05T08:18:26.5940000Z,,observed-text-value-after-input,,chronological-manifest.csv,
m7-ci953-theme-20261005,2026-10-05T08:18:26.5940000Z,,observed-text-value-after-input,Time Taken duration in H:MM:SS,actions.jsonl,310
m7-ci953-theme-20261005,2026-10-05T08:18:26.8940862Z,,native-uia-invoke,,chronological-manifest.csv,
m7-ci953-theme-20261005,2026-10-05T08:18:26.8940862Z,,native-uia-invoke,Save Time Taken,actions.jsonl,311
m7-ci953-theme-20261005,2026-10-05T08:18:27.5690518Z,,native-uia-invoke,,chronological-manifest.csv,
m7-ci953-theme-20261005,2026-10-05T08:18:27.5690518Z,,native-uia-invoke,Edit Time Taken: 0:15:06,actions.jsonl,312
m7-ci953-theme-20261005,2026-10-05T08:18:28.2371834Z,,physical-scancode-chord,,chronological-manifest.csv,
m7-ci953-theme-20261005,2026-10-05T08:18:28.2371834Z,,physical-scancode-chord,Ctrl+A,actions.jsonl,313
m7-ci953-theme-20261005,2026-10-05T08:18:28.7745919Z,,observed-unicode-SendInput,,chronological-manifest.csv,
m7-ci953-theme-20261005,2026-10-05T08:18:28.7745919Z,,observed-unicode-SendInput,Time Taken duration in H:MM:SS,actions.jsonl,314
m7-ci953-theme-20261005,2026-10-05T08:18:29.2861387Z,,observed-text-value-after-input,,chronological-manifest.csv,
m7-ci953-theme-20261005,2026-10-05T08:18:29.2861387Z,,observed-text-value-after-input,Time Taken duration in H:MM:SS,actions.jsonl,315
m7-ci953-theme-20261005,2026-10-05T08:18:29.6246908Z,,native-uia-invoke,,chronological-manifest.csv,
m7-ci953-theme-20261005,2026-10-05T08:18:29.6246908Z,,native-uia-invoke,Save Time Taken,actions.jsonl,316
m7-ci953-theme-20261005,2026-10-05T08:18:54.1547546Z,,scoped-main-WM_CLOSE,,chronological-manifest.csv,
m7-ci953-theme-20261005,2026-10-05T08:19:38.2566667Z,,native-uia-invoke,,chronological-manifest.csv,
m7-ci953-theme-20261005,2026-10-05T08:19:38.2566667Z,,native-uia-invoke,Open,actions.jsonl,318
m7-ci953-theme-20261005,2026-10-05T08:19:38.9950321Z,,os-client-area-animation,,chronological-manifest.csv,
m7-ci953-theme-20261005,2026-10-05T08:20:22.6311550Z,,input-guard-recovery,,chronological-manifest.csv,
m7-ci953-theme-20261005,2026-10-05T08:20:22.6311550Z,,input-guard-recovery,Two Task actions from pointer hover plus focused card; ambiguous invocation rejected without input. Clear pointer hover then focus owned Alpha.,actions.jsonl,320
m7-ci953-theme-20261005,2026-10-05T08:20:23.7769331Z,,os-client-area-animation,,chronological-manifest.csv,
m7-ci953-theme-20261005,2026-10-05T08:20:24.9932856Z,,native-uia-observed-pointer-click,,chronological-manifest.csv,
m7-ci953-theme-20261005,2026-10-05T08:20:24.9932856Z,,native-uia-observed-pointer-click,Task actions,actions.jsonl,322
m7-ci953-theme-20261005,2026-10-05T08:20:25.5136011Z,,native-uia-invoke,,chronological-manifest.csv,
m7-ci953-theme-20261005,2026-10-05T08:20:25.5136011Z,,native-uia-invoke,Delete,actions.jsonl,323
m7-ci953-theme-20261005,2026-10-05T08:20:26.7996022Z,,native-uia-invoke,,chronological-manifest.csv,
m7-ci953-theme-20261005,2026-10-05T08:20:26.7996022Z,,native-uia-invoke,Cancel permanent task deletion,actions.jsonl,324
m7-ci953-theme-20261005,2026-10-05T08:20:27.1797678Z,,physical-scancode-chord,,chronological-manifest.csv,
m7-ci953-theme-20261005,2026-10-05T08:20:27.1797678Z,,physical-scancode-chord,Escape,actions.jsonl,325
m7-ci953-theme-20261005,2026-10-05T08:20:27.6060393Z,,native-uia-invoke,,chronological-manifest.csv,
m7-ci953-theme-20261005,2026-10-05T08:20:27.6060393Z,,native-uia-invoke,Edit Est: —,actions.jsonl,326
m7-ci953-theme-20261005,2026-10-05T08:20:28.2289303Z,,native-uia-invoke,,chronological-manifest.csv,
m7-ci953-theme-20261005,2026-10-05T08:20:28.2289303Z,,native-uia-invoke,Cancel metric edit,actions.jsonl,327
m7-ci953-theme-20261005,2026-10-05T08:20:28.5471475Z,,native-uia-invoke,,chronological-manifest.csv,
m7-ci953-theme-20261005,2026-10-05T08:20:28.5471475Z,,native-uia-invoke,Edit Taken: 0m,actions.jsonl,328
m7-ci953-theme-20261005,2026-10-05T08:20:29.1501554Z,,physical-scancode-chord,,chronological-manifest.csv,
m7-ci953-theme-20261005,2026-10-05T08:20:29.1501554Z,,physical-scancode-chord,Escape,actions.jsonl,329
m7-ci953-theme-20261005,2026-10-05T08:20:30.2935493Z,,SendInput actual virtual-desktop drag,,chronological-manifest.csv,
m7-ci953-theme-20261005,2026-10-05T08:20:34.8219084Z,,SendInput actual virtual-desktop drag,,chronological-manifest.csv,
m7-ci953-theme-20261005,2026-10-05T08:20:39.3888359Z,,os-client-area-animation,,chronological-manifest.csv,
m7-ci953-theme-20261005,2026-10-05T08:21:54.4520554Z,,physical-scancode-chord,,chronological-manifest.csv,
m7-ci953-theme-20261005,2026-10-05T08:21:54.4520554Z,,physical-scancode-chord,Tab,actions.jsonl,333
m7-ci953-theme-20261005,2026-10-05T08:21:54.8953112Z,,physical-scancode-chord,,chronological-manifest.csv,
m7-ci953-theme-20261005,2026-10-05T08:21:54.8953112Z,,physical-scancode-chord,Shift+Tab,actions.jsonl,334
m7-ci953-theme-20261005,2026-10-05T08:22:40.1848154Z,,native-uia-observed-pointer-click,,chronological-manifest.csv,
m7-ci953-theme-20261005,2026-10-05T08:22:40.1848154Z,,native-uia-observed-pointer-click,Task actions,actions.jsonl,335
m7-ci953-theme-20261005,2026-10-05T08:22:40.7499793Z,,native-uia-invoke,,chronological-manifest.csv,
m7-ci953-theme-20261005,2026-10-05T08:22:40.7499793Z,,native-uia-invoke,Delete,actions.jsonl,336
m7-ci953-theme-20261005,2026-10-05T08:22:41.5829995Z,,native-uia-invoke,,chronological-manifest.csv,
m7-ci953-theme-20261005,2026-10-05T08:22:41.5829995Z,,native-uia-invoke,Cancel permanent task deletion,actions.jsonl,337
m7-ci953-theme-20261005,2026-10-05T08:22:41.9737820Z,,physical-scancode-chord,,chronological-manifest.csv,
m7-ci953-theme-20261005,2026-10-05T08:22:41.9737820Z,,physical-scancode-chord,Escape,actions.jsonl,338
m7-ci953-theme-20261005,2026-10-05T08:22:42.8756074Z,,SendInput actual virtual-desktop drag,,chronological-manifest.csv,
m7-ci953-theme-20261005,2026-10-05T08:22:47.3538083Z,,SendInput actual virtual-desktop drag,,chronological-manifest.csv,
m7-ci953-theme-20261005,2026-10-05T08:22:51.6077958Z,,os-client-area-animation,,chronological-manifest.csv,
m7-ci953-theme-20261005,2026-10-05T08:23:39.6831203Z,,observed-Windows-scale-restore-combo,,chronological-manifest.csv,
m7-ci953-theme-20261005,2026-10-05T08:24:24.0461615Z,,observed-Windows-real-scale125-restore,,chronological-manifest.csv,
m7-ci953-theme-20261005,2026-10-05T08:24:28.5518062Z,,native-uia-invoke,,chronological-manifest.csv,
m7-ci953-theme-20261005,2026-10-05T08:24:28.5518062Z,,native-uia-invoke,Compact view,actions.jsonl,344
m7-ci953-theme-20261005,2026-10-05T08:25:30.1836407Z,,SendInput actual virtual-desktop drag,,chronological-manifest.csv,
m7-ci953-theme-20261005,2026-10-05T08:26:43.2729855Z,,physical-Windows-B-tray-focus,,chronological-manifest.csv,
m7-ci953-theme-20261005,2026-10-05T08:26:43.2729855Z,,physical-Windows-B-tray-focus,Taskbar provider remains below active desktop after DPI restore; real OS keyboard tray focus recovery.,actions.jsonl,346
m7-ci953-theme-20261005,2026-10-05T08:27:04.4987407Z,,observed-tray-overflow-pointer-click,,chronological-manifest.csv,
m7-ci953-theme-20261005,2026-10-05T08:27:48.5380792Z,,observed-tray-icon-hover,,chronological-manifest.csv,
m7-ci953-theme-20261005,2026-10-05T08:28:39.8146780Z,,observed-Narro-tooltip-confirmed-tray-context-menu,,chronological-manifest.csv,
m7-ci953-theme-20261005,2026-10-05T08:29:44.5563859Z,,physical-tray-Quit-Narro,,chronological-manifest.csv,
m7-ci953-theme-20261005,2026-10-05T08:29:46.7965493Z,,normal-tray-exit-process-absent,,chronological-manifest.csv,
m7-ci953-theme-20261005,2026-10-05T08:30:38.4872738Z,,physical-global-Ctrl-Shift-T-after-relaunch,,chronological-manifest.csv,
m7-ci953-theme-20261005,2026-10-05T08:31:04.7630866Z,,native-uia-invoke,,chronological-manifest.csv,
m7-ci953-theme-20261005,2026-10-05T08:31:04.7630866Z,,native-uia-invoke,Stop Recording,actions.jsonl,353
m7-ci953-interfaces-20261005,2026-10-05T09:11:28.9335426Z,,native-uia-invoke,,chronological-manifest.csv,
m7-ci953-interfaces-20261005,2026-10-05T09:11:28.9335426Z,,native-uia-invoke,Start Recording,actions.jsonl,1
m7-ci953-interfaces-20261005,2026-10-05T09:11:29.6481580Z,,native-uia-invoke,,chronological-manifest.csv,
m7-ci953-interfaces-20261005,2026-10-05T09:11:29.6481580Z,,native-uia-invoke,Add subtask for M7 PR233 CI948 LongUnbrokenTitleForNarrowMetricAndQueuedBadgeValidation1234567890,actions.jsonl,2
m7-ci953-interfaces-20261005,2026-10-05T09:11:50.2737450Z,,observed-unicode-SendInput,,chronological-manifest.csv,
m7-ci953-interfaces-20261005,2026-10-05T09:11:50.2737450Z,,observed-unicode-SendInput,New subtask for M7 PR233 CI948 LongUnbrokenTitleForNarrowMetricAndQueuedBadgeValidation1234567890,actions.jsonl,3
m7-ci953-interfaces-20261005,2026-10-05T09:11:50.8829672Z,,observed-text-value-after-input,,chronological-manifest.csv,
m7-ci953-interfaces-20261005,2026-10-05T09:11:50.8829672Z,,observed-text-value-after-input,New subtask for M7 PR233 CI948 LongUnbrokenTitleForNarrowMetricAndQueuedBadgeValidation1234567890,actions.jsonl,4
m7-ci953-interfaces-20261005,2026-10-05T09:11:51.0392439Z,,native-uia-invoke,,chronological-manifest.csv,
m7-ci953-interfaces-20261005,2026-10-05T09:11:51.0392439Z,,native-uia-invoke,Add,actions.jsonl,5
m7-ci953-interfaces-20261005,2026-10-05T09:12:21.9134262Z,,native-uia-setfocus,,chronological-manifest.csv,
m7-ci953-interfaces-20261005,2026-10-05T09:12:21.9134262Z,,native-uia-setfocus,New subtask for M7 PR233 CI948 LongUnbrokenTitleForNarrowMetricAndQueuedBadgeValidation1234567890,actions.jsonl,6
m7-ci953-interfaces-20261005,2026-10-05T09:12:22.3308809Z,,observed-unicode-SendInput,,chronological-manifest.csv,
m7-ci953-interfaces-20261005,2026-10-05T09:12:22.3308809Z,,observed-unicode-SendInput,New subtask for M7 PR233 CI948 LongUnbrokenTitleForNarrowMetricAndQueuedBadgeValidation1234567890,actions.jsonl,7
m7-ci953-interfaces-20261005,2026-10-05T09:12:22.9994948Z,,observed-text-value-after-input,,chronological-manifest.csv,
m7-ci953-interfaces-20261005,2026-10-05T09:12:22.9994948Z,,observed-text-value-after-input,New subtask for M7 PR233 CI948 LongUnbrokenTitleForNarrowMetricAndQueuedBadgeValidation1234567890,actions.jsonl,8
m7-ci953-interfaces-20261005,2026-10-05T09:12:23.2794843Z,,native-uia-invoke,,chronological-manifest.csv,
m7-ci953-interfaces-20261005,2026-10-05T09:12:23.2794843Z,,native-uia-invoke,Add,actions.jsonl,9
m7-ci953-interfaces-20261005,2026-10-05T09:12:23.9640466Z,,native-uia-setfocus,,chronological-manifest.csv,
m7-ci953-interfaces-20261005,2026-10-05T09:12:23.9640466Z,,native-uia-setfocus,New subtask for M7 PR233 CI948 LongUnbrokenTitleForNarrowMetricAndQueuedBadgeValidation1234567890,actions.jsonl,10
m7-ci953-interfaces-20261005,2026-10-05T09:12:24.0140531Z,,observed-unicode-SendInput,,chronological-manifest.csv,
m7-ci953-interfaces-20261005,2026-10-05T09:12:24.0140531Z,,observed-unicode-SendInput,New subtask for M7 PR233 CI948 LongUnbrokenTitleForNarrowMetricAndQueuedBadgeValidation1234567890,actions.jsonl,11
m7-ci953-interfaces-20261005,2026-10-05T09:12:24.6410631Z,,observed-text-value-after-input,,chronological-manifest.csv,
m7-ci953-interfaces-20261005,2026-10-05T09:12:24.6410631Z,,observed-text-value-after-input,New subtask for M7 PR233 CI948 LongUnbrokenTitleForNarrowMetricAndQueuedBadgeValidation1234567890,actions.jsonl,12
m7-ci953-interfaces-20261005,2026-10-05T09:12:24.6980618Z,,native-uia-invoke,,chronological-manifest.csv,
m7-ci953-interfaces-20261005,2026-10-05T09:12:24.6980618Z,,native-uia-invoke,Add,actions.jsonl,13
m7-ci953-interfaces-20261005,2026-10-05T09:12:25.3630657Z,,native-uia-setfocus,,chronological-manifest.csv,
m7-ci953-interfaces-20261005,2026-10-05T09:12:25.3630657Z,,native-uia-setfocus,New subtask for M7 PR233 CI948 LongUnbrokenTitleForNarrowMetricAndQueuedBadgeValidation1234567890,actions.jsonl,14
m7-ci953-interfaces-20261005,2026-10-05T09:12:25.4204671Z,,observed-unicode-SendInput,,chronological-manifest.csv,
m7-ci953-interfaces-20261005,2026-10-05T09:12:25.4204671Z,,observed-unicode-SendInput,New subtask for M7 PR233 CI948 LongUnbrokenTitleForNarrowMetricAndQueuedBadgeValidation1234567890,actions.jsonl,15
m7-ci953-interfaces-20261005,2026-10-05T09:12:25.9931731Z,,observed-text-value-after-input,,chronological-manifest.csv,
m7-ci953-interfaces-20261005,2026-10-05T09:12:25.9931731Z,,observed-text-value-after-input,New subtask for M7 PR233 CI948 LongUnbrokenTitleForNarrowMetricAndQueuedBadgeValidation1234567890,actions.jsonl,16
m7-ci953-interfaces-20261005,2026-10-05T09:12:26.0213504Z,,native-uia-invoke,,chronological-manifest.csv,
m7-ci953-interfaces-20261005,2026-10-05T09:12:26.0213504Z,,native-uia-invoke,Add,actions.jsonl,17
m7-ci953-interfaces-20261005,2026-10-05T09:12:26.3369221Z,,native-uia-invoke,,chronological-manifest.csv,
m7-ci953-interfaces-20261005,2026-10-05T09:12:26.3369221Z,,native-uia-invoke,Complete subtask: CI953 Visual subtask 1 — readable normal row,actions.jsonl,18
m7-ci953-interfaces-20261005,2026-10-05T09:13:04.8676435Z,,native-uia-invoke,,chronological-manifest.csv,
m7-ci953-interfaces-20261005,2026-10-05T09:13:04.8676435Z,,native-uia-invoke,Edit subtask: CI953VisualSubtask2LongUnbrokenTitleForOverflowTooltipAndNarrowRowAcceptance1234567890ABCDEFGHIJKLMNOPQRSTUVWXYZ,actions.jsonl,19
m7-ci953-interfaces-20261005,2026-10-05T09:13:42.2109934Z,,native-uia-invoke,,chronological-manifest.csv,
m7-ci953-interfaces-20261005,2026-10-05T09:13:42.2109934Z,,native-uia-invoke,Cancel subtask edit,actions.jsonl,20
m7-ci953-interfaces-20261005,2026-10-05T09:13:44.5293373Z,,native-uia-invoke,,chronological-manifest.csv,
m7-ci953-interfaces-20261005,2026-10-05T09:13:44.5293373Z,,native-uia-invoke,Move subtask up: CI953 Visual subtask 4 — reorder companion,actions.jsonl,21
m7-ci953-interfaces-20261005,2026-10-05T09:13:44.8466791Z,,native-uia-invoke,,chronological-manifest.csv,
m7-ci953-interfaces-20261005,2026-10-05T09:13:44.8466791Z,,native-uia-invoke,Move subtask down: CI953 Visual subtask 4 — reorder companion,actions.jsonl,22
m7-ci953-interfaces-20261005,2026-10-05T09:13:45.1736833Z,,native-uia-invoke,,chronological-manifest.csv,
m7-ci953-interfaces-20261005,2026-10-05T09:13:45.1736833Z,,native-uia-invoke,Reopen subtask: CI953 Visual subtask 1 — readable normal row,actions.jsonl,23
m7-ci953-interfaces-20261005,2026-10-05T09:13:45.5002347Z,,native-uia-observed-pointer-click,,chronological-manifest.csv,
m7-ci953-interfaces-20261005,2026-10-05T09:13:45.5002347Z,,native-uia-observed-pointer-click,Collapse Floating Timer,actions.jsonl,24
m7-ci953-interfaces-20261005,2026-10-05T09:13:46.8139474Z,,native-uia-observed-pointer-click,,chronological-manifest.csv,
m7-ci953-interfaces-20261005,2026-10-05T09:13:46.8139474Z,,native-uia-observed-pointer-click,Expand Floating Timer,actions.jsonl,25
m7-ci953-interfaces-20261005,2026-10-05T09:14:09.4955634Z,,native-uia-observed-pointer-click,,chronological-manifest.csv,
m7-ci953-interfaces-20261005,2026-10-05T09:14:09.4955634Z,,native-uia-observed-pointer-click,Notes,actions.jsonl,26
m7-ci953-interfaces-20261005,2026-10-05T09:14:56.0485620Z,,native-uia-setfocus,,chronological-manifest.csv,
m7-ci953-interfaces-20261005,2026-10-05T09:14:56.0485620Z,,native-uia-setfocus,Task note,actions.jsonl,27
m7-ci953-interfaces-20261005,2026-10-05T09:14:56.4530770Z,,observed-unicode-SendInput,,chronological-manifest.csv,
m7-ci953-interfaces-20261005,2026-10-05T09:14:56.4530770Z,,observed-unicode-SendInput,Task note,actions.jsonl,28
m7-ci953-interfaces-20261005,2026-10-05T09:14:57.0921973Z,,observed-text-value-after-input,,chronological-manifest.csv,
m7-ci953-interfaces-20261005,2026-10-05T09:14:57.0921973Z,,observed-text-value-after-input,Task note,actions.jsonl,29
m7-ci953-interfaces-20261005,2026-10-05T09:14:57.1762313Z,,physical-scancode-chord,,chronological-manifest.csv,
m7-ci953-interfaces-20261005,2026-10-05T09:14:57.1762313Z,,physical-scancode-chord,Enter,actions.jsonl,30
m7-ci953-interfaces-20261005,2026-10-05T09:14:57.6495839Z,,observed-unicode-SendInput,,chronological-manifest.csv,
m7-ci953-interfaces-20261005,2026-10-05T09:14:57.6495839Z,,observed-unicode-SendInput,Task note,actions.jsonl,31
m7-ci953-interfaces-20261005,2026-10-05T09:14:58.3186401Z,,observed-text-value-after-input,,chronological-manifest.csv,
m7-ci953-interfaces-20261005,2026-10-05T09:14:58.3186401Z,,observed-text-value-after-input,Task note,actions.jsonl,32
m7-ci953-interfaces-20261005,2026-10-05T09:14:58.3244011Z,,physical-scancode-chord,,chronological-manifest.csv,
m7-ci953-interfaces-20261005,2026-10-05T09:14:58.3244011Z,,physical-scancode-chord,Enter,actions.jsonl,33
m7-ci953-interfaces-20261005,2026-10-05T09:14:58.7693403Z,,observed-unicode-SendInput,,chronological-manifest.csv,
m7-ci953-interfaces-20261005,2026-10-05T09:14:58.7693403Z,,observed-unicode-SendInput,Task note,actions.jsonl,34
m7-ci953-interfaces-20261005,2026-10-05T09:14:59.4378842Z,,observed-text-value-after-input,,chronological-manifest.csv,
m7-ci953-interfaces-20261005,2026-10-05T09:14:59.4378842Z,,observed-text-value-after-input,Task note,actions.jsonl,35
m7-ci953-interfaces-20261005,2026-10-05T09:14:59.4439705Z,,physical-scancode-chord,,chronological-manifest.csv,
m7-ci953-interfaces-20261005,2026-10-05T09:14:59.4439705Z,,physical-scancode-chord,Enter,actions.jsonl,36
m7-ci953-interfaces-20261005,2026-10-05T09:14:59.8765358Z,,observed-unicode-SendInput,,chronological-manifest.csv,
m7-ci953-interfaces-20261005,2026-10-05T09:14:59.8765358Z,,observed-unicode-SendInput,Task note,actions.jsonl,37
m7-ci953-interfaces-20261005,2026-10-05T09:15:00.5014565Z,,observed-text-value-after-input,,chronological-manifest.csv,
m7-ci953-interfaces-20261005,2026-10-05T09:15:00.5014565Z,,observed-text-value-after-input,Task note,actions.jsonl,38
m7-ci953-interfaces-20261005,2026-10-05T09:15:00.5066587Z,,physical-scancode-chord,,chronological-manifest.csv,
m7-ci953-interfaces-20261005,2026-10-05T09:15:00.5066587Z,,physical-scancode-chord,Enter,actions.jsonl,39
m7-ci953-interfaces-20261005,2026-10-05T09:15:00.9790438Z,,observed-unicode-SendInput,,chronological-manifest.csv,
m7-ci953-interfaces-20261005,2026-10-05T09:15:00.9790438Z,,observed-unicode-SendInput,Task note,actions.jsonl,40
m7-ci953-interfaces-20261005,2026-10-05T09:15:01.6240918Z,,observed-text-value-after-input,,chronological-manifest.csv,
m7-ci953-interfaces-20261005,2026-10-05T09:15:01.6240918Z,,observed-text-value-after-input,Task note,actions.jsonl,41
m7-ci953-interfaces-20261005,2026-10-05T09:15:01.6300075Z,,physical-scancode-chord,,chronological-manifest.csv,
m7-ci953-interfaces-20261005,2026-10-05T09:15:01.6300075Z,,physical-scancode-chord,Enter,actions.jsonl,42
m7-ci953-interfaces-20261005,2026-10-05T09:15:02.0709563Z,,observed-unicode-SendInput,,chronological-manifest.csv,
m7-ci953-interfaces-20261005,2026-10-05T09:15:02.0709563Z,,observed-unicode-SendInput,Task note,actions.jsonl,43
m7-ci953-interfaces-20261005,2026-10-05T09:15:02.7044302Z,,observed-text-value-after-input,,chronological-manifest.csv,
m7-ci953-interfaces-20261005,2026-10-05T09:15:02.7044302Z,,observed-text-value-after-input,Task note,actions.jsonl,44
m7-ci953-interfaces-20261005,2026-10-05T09:15:02.7100699Z,,physical-scancode-chord,,chronological-manifest.csv,
m7-ci953-interfaces-20261005,2026-10-05T09:15:02.7100699Z,,physical-scancode-chord,Ctrl+A,actions.jsonl,45
m7-ci953-interfaces-20261005,2026-10-05T09:15:03.5591167Z,,native-uia-invoke,,chronological-manifest.csv,
m7-ci953-interfaces-20261005,2026-10-05T09:15:03.5591167Z,,native-uia-invoke,Bold,actions.jsonl,46
m7-ci953-interfaces-20261005,2026-10-05T09:15:04.1439630Z,,native-uia-invoke,,chronological-manifest.csv,
m7-ci953-interfaces-20261005,2026-10-05T09:15:04.1439630Z,,native-uia-invoke,Italic,actions.jsonl,47
m7-ci953-interfaces-20261005,2026-10-05T09:15:04.7206892Z,,native-uia-invoke,,chronological-manifest.csv,
m7-ci953-interfaces-20261005,2026-10-05T09:15:04.7206892Z,,native-uia-invoke,Strikethrough,actions.jsonl,48
m7-ci953-interfaces-20261005,2026-10-05T09:15:05.3033426Z,,native-uia-invoke,,chronological-manifest.csv,
m7-ci953-interfaces-20261005,2026-10-05T09:15:05.3033426Z,,native-uia-invoke,Undo,actions.jsonl,49
m7-ci953-interfaces-20261005,2026-10-05T09:15:05.8712927Z,,native-uia-invoke,,chronological-manifest.csv,
m7-ci953-interfaces-20261005,2026-10-05T09:15:05.8712927Z,,native-uia-invoke,Redo,actions.jsonl,50
m7-ci953-interfaces-20261005,2026-10-05T09:15:06.4583192Z,,native-uia-observed-pointer-click,,chronological-manifest.csv,
m7-ci953-interfaces-20261005,2026-10-05T09:15:06.4583192Z,,native-uia-observed-pointer-click,Open larger notes editor,actions.jsonl,51
m7-ci953-interfaces-20261005,2026-10-05T09:15:33.2990550Z,,native-uia-invoke,,chronological-manifest.csv,
m7-ci953-interfaces-20261005,2026-10-05T09:15:33.2990550Z,,native-uia-invoke,Save note,actions.jsonl,52
m7-ci953-interfaces-20261005,2026-10-05T09:15:55.1855986Z,,native-uia-observed-pointer-click,,chronological-manifest.csv,
m7-ci953-interfaces-20261005,2026-10-05T09:15:55.1855986Z,,native-uia-observed-pointer-click,Notes,actions.jsonl,53
m7-ci953-interfaces-20261005,2026-10-05T09:15:55.7198604Z,,native-uia-invoke,,chronological-manifest.csv,
m7-ci953-interfaces-20261005,2026-10-05T09:15:55.7198604Z,,native-uia-invoke,Return to Focus Panel,actions.jsonl,54
m7-ci953-interfaces-20261005,2026-10-05T09:16:32.4026170Z,,native-uia-observed-pointer-click,,chronological-manifest.csv,
m7-ci953-interfaces-20261005,2026-10-05T09:16:32.4026170Z,,native-uia-observed-pointer-click,0/4 Subtasks,actions.jsonl,55
m7-ci953-interfaces-20261005,2026-10-05T09:16:32.9818745Z,,native-uia-invoke,,chronological-manifest.csv,
m7-ci953-interfaces-20261005,2026-10-05T09:16:32.9818745Z,,native-uia-invoke,Complete subtask: CI953 Visual subtask 4 — reorder companion,actions.jsonl,56
m7-ci953-interfaces-20261005,2026-10-05T09:16:34.5687090Z,,native-uia-invoke,,chronological-manifest.csv,
m7-ci953-interfaces-20261005,2026-10-05T09:16:34.5687090Z,,native-uia-invoke,Reopen subtask: CI953 Visual subtask 4 — reorder companion,actions.jsonl,57
m7-ci953-interfaces-20261005,2026-10-05T09:16:34.9027488Z,,native-uia-observed-pointer-click,,chronological-manifest.csv,
m7-ci953-interfaces-20261005,2026-10-05T09:16:34.9027488Z,,native-uia-observed-pointer-click,Notes,actions.jsonl,58
m7-ci953-interfaces-20261005,2026-10-05T09:16:36.3591417Z,,native-uia-observed-pointer-click,,chronological-manifest.csv,
m7-ci953-interfaces-20261005,2026-10-05T09:16:36.3591417Z,,native-uia-observed-pointer-click,Open larger notes editor,actions.jsonl,59
m7-ci953-interfaces-20261005,2026-10-05T09:16:38.2254525Z,,native-uia-setfocus,,chronological-manifest.csv,
m7-ci953-interfaces-20261005,2026-10-05T09:16:38.2254525Z,,native-uia-setfocus,Task note,actions.jsonl,60
m7-ci953-interfaces-20261005,2026-10-05T09:17:28.2872401Z,,physical-scancode-chord,,chronological-manifest.csv,
m7-ci953-interfaces-20261005,2026-10-05T09:17:28.2872401Z,,physical-scancode-chord,Ctrl+Home,actions.jsonl,61
m7-ci953-interfaces-20261005,2026-10-05T09:17:29.3679766Z,,physical-scancode-chord,,chronological-manifest.csv,
m7-ci953-interfaces-20261005,2026-10-05T09:17:29.3679766Z,,physical-scancode-chord,Ctrl+End,actions.jsonl,62
m7-ci953-interfaces-20261005,2026-10-05T09:17:30.5629297Z,,os-client-area-animation,,chronological-manifest.csv,
m7-ci953-interfaces-20261005,2026-10-05T09:17:30.7786490Z,,native-uia-invoke,,chronological-manifest.csv,
m7-ci953-interfaces-20261005,2026-10-05T09:17:30.7786490Z,,native-uia-invoke,Bulleted list,actions.jsonl,64
m7-ci953-interfaces-20261005,2026-10-05T09:17:31.1387533Z,,native-uia-invoke,,chronological-manifest.csv,
m7-ci953-interfaces-20261005,2026-10-05T09:17:31.1387533Z,,native-uia-invoke,Numbered list,actions.jsonl,65
m7-ci953-interfaces-20261005,2026-10-05T09:17:31.4650229Z,,native-uia-invoke,,chronological-manifest.csv,
m7-ci953-interfaces-20261005,2026-10-05T09:17:31.4650229Z,,native-uia-invoke,Undo,actions.jsonl,66
m7-ci953-interfaces-20261005,2026-10-05T09:17:31.8049952Z,,native-uia-invoke,,chronological-manifest.csv,
m7-ci953-interfaces-20261005,2026-10-05T09:17:31.8049952Z,,native-uia-invoke,Save note,actions.jsonl,67
m7-ci953-interfaces-20261005,2026-10-05T09:17:32.1428738Z,,native-uia-observed-pointer-click,,chronological-manifest.csv,
m7-ci953-interfaces-20261005,2026-10-05T09:17:32.1428738Z,,native-uia-observed-pointer-click,Notes,actions.jsonl,68
m7-ci953-interfaces-20261005,2026-10-05T09:17:32.6821856Z,,native-uia-invoke,,chronological-manifest.csv,
m7-ci953-interfaces-20261005,2026-10-05T09:17:32.6821856Z,,native-uia-invoke,Compact view,actions.jsonl,69
m7-ci953-interfaces-20261005,2026-10-05T09:17:33.7253250Z,,native-uia-observed-pointer-click,,chronological-manifest.csv,
m7-ci953-interfaces-20261005,2026-10-05T09:17:33.7253250Z,,native-uia-observed-pointer-click,Expand Floating Timer,actions.jsonl,70
m7-ci953-interfaces-20261005,2026-10-05T09:17:34.9359576Z,,physical-scancode-chord,,chronological-manifest.csv,
m7-ci953-interfaces-20261005,2026-10-05T09:17:34.9359576Z,,physical-scancode-chord,Ctrl+Shift+P,actions.jsonl,71
m7-ci953-interfaces-20261005,2026-10-05T09:17:36.6480899Z,,native-uia-invoke,,chronological-manifest.csv,
m7-ci953-interfaces-20261005,2026-10-05T09:17:36.6480899Z,,native-uia-invoke,Return to Focus Panel,actions.jsonl,72
m7-ci953-interfaces-20261005,2026-10-05T09:17:37.9434655Z,,activate-observed-native-window,,chronological-manifest.csv,
m7-ci953-interfaces-20261005,2026-10-05T09:18:19.3975830Z,,native-uia-invoke,,chronological-manifest.csv,
m7-ci953-interfaces-20261005,2026-10-05T09:18:19.3975830Z,,native-uia-invoke,Home,actions.jsonl,74
m7-ci953-interfaces-20261005,2026-10-05T09:18:20.7146639Z,,activate-observed-native-window,,chronological-manifest.csv,
m7-ci953-interfaces-20261005,2026-10-05T09:18:20.7523215Z,,native-uia-invoke,,chronological-manifest.csv,
m7-ci953-interfaces-20261005,2026-10-05T09:18:20.7523215Z,,native-uia-invoke,Open,actions.jsonl,76
m7-ci953-interfaces-20261005,2026-10-05T09:18:56.3765903Z,,native-uia-observed-pointer-click,,chronological-manifest.csv,
m7-ci953-interfaces-20261005,2026-10-05T09:18:56.3765903Z,,native-uia-observed-pointer-click,Expand subtasks for M7 PR233 CI948 LongUnbrokenTitleForNarrowMetricAndQueuedBadgeValidation1234567890,actions.jsonl,77
m7-ci953-interfaces-20261005,2026-10-05T09:19:29.6498123Z,,native-uia-invoke,,chronological-manifest.csv,
m7-ci953-interfaces-20261005,2026-10-05T09:19:29.6498123Z,,native-uia-invoke,CI953 Visual subtask 1 — readable normal row,actions.jsonl,78
m7-ci953-interfaces-20261005,2026-10-05T09:19:57.8159262Z,,native-uia-invoke,,chronological-manifest.csv,
m7-ci953-interfaces-20261005,2026-10-05T09:19:57.8159262Z,,native-uia-invoke,Cancel subtask edit,actions.jsonl,79
m7-ci953-interfaces-20261005,2026-10-05T09:19:58.1818952Z,,native-uia-invoke,,chronological-manifest.csv,
m7-ci953-interfaces-20261005,2026-10-05T09:19:58.1818952Z,,native-uia-invoke,Complete subtask: CI953 Visual subtask 1 — readable normal row,actions.jsonl,80
m7-ci953-interfaces-20261005,2026-10-05T09:19:58.9522723Z,,native-uia-invoke,,chronological-manifest.csv,
m7-ci953-interfaces-20261005,2026-10-05T09:19:58.9522723Z,,native-uia-invoke,Reopen subtask: CI953 Visual subtask 1 — readable normal row,actions.jsonl,81
m7-ci953-interfaces-20261005,2026-10-05T09:19:59.2697955Z,,native-uia-observed-pointer-click,,chronological-manifest.csv,
m7-ci953-interfaces-20261005,2026-10-05T09:19:59.2697955Z,,native-uia-observed-pointer-click,Collapse subtasks for M7 PR233 CI948 LongUnbrokenTitleForNarrowMetricAndQueuedBadgeValidation1234567890,actions.jsonl,82
m7-ci953-interfaces-20261005,2026-10-05T09:19:59.7842651Z,,native-uia-observed-pointer-click,,chronological-manifest.csv,
m7-ci953-interfaces-20261005,2026-10-05T09:19:59.7842651Z,,native-uia-observed-pointer-click,Expand notes for M7 PR233 CI948 LongUnbrokenTitleForNarrowMetricAndQueuedBadgeValidation1234567890,actions.jsonl,83
m7-ci953-interfaces-20261005,2026-10-05T09:20:41.1357882Z,,native-uia-observed-pointer-click,,chronological-manifest.csv,
m7-ci953-interfaces-20261005,2026-10-05T09:20:41.1357882Z,,native-uia-observed-pointer-click,Open larger notes editor,actions.jsonl,84
m7-ci953-interfaces-20261005,2026-10-05T09:20:43.3244092Z,,native-uia-setfocus,,chronological-manifest.csv,
m7-ci953-interfaces-20261005,2026-10-05T09:20:43.3244092Z,,native-uia-setfocus,Task note,actions.jsonl,85
m7-ci953-interfaces-20261005,2026-10-05T09:20:43.4353323Z,,physical-scancode-chord,,chronological-manifest.csv,
m7-ci953-interfaces-20261005,2026-10-05T09:20:43.4353323Z,,physical-scancode-chord,Ctrl+Home,actions.jsonl,86
m7-ci953-interfaces-20261005,2026-10-05T09:20:43.9657453Z,,physical-scancode-chord,,chronological-manifest.csv,
m7-ci953-interfaces-20261005,2026-10-05T09:20:43.9657453Z,,physical-scancode-chord,Ctrl+End,actions.jsonl,87
m7-ci953-interfaces-20261005,2026-10-05T09:20:44.4597063Z,,physical-scancode-chord,,chronological-manifest.csv,
m7-ci953-interfaces-20261005,2026-10-05T09:20:44.4597063Z,,physical-scancode-chord,Tab,actions.jsonl,88
m7-ci953-interfaces-20261005,2026-10-05T09:20:44.8525896Z,,physical-scancode-chord,,chronological-manifest.csv,
m7-ci953-interfaces-20261005,2026-10-05T09:20:44.8525896Z,,physical-scancode-chord,Shift+Tab,actions.jsonl,89
m7-ci953-interfaces-20261005,2026-10-05T09:20:45.3447821Z,,physical-scancode-chord,,chronological-manifest.csv,
m7-ci953-interfaces-20261005,2026-10-05T09:20:45.3447821Z,,physical-scancode-chord,Escape,actions.jsonl,90
m7-ci953-interfaces-20261005,2026-10-05T09:20:45.7749324Z,,native-uia-observed-pointer-click,,chronological-manifest.csv,
m7-ci953-interfaces-20261005,2026-10-05T09:20:45.7749324Z,,native-uia-observed-pointer-click,Collapse notes for M7 PR233 CI948 LongUnbrokenTitleForNarrowMetricAndQueuedBadgeValidation1234567890,actions.jsonl,91
m7-ci953-interfaces-20261005,2026-10-05T09:20:46.3012201Z,,native-uia-invoke,,chronological-manifest.csv,
m7-ci953-interfaces-20261005,2026-10-05T09:20:46.3012201Z,,native-uia-invoke,Settings,actions.jsonl,92
m7-ci953-interfaces-20261005,2026-10-05T09:21:25.3410231Z,,physical-mouse-wheel,,chronological-manifest.csv,
m7-ci953-interfaces-20261005,2026-10-05T09:21:26.9437468Z,,physical-mouse-wheel,,chronological-manifest.csv,
m7-ci953-interfaces-20261005,2026-10-05T09:21:27.9593903Z,,physical-scancode-chord,,chronological-manifest.csv,
m7-ci953-interfaces-20261005,2026-10-05T09:21:27.9593903Z,,physical-scancode-chord,Tab,actions.jsonl,95
m7-ci953-interfaces-20261005,2026-10-05T09:21:28.3517556Z,,physical-scancode-chord,,chronological-manifest.csv,
m7-ci953-interfaces-20261005,2026-10-05T09:21:28.3517556Z,,physical-scancode-chord,Tab,actions.jsonl,96
m7-ci953-interfaces-20261005,2026-10-05T09:21:28.7423799Z,,physical-scancode-chord,,chronological-manifest.csv,
m7-ci953-interfaces-20261005,2026-10-05T09:21:28.7423799Z,,physical-scancode-chord,Shift+Tab,actions.jsonl,97
m7-ci953-interfaces-20261005,2026-10-05T09:21:29.3530162Z,,os-client-area-animation,,chronological-manifest.csv,
m7-ci953-interfaces-20261005,2026-10-05T09:21:29.7153286Z,,native-uia-invoke,,chronological-manifest.csv,
m7-ci953-interfaces-20261005,2026-10-05T09:21:29.7153286Z,,native-uia-invoke,Home,actions.jsonl,99
m7-ci953-interfaces-20261005,2026-10-05T09:22:13.5191021Z,,native-uia-invoke,,chronological-manifest.csv,
m7-ci953-interfaces-20261005,2026-10-05T09:22:13.5191021Z,,native-uia-invoke,Settings,actions.jsonl,100
m7-ci953-interfaces-20261005,2026-10-05T09:22:14.3761621Z,,physical-mouse-wheel,,chronological-manifest.csv,
m7-ci953-interfaces-20261005,2026-10-05T09:22:15.8072234Z,,native-uia-invoke,,chronological-manifest.csv,
m7-ci953-interfaces-20261005,2026-10-05T09:22:15.8072234Z,,native-uia-invoke,Home,actions.jsonl,102
m7-ci953-interfaces-20261005,2026-10-05T09:22:16.1257593Z,,native-uia-invoke,,chronological-manifest.csv,
m7-ci953-interfaces-20261005,2026-10-05T09:22:16.1257593Z,,native-uia-invoke,Reports,actions.jsonl,103
m7-ci953-interfaces-20261005,2026-10-05T09:22:51.7327045Z,,native-uia-observed-pointer-click,,chronological-manifest.csv,
m7-ci953-interfaces-20261005,2026-10-05T09:22:51.7327045Z,,native-uia-observed-pointer-click,"Sep 05, 2026 – Oct 05, 2026",actions.jsonl,104
m7-ci953-interfaces-20261005,2026-10-05T09:23:21.3563953Z,,native-uia-invoke,,chronological-manifest.csv,
m7-ci953-interfaces-20261005,2026-10-05T09:23:21.3563953Z,,native-uia-invoke,Cancel,actions.jsonl,105
m7-ci953-interfaces-20261005,2026-10-05T09:23:23.7336726Z,,native-uia-invoke,,chronological-manifest.csv,
m7-ci953-interfaces-20261005,2026-10-05T09:23:23.7336726Z,,native-uia-invoke,Chart options,actions.jsonl,106
m7-ci953-interfaces-20261005,2026-10-05T09:23:24.5349252Z,,physical-scancode-chord,,chronological-manifest.csv,
m7-ci953-interfaces-20261005,2026-10-05T09:23:24.5349252Z,,physical-scancode-chord,Escape,actions.jsonl,107
m7-ci953-interfaces-20261005,2026-10-05T09:23:24.9590583Z,,native-uia-invoke,,chronological-manifest.csv,
m7-ci953-interfaces-20261005,2026-10-05T09:23:24.9590583Z,,native-uia-invoke,‹ BACK,actions.jsonl,108
m7-ci953-interfaces-20261005,2026-10-05T09:24:01.2145617Z,,native-uia-invoke,,chronological-manifest.csv,
m7-ci953-interfaces-20261005,2026-10-05T09:24:01.2145617Z,,native-uia-invoke,Reports,actions.jsonl,109
m7-ci953-interfaces-20261005,2026-10-05T09:24:02.7667796Z,,observed-pointer-tab,,chronological-manifest.csv,
m7-ci953-interfaces-20261005,2026-10-05T09:24:02.7667796Z,,observed-pointer-tab,Sessions BETA,actions.jsonl,110
m7-ci953-interfaces-20261005,2026-10-05T09:24:39.1889282Z,,native-uia-invoke,,chronological-manifest.csv,
m7-ci953-interfaces-20261005,2026-10-05T09:24:39.1889282Z,,native-uia-invoke,+ Add Session,actions.jsonl,111
m7-ci953-interfaces-20261005,2026-10-05T09:24:40.5779124Z,,physical-scancode-chord,,chronological-manifest.csv,
m7-ci953-interfaces-20261005,2026-10-05T09:24:40.5779124Z,,physical-scancode-chord,Tab,actions.jsonl,112
m7-ci953-interfaces-20261005,2026-10-05T09:24:40.9804946Z,,physical-scancode-chord,,chronological-manifest.csv,
m7-ci953-interfaces-20261005,2026-10-05T09:24:40.9804946Z,,physical-scancode-chord,Tab,actions.jsonl,113
m7-ci953-interfaces-20261005,2026-10-05T09:24:41.3787923Z,,physical-scancode-chord,,chronological-manifest.csv,
m7-ci953-interfaces-20261005,2026-10-05T09:24:41.3787923Z,,physical-scancode-chord,Escape,actions.jsonl,114
m7-ci953-interfaces-20261005,2026-10-05T09:24:41.8115700Z,,native-uia-observed-pointer-click,,chronological-manifest.csv,
m7-ci953-interfaces-20261005,2026-10-05T09:24:41.8115700Z,,native-uia-observed-pointer-click,Hide Break sessions,actions.jsonl,115
m7-ci953-interfaces-20261005,2026-10-05T09:25:09.1470619Z,,native-uia-observed-pointer-click,,chronological-manifest.csv,
m7-ci953-interfaces-20261005,2026-10-05T09:25:09.1470619Z,,native-uia-observed-pointer-click,Hide Break sessions,actions.jsonl,116
m7-ci953-interfaces-20261005,2026-10-05T09:25:09.6869701Z,,native-uia-observed-pointer-click,,chronological-manifest.csv,
m7-ci953-interfaces-20261005,2026-10-05T09:25:09.6869701Z,,native-uia-observed-pointer-click,Session actions for M7 CI942 English shortcut companion,actions.jsonl,117
m7-ci953-interfaces-20261005,2026-10-05T09:25:33.3350971Z,,bookmark,,chronological-manifest.csv,
m7-ci953-interfaces-20261005,2026-10-05T09:25:34.2312849Z,,native-uia-invoke,,chronological-manifest.csv,
m7-ci953-interfaces-20261005,2026-10-05T09:25:34.2312849Z,,native-uia-invoke,Cancel,actions.jsonl,119
m7-ci953-interfaces-20261005,2026-10-05T09:25:35.1501364Z,,native-uia-observed-pointer-click,,chronological-manifest.csv,
m7-ci953-interfaces-20261005,2026-10-05T09:25:35.1501364Z,,native-uia-observed-pointer-click,Session actions for M7 CI942 English shortcut companion,actions.jsonl,120
m7-ci953-interfaces-20261005,2026-10-05T09:26:01.5768605Z,,native-uia-observed-pointer-click,,chronological-manifest.csv,
m7-ci953-interfaces-20261005,2026-10-05T09:26:01.5768605Z,,native-uia-observed-pointer-click,Edit,actions.jsonl,121
m7-ci953-interfaces-20261005,2026-10-05T09:26:47.2946843Z,,native-uia-observed-pointer-click,,chronological-manifest.csv,
m7-ci953-interfaces-20261005,2026-10-05T09:26:47.2946843Z,,native-uia-observed-pointer-click,Session actions for M7 CI942 English shortcut companion,actions.jsonl,122
m7-ci953-interfaces-20261005,2026-10-05T09:27:39.0544340Z,,physical-scancode-chord,,chronological-manifest.csv,
m7-ci953-interfaces-20261005,2026-10-05T09:27:39.0544340Z,,physical-scancode-chord,Escape,actions.jsonl,123
m7-ci953-interfaces-20261005,2026-10-05T09:27:39.7715820Z,,native-uia-invoke,,chronological-manifest.csv,
m7-ci953-interfaces-20261005,2026-10-05T09:27:39.7715820Z,,native-uia-invoke,Close task session detail,actions.jsonl,124
m7-ci953-interfaces-20261005,2026-10-05T09:27:40.1360055Z,,native-uia-invoke,,chronological-manifest.csv,
m7-ci953-interfaces-20261005,2026-10-05T09:27:40.1360055Z,,native-uia-invoke,Settings,actions.jsonl,125
m7-ci953-interfaces-20261005,2026-10-05T09:27:41.5009785Z,,native-uia-setfocus,,chronological-manifest.csv,
m7-ci953-interfaces-20261005,2026-10-05T09:27:41.5009785Z,,native-uia-setfocus,Light theme — Use Narro's light surfaces,actions.jsonl,126
m7-ci953-interfaces-20261005,2026-10-05T09:27:41.5069666Z,,physical-scancode-chord,,chronological-manifest.csv,
m7-ci953-interfaces-20261005,2026-10-05T09:27:41.5069666Z,,physical-scancode-chord,Ctrl+End,actions.jsonl,127
m7-ci953-interfaces-20261005,2026-10-05T09:28:10.5489705Z,,physical-mouse-wheel,,chronological-manifest.csv,
m7-ci953-interfaces-20261005,2026-10-05T09:28:11.3700721Z,,physical-mouse-wheel,,chronological-manifest.csv,
m7-ci953-interfaces-20261005,2026-10-05T09:28:12.1637682Z,,physical-mouse-wheel,,chronological-manifest.csv,
m7-ci953-interfaces-20261005,2026-10-05T09:28:12.9526861Z,,physical-mouse-wheel,,chronological-manifest.csv,
m7-ci953-interfaces-20261005,2026-10-05T09:28:14.0714156Z,,native-uia-invoke,,chronological-manifest.csv,
m7-ci953-interfaces-20261005,2026-10-05T09:28:14.0714156Z,,native-uia-invoke,Home,actions.jsonl,132
m7-ci953-interfaces-20261005,2026-10-05T09:28:14.4616206Z,,physical-scancode-chord,,chronological-manifest.csv,
m7-ci953-interfaces-20261005,2026-10-05T09:28:14.4616206Z,,physical-scancode-chord,Ctrl+Shift+T,actions.jsonl,133
m7-ci953-interfaces-20261005,2026-10-05T09:28:15.9828605Z,,native-uia-invoke,,chronological-manifest.csv,
m7-ci953-interfaces-20261005,2026-10-05T09:28:15.9828605Z,,native-uia-invoke,Stop Recording,actions.jsonl,134
m7-ci953-gaps-20261005,2026-10-05T09:45:14.3676170Z,-0.729,native-uia-invoke,Start Recording,chronological-actions.csv,
m7-ci953-gaps-20261005,2026-10-05T09:45:14.9789535Z,-0.118,activate-observed-native-window,,chronological-actions.csv,
m7-ci953-gaps-20261005,2026-10-05T09:45:15.0232616Z,-0.073,native-uia-observed-pointer-click,Expand Floating Timer,chronological-actions.csv,
m7-ci953-gaps-20261005,2026-10-05T09:46:11.5386469Z,56.442,os-client-area-animation,normal,chronological-actions.csv,
m7-ci953-gaps-20261005,2026-10-05T09:46:11.5386469Z,56.442,os-client-area-animation,,chronological-actions.jsonl,4
m7-ci953-gaps-20261005,2026-10-05T09:47:10.7861745Z,115.69,os-client-area-animation,normal,chronological-actions.csv,
m7-ci953-gaps-20261005,2026-10-05T09:47:10.7861745Z,115.69,os-client-area-animation,,chronological-actions.jsonl,5
m7-ci953-gaps-20261005,2026-10-05T09:47:10.9536328Z,115.857,observed-populated-timer-hover,Start break,chronological-actions.csv,
m7-ci953-gaps-20261005,2026-10-05T09:47:12.8681004Z,117.772,observed-populated-timer-hover,Notes,chronological-actions.csv,
m7-ci953-gaps-20261005,2026-10-05T09:47:14.2766407Z,119.18,observed-populated-timer-hover,Resume,chronological-actions.csv,
m7-ci953-gaps-20261005,2026-10-05T09:47:15.6665181Z,120.57,observed-populated-timer-hover,Skip task,chronological-actions.csv,
m7-ci953-gaps-20261005,2026-10-05T09:47:17.0405314Z,121.944,observed-populated-timer-hover,Complete task,chronological-actions.csv,
m7-ci953-gaps-20261005,2026-10-05T09:47:18.4121932Z,123.316,observed-populated-timer-hover,Return to Focus Panel,chronological-actions.csv,
m7-ci953-gaps-20261005,2026-10-05T09:47:19.9257458Z,124.829,os-client-area-animation,reduced,chronological-actions.csv,
m7-ci953-gaps-20261005,2026-10-05T09:47:19.9257458Z,124.829,os-client-area-animation,,chronological-actions.jsonl,12
m7-ci953-gaps-20261005,2026-10-05T09:47:19.9506887Z,124.854,observed-populated-timer-hover,Start break,chronological-actions.csv,
m7-ci953-gaps-20261005,2026-10-05T09:47:21.3236340Z,126.227,observed-populated-timer-hover,Notes,chronological-actions.csv,
m7-ci953-gaps-20261005,2026-10-05T09:47:22.6873033Z,127.591,observed-populated-timer-hover,Resume,chronological-actions.csv,
m7-ci953-gaps-20261005,2026-10-05T09:47:24.0595322Z,128.963,observed-populated-timer-hover,Skip task,chronological-actions.csv,
m7-ci953-gaps-20261005,2026-10-05T09:47:25.4208998Z,130.324,observed-populated-timer-hover,Complete task,chronological-actions.csv,
m7-ci953-gaps-20261005,2026-10-05T09:47:26.7828806Z,131.686,observed-populated-timer-hover,Return to Focus Panel,chronological-actions.csv,
m7-ci953-gaps-20261005,2026-10-05T09:47:28.2261179Z,133.13,native-uia-invoke,Return to Focus Panel,chronological-actions.csv,
m7-ci953-gaps-20261005,2026-10-05T09:47:29.2051135Z,134.109,native-uia-invoke,Home,chronological-actions.csv,
m7-ci953-gaps-20261005,2026-10-05T09:47:29.8063346Z,134.71,activate-observed-native-window,,chronological-actions.csv,
m7-ci953-gaps-20261005,2026-10-05T09:47:29.8364118Z,134.74,native-uia-invoke,Open,chronological-actions.csv,
m7-ci953-gaps-20261005,2026-10-05T09:47:30.8104814Z,135.714,native-uia-observed-pointer-click,Expand subtasks for M7 PR233 CI948 LongUnbrokenTitleForNarrowMetricAndQueuedBadgeValidation1234567890,chronological-actions.csv,
m7-ci953-gaps-20261005,2026-10-05T09:47:31.3146330Z,136.218,native-uia-invoke,CI953VisualSubtask2LongUnbrokenTitleForOverflowTooltipAndNarrowRowAcceptance1234567890ABCDEFGHIJKLMNOPQRSTUVWXYZ,chronological-actions.csv,
m7-ci953-gaps-20261005,2026-10-05T09:48:45.1326487Z,210.036,physical-scancode-chord,Ctrl+A,chronological-actions.csv,
m7-ci953-gaps-20261005,2026-10-05T09:48:45.9781664Z,210.882,observed-unicode-SendInput,Subtask title,chronological-actions.csv,
m7-ci953-gaps-20261005,2026-10-05T09:48:46.6013171Z,211.505,observed-text-value-after-input,Subtask title,chronological-actions.csv,
m7-ci953-gaps-20261005,2026-10-05T09:48:46.7201296Z,211.624,native-uia-invoke,Save subtask title,chronological-actions.csv,
m7-ci953-gaps-20261005,2026-10-05T09:48:47.5205265Z,212.424,native-uia-invoke,CI953VisualSubtask2LongUnbrokenTitleForOverflowTooltipAndNarrowRowAcceptance1234567890ABCDEFGHIJKLMNOPQRSTUVWXYZ edited,chronological-actions.csv,
m7-ci953-gaps-20261005,2026-10-05T09:48:47.8162652Z,212.72,physical-scancode-chord,Ctrl+A,chronological-actions.csv,
m7-ci953-gaps-20261005,2026-10-05T09:48:48.3492091Z,213.253,observed-unicode-SendInput,Subtask title,chronological-actions.csv,
m7-ci953-gaps-20261005,2026-10-05T09:48:48.9571973Z,213.861,observed-text-value-after-input,Subtask title,chronological-actions.csv,
m7-ci953-gaps-20261005,2026-10-05T09:48:48.9886294Z,213.892,native-uia-invoke,Save subtask title,chronological-actions.csv,
m7-ci953-gaps-20261005,2026-10-05T09:48:49.7541350Z,214.658,native-uia-invoke,CI953VisualSubtask2LongUnbrokenTitleForOverflowTooltipAndNarrowRowAcceptance1234567890ABCDEFGHIJKLMNOPQRSTUVWXYZ,chronological-actions.csv,
m7-ci953-gaps-20261005,2026-10-05T09:48:50.0623805Z,214.966,native-uia-invoke,Cancel subtask edit,chronological-actions.csv,
m7-ci953-gaps-20261005,2026-10-05T09:48:50.3737064Z,215.277,native-uia-observed-pointer-click,Collapse subtasks for M7 PR233 CI948 LongUnbrokenTitleForNarrowMetricAndQueuedBadgeValidation1234567890,chronological-actions.csv,
m7-ci953-gaps-20261005,2026-10-05T09:48:50.8624442Z,215.766,native-uia-invoke,Home,chronological-actions.csv,
m7-ci953-gaps-20261005,2026-10-05T09:48:51.1746457Z,216.078,native-uia-invoke,Open,chronological-actions.csv,
m7-ci953-gaps-20261005,2026-10-05T09:49:43.7909528Z,268.694,os-client-area-animation,normal,chronological-actions.csv,
m7-ci953-gaps-20261005,2026-10-05T09:49:43.7909528Z,268.694,os-client-area-animation,,chronological-actions.jsonl,39
m7-ci953-gaps-20261005,2026-10-05T09:49:44.9677167Z,269.871,native-uia-setfocus,Edit task title: M7 PR234 CI950 alpha retained-menu and drag,chronological-actions.csv,
m7-ci953-gaps-20261005,2026-10-05T09:49:45.5466166Z,270.45,physical-scancode-chord,Tab,chronological-actions.csv,
m7-ci953-gaps-20261005,2026-10-05T09:49:45.9540018Z,270.858,physical-scancode-chord,Shift+Tab,chronological-actions.csv,
m7-ci953-gaps-20261005,2026-10-05T09:49:46.7774096Z,271.681,observed-planning-card-title-hover,Edit task title: M7 PR234 CI950 alpha retained-menu and drag,chronological-actions.csv,
m7-ci953-gaps-20261005,2026-10-05T09:49:48.4258558Z,273.329,os-client-area-animation,reduced,chronological-actions.csv,
m7-ci953-gaps-20261005,2026-10-05T09:49:48.4258558Z,273.329,os-client-area-animation,,chronological-actions.jsonl,44
m7-ci953-gaps-20261005,2026-10-05T09:49:49.1530744Z,274.057,native-uia-setfocus,Edit task title: M7 PR234 CI950 alpha retained-menu and drag,chronological-actions.csv,
m7-ci953-gaps-20261005,2026-10-05T09:49:49.4591315Z,274.363,physical-scancode-chord,Tab,chronological-actions.csv,
m7-ci953-gaps-20261005,2026-10-05T09:49:49.8476625Z,274.751,physical-scancode-chord,Shift+Tab,chronological-actions.csv,
m7-ci953-gaps-20261005,2026-10-05T09:49:50.6346616Z,275.538,observed-planning-card-title-hover,Edit task title: M7 PR234 CI950 alpha retained-menu and drag,chronological-actions.csv,
m7-ci953-gaps-20261005,2026-10-05T09:50:45.0689900Z,329.973,os-client-area-animation,reduced,chronological-actions.csv,
m7-ci953-gaps-20261005,2026-10-05T09:50:45.0689900Z,329.973,os-client-area-animation,,chronological-actions.jsonl,49
m7-ci953-gaps-20261005,2026-10-05T09:50:45.2094675Z,330.113,observed-planning-rail-hover,Subtasks,chronological-actions.csv,
m7-ci953-gaps-20261005,2026-10-05T09:50:46.6083991Z,331.512,observed-planning-rail-hover,Notes,chronological-actions.csv,
m7-ci953-gaps-20261005,2026-10-05T09:50:47.7601844Z,332.664,observed-planning-rail-hover,Move task one lane left,chronological-actions.csv,
m7-ci953-gaps-20261005,2026-10-05T09:50:48.9055052Z,333.809,observed-planning-rail-hover,Move task one lane right,chronological-actions.csv,
m7-ci953-gaps-20261005,2026-10-05T09:50:50.0655362Z,334.969,observed-planning-rail-hover,Task actions,chronological-actions.csv,
m7-ci953-gaps-20261005,2026-10-05T09:50:51.7164513Z,336.62,os-client-area-animation,normal,chronological-actions.csv,
m7-ci953-gaps-20261005,2026-10-05T09:50:51.7164513Z,336.62,os-client-area-animation,,chronological-actions.jsonl,55
m7-ci953-gaps-20261005,2026-10-05T09:50:51.7413625Z,336.645,observed-planning-rail-hover,Subtasks,chronological-actions.csv,
m7-ci953-gaps-20261005,2026-10-05T09:50:52.8859032Z,337.789,observed-planning-rail-hover,Notes,chronological-actions.csv,
m7-ci953-gaps-20261005,2026-10-05T09:50:54.0349301Z,338.938,observed-planning-rail-hover,Move task one lane left,chronological-actions.csv,
m7-ci953-gaps-20261005,2026-10-05T09:50:55.1754323Z,340.079,observed-planning-rail-hover,Move task one lane right,chronological-actions.csv,
m7-ci953-gaps-20261005,2026-10-05T09:50:56.3047506Z,341.208,observed-planning-rail-hover,Task actions,chronological-actions.csv,
m7-ci953-gaps-20261005,2026-10-05T09:50:57.8327689Z,342.736,native-uia-invoke,Reports,chronological-actions.csv,
m7-ci953-gaps-20261005,2026-10-05T09:50:58.8253109Z,343.729,native-uia-observed-pointer-click,"Sep 05, 2026 – Oct 05, 2026",chronological-actions.csv,
m7-ci953-gaps-20261005,2026-10-05T09:50:59.3303660Z,344.234,native-uia-invoke,This week,chronological-actions.csv,
m7-ci953-gaps-20261005,2026-10-05T09:51:55.7722430Z,400.676,native-uia-invoke,Apply,chronological-actions.csv,
m7-ci953-gaps-20261005,2026-10-05T09:52:59.0063503Z,463.91,native-uia-observed-pointer-click,"Oct 05, 2026 – Oct 05, 2026",chronological-actions.csv,
m7-ci953-gaps-20261005,2026-10-05T09:52:59.5356223Z,464.439,native-uia-invoke,Last 30 days,chronological-actions.csv,
m7-ci953-gaps-20261005,2026-10-05T09:52:59.8606560Z,464.764,native-uia-invoke,Apply,chronological-actions.csv,
m7-ci953-gaps-20261005,2026-10-05T09:53:01.4051292Z,466.309,observed-pointer-tab,Sessions BETA,chronological-actions.csv,
m7-ci953-gaps-20261005,2026-10-05T09:53:03.5722218Z,468.476,observe-session-break-filter,,chronological-actions.csv,
m7-ci953-gaps-20261005,2026-10-05T09:53:03.6318521Z,468.535,native-uia-observed-pointer-click,Hide Break sessions,chronological-actions.csv,
m7-ci953-gaps-20261005,2026-10-05T09:53:57.3493710Z,522.253,observe-session-break-filter,Show Break sessions,chronological-actions.csv,
m7-ci953-gaps-20261005,2026-10-05T09:53:58.1079458Z,523.011,native-uia-observed-pointer-click,Show Break sessions,chronological-actions.csv,
m7-ci953-gaps-20261005,2026-10-05T09:53:59.8753038Z,524.779,observe-session-break-filter,Hide Break sessions,chronological-actions.csv,
m7-ci953-gaps-20261005,2026-10-05T09:53:59.9172852Z,524.821,native-uia-observed-pointer-click,Session actions for M7 CI942 English shortcut companion,chronological-actions.csv,
m7-ci953-gaps-20261005,2026-10-05T09:54:00.4358402Z,525.339,native-uia-observed-pointer-click,Edit,chronological-actions.csv,
m7-ci953-gaps-20261005,2026-10-05T09:54:01.5910130Z,526.495,native-uia-invoke,+ Add Session,chronological-actions.csv,
m7-ci953-gaps-20261005,2026-10-05T09:54:51.6375618Z,576.541,observe-manual-time-field,Hours Start,chronological-actions.csv,
m7-ci953-gaps-20261005,2026-10-05T09:54:51.6979219Z,576.601,observe-manual-time-field,Minutes Start,chronological-actions.csv,
m7-ci953-gaps-20261005,2026-10-05T09:54:51.7289019Z,576.632,observe-manual-time-field,AM/PM Start,chronological-actions.csv,
m7-ci953-gaps-20261005,2026-10-05T09:54:51.7576932Z,576.661,observe-manual-time-field,Hours End,chronological-actions.csv,
m7-ci953-gaps-20261005,2026-10-05T09:54:51.7887662Z,576.692,observe-manual-time-field,Minutes End,chronological-actions.csv,
m7-ci953-gaps-20261005,2026-10-05T09:54:51.8177102Z,576.721,observe-manual-time-field,AM/PM End,chronological-actions.csv,
m7-ci953-gaps-20261005,2026-10-05T09:56:42.0113269Z,686.915,bookmark,"30: owned Add Session shows a visible horizontal scrollbar inside the Recent Tasks picker, with supplied long fixture titles; native navigation PNG and continuous OBS preserve it. Source/requirement disposition pending.",chronological-actions.csv,
m7-ci953-gaps-20261005,2026-10-05T09:56:42.0113269Z,686.915,bookmark,,chronological-actions.jsonl,83
m7-ci953-gaps-20261005,2026-10-05T09:56:43.2410189Z,688.145,native-uia-setfocus,Hours End,chronological-actions.csv,
m7-ci953-gaps-20261005,2026-10-05T09:56:43.6023514Z,688.506,physical-virtual-key-chord,Down,chronological-actions.csv,
m7-ci953-gaps-20261005,2026-10-05T09:56:43.9825621Z,688.886,native-uia-setfocus,Minutes End,chronological-actions.csv,
m7-ci953-gaps-20261005,2026-10-05T09:56:44.6860361Z,689.59,physical-virtual-key-chord,Up twice,chronological-actions.csv,
m7-ci953-gaps-20261005,2026-10-05T09:58:07.8806017Z,772.784,native-uia-invoke,Add Session,chronological-actions.csv,
m7-ci953-gaps-20261005,2026-10-05T09:58:44.9333966Z,809.837,native-uia-observed-pointer-click,Session actions for M7 CI942 English shortcut companion,chronological-actions.csv,
m7-ci953-gaps-20261005,2026-10-05T10:00:14.4655048Z,899.369,physical-scancode-chord,Escape,chronological-actions.csv,
m7-ci953-gaps-20261005,2026-10-05T10:00:33.1523729Z,918.056,native-uia-invoke,12:56 PM,chronological-actions.csv,
m7-ci953-gaps-20261005,2026-10-05T10:01:59.3554129Z,1004.259,native-uia-setfocus,Minutes End time for M7 CI942 English shortcut companion,chronological-actions.csv,
m7-ci953-gaps-20261005,2026-10-05T10:01:59.7485738Z,1004.652,physical-virtual-key-chord,Up,chronological-actions.csv,
m7-ci953-gaps-20261005,2026-10-05T10:01:59.9043969Z,1004.808,native-uia-invoke,Save session end time,chronological-actions.csv,
m7-ci953-gaps-20261005,2026-10-05T10:02:01.8017831Z,1006.705,native-uia-invoke,12:57 PM,chronological-actions.csv,
m7-ci953-gaps-20261005,2026-10-05T10:02:02.4414043Z,1007.345,native-uia-setfocus,Minutes End time for M7 CI942 English shortcut companion,chronological-actions.csv,
m7-ci953-gaps-20261005,2026-10-05T10:02:02.7884527Z,1007.692,physical-virtual-key-chord,Down,chronological-actions.csv,
m7-ci953-gaps-20261005,2026-10-05T10:02:02.8294078Z,1007.733,native-uia-invoke,Save session end time,chronological-actions.csv,
m7-ci953-gaps-20261005,2026-10-05T10:02:03.8933345Z,1008.797,native-uia-invoke,12:56 PM,chronological-actions.csv,
m7-ci953-gaps-20261005,2026-10-05T10:02:04.5535794Z,1009.457,native-uia-setfocus,Minutes End time for M7 CI942 English shortcut companion,chronological-actions.csv,
m7-ci953-gaps-20261005,2026-10-05T10:02:04.9997051Z,1009.903,physical-scancode-chord,Escape,chronological-actions.csv,
m7-ci953-gaps-20261005,2026-10-05T10:03:18.2049338Z,1083.108,bookmark,"31: Manual end-time editing is reached by clicking the displayed end time, not its Delete-only menu. Actual Save120→180→120 worked on the same manual session ID. After an unsaved minute increment, Escape left the inline editor open; restore draft explicitly and close task detail. Requirement/source review pending.",chronological-actions.csv,
m7-ci953-gaps-20261005,2026-10-05T10:03:18.2049338Z,1083.108,bookmark,,chronological-actions.jsonl,102
m7-ci953-gaps-20261005,2026-10-05T10:03:19.4261994Z,1084.33,native-uia-setfocus,Minutes End time for M7 CI942 English shortcut companion,chronological-actions.csv,
m7-ci953-gaps-20261005,2026-10-05T10:03:19.7928649Z,1084.696,physical-virtual-key-chord,Down,chronological-actions.csv,
m7-ci953-gaps-20261005,2026-10-05T10:03:19.9070216Z,1084.811,native-uia-invoke,Save session end time,chronological-actions.csv,
m7-ci953-gaps-20261005,2026-10-05T10:03:20.2364905Z,1085.14,native-uia-invoke,Close task session detail,chronological-actions.csv,
m7-ci953-gaps-20261005,2026-10-05T10:03:20.8129422Z,1085.716,native-uia-invoke,Home,chronological-actions.csv,
m7-ci953-gaps-20261005,2026-10-05T10:03:21.3151915Z,1086.219,os-client-area-animation,normal,chronological-actions.csv,
m7-ci953-gaps-20261005,2026-10-05T10:03:21.3151915Z,1086.219,os-client-area-animation,,chronological-actions.jsonl,108
m7-ci953-gaps-20261005,2026-10-05T10:03:21.4025821Z,1086.306,physical-scancode-chord,Ctrl+Shift+T,chronological-actions.csv,
m7-ci953-gaps-20261005,2026-10-05T10:03:23.0953674Z,1087.999,native-uia-invoke,Stop Recording,chronological-actions.csv,
m7-ci953-dual-20261005,2026-10-05T12:22:38.4315307Z,-0.682,native-uia-invoke,Start Recording,chronological-actions.csv,
m7-ci953-dual-20261005,2026-10-05T12:22:38.7341164Z,-0.38,windows-topology-request,Duplicate,chronological-actions.csv,
m7-ci953-dual-20261005,2026-10-05T12:22:38.7341164Z,-0.38,windows-topology-request,,chronological-actions.jsonl,2
m7-ci953-dual-20261005,2026-10-05T12:22:41.0565288Z,1.943,windows-topology-request,Extend,chronological-actions.csv,
m7-ci953-dual-20261005,2026-10-05T12:22:41.0565288Z,1.943,windows-topology-request,,chronological-actions.jsonl,3
m7-ci953-dual-20261005,2026-10-05T12:24:31.2024677Z,112.088,activate-observed-native-window,,chronological-actions.csv,
m7-ci953-dual-20261005,2026-10-05T12:24:31.5743733Z,112.46,SendInput actual virtual-desktop drag,,chronological-actions.csv,
m7-ci953-dual-20261005,2026-10-05T12:24:35.3872920Z,116.273,native-uia-observed-pointer-click,Expand Floating Timer,chronological-actions.csv,
m7-ci953-dual-20261005,2026-10-05T12:25:19.3977795Z,160.284,native-uia-observed-pointer-click,Collapse Floating Timer,chronological-actions.csv,
m7-ci953-dual-20261005,2026-10-05T12:25:20.2788383Z,161.165,activate-observed-native-window,,chronological-actions.csv,
m7-ci953-dual-20261005,2026-10-05T12:25:20.5265373Z,161.413,SendInput actual virtual-desktop drag,,chronological-actions.csv,
m7-ci953-dual-20261005,2026-10-05T12:25:24.4586041Z,165.345,activate-observed-native-window,,chronological-actions.csv,
m7-ci953-dual-20261005,2026-10-05T12:25:24.4847693Z,165.371,native-uia-invoke,Settings,chronological-actions.csv,
m7-ci953-dual-20261005,2026-10-05T12:25:48.5142355Z,189.4,activate-observed-native-window,,chronological-actions.csv,
m7-ci953-dual-20261005,2026-10-05T12:25:48.8489127Z,189.735,native-uia-observed-pointer-click,Expand Floating Timer,chronological-actions.csv,
m7-ci953-dual-20261005,2026-10-05T12:25:49.4510980Z,190.337,physical-scancode-chord,Ctrl+Shift+P,chronological-actions.csv,
m7-ci953-dual-20261005,2026-10-05T12:25:50.5267536Z,191.413,native-uia-observed-pointer-click,Notes,chronological-actions.csv,
m7-ci953-dual-20261005,2026-10-05T12:26:13.5866033Z,214.473,native-uia-observed-pointer-click,Notes,chronological-actions.csv,
m7-ci953-dual-20261005,2026-10-05T12:26:14.1180337Z,215.004,native-uia-invoke,Return to Focus Panel,chronological-actions.csv,
m7-ci953-dual-20261005,2026-10-05T12:26:15.3603870Z,216.246,activate-observed-native-window,,chronological-actions.csv,
m7-ci953-dual-20261005,2026-10-05T12:26:15.4073660Z,216.293,native-uia-observed-pointer-click,Focus Panel monitor,chronological-actions.csv,
m7-ci953-dual-20261005,2026-10-05T12:27:11.9424510Z,272.828,native-uia-selection,\\.\DISPLAY1 · 1920×1080 · 125%,chronological-actions.csv,
m7-ci953-dual-20261005,2026-10-05T12:27:12.4464913Z,273.333,os-client-area-animation,normal,chronological-actions.csv,
m7-ci953-dual-20261005,2026-10-05T12:27:12.4464913Z,273.333,os-client-area-animation,,chronological-actions.jsonl,21
m7-ci953-dual-20261005,2026-10-05T12:27:12.6839332Z,273.57,native-uia-observed-pointer-click,Left,chronological-actions.csv,
m7-ci953-dual-20261005,2026-10-05T12:27:13.6934470Z,274.579,native-uia-observed-pointer-click,Right,chronological-actions.csv,
m7-ci953-dual-20261005,2026-10-05T12:27:14.8664296Z,275.752,activate-observed-native-window,,chronological-actions.csv,
m7-ci953-dual-20261005,2026-10-05T12:27:14.9630801Z,275.849,physical-scancode-chord,Ctrl+Shift+T,chronological-actions.csv,
m7-ci953-dual-20261005,2026-10-05T12:27:15.8325944Z,276.719,native-uia-observed-pointer-click,Expand Floating Timer,chronological-actions.csv,
m7-ci953-dual-20261005,2026-10-05T12:27:16.2851861Z,277.171,physical-scancode-chord,Ctrl+Shift+P,chronological-actions.csv,
m7-ci953-dual-20261005,2026-10-05T12:27:17.1655991Z,278.052,native-uia-invoke,Return to Focus Panel,chronological-actions.csv,
m7-ci953-dual-20261005,2026-10-05T12:27:17.6795532Z,278.566,os-client-area-animation,reduced,chronological-actions.csv,
m7-ci953-dual-20261005,2026-10-05T12:27:17.6795532Z,278.566,os-client-area-animation,,chronological-actions.jsonl,29
m7-ci953-dual-20261005,2026-10-05T12:27:17.7134051Z,278.599,native-uia-observed-pointer-click,Left,chronological-actions.csv,
m7-ci953-dual-20261005,2026-10-05T12:27:18.5038205Z,279.39,native-uia-observed-pointer-click,Right,chronological-actions.csv,
m7-ci953-dual-20261005,2026-10-05T12:27:19.5565410Z,280.443,activate-observed-native-window,,chronological-actions.csv,
m7-ci953-dual-20261005,2026-10-05T12:27:19.5611612Z,280.447,physical-scancode-chord,Ctrl+Shift+T,chronological-actions.csv,
m7-ci953-dual-20261005,2026-10-05T12:27:20.3644849Z,281.251,native-uia-observed-pointer-click,Expand Floating Timer,chronological-actions.csv,
m7-ci953-dual-20261005,2026-10-05T12:27:20.8346134Z,281.721,physical-scancode-chord,Ctrl+Shift+P,chronological-actions.csv,
m7-ci953-dual-20261005,2026-10-05T12:27:21.6771872Z,282.563,native-uia-invoke,Return to Focus Panel,chronological-actions.csv,
m7-ci953-dual-20261005,2026-10-05T12:27:22.2544785Z,283.141,activate-observed-native-window,,chronological-actions.csv,
m7-ci953-dual-20261005,2026-10-05T12:27:22.2875357Z,283.174,native-uia-observed-pointer-click,Focus Panel monitor,chronological-actions.csv,
m7-ci953-dual-20261005,2026-10-05T12:28:32.6883286Z,353.574,native-uia-selection,\\.\DISPLAY2 · 2560×1080 · 100%,chronological-actions.csv,
m7-ci953-dual-20261005,2026-10-05T12:28:33.0626399Z,353.949,activate-observed-native-window,,chronological-actions.csv,
m7-ci953-dual-20261005,2026-10-05T12:28:33.2590633Z,354.145,physical-scancode-chord,Ctrl+Shift+T,chronological-actions.csv,
m7-ci953-dual-20261005,2026-10-05T12:28:34.0550354Z,354.941,SendInput actual virtual-desktop drag,,chronological-actions.csv,
m7-ci953-dual-20261005,2026-10-05T12:28:37.7454510Z,358.631,native-uia-observed-pointer-click,Expand Floating Timer,chronological-actions.csv,
m7-ci953-dual-20261005,2026-10-05T12:28:38.2618586Z,359.148,native-uia-invoke,Return to Focus Panel,chronological-actions.csv,
m7-ci953-dual-20261005,2026-10-05T12:28:38.6861329Z,359.572,os-client-area-animation,normal,chronological-actions.csv,
m7-ci953-dual-20261005,2026-10-05T12:28:38.6861329Z,359.572,os-client-area-animation,,chronological-actions.jsonl,45
m7-ci953-dual-20261005,2026-10-05T12:28:38.7325413Z,359.619,native-uia-observed-pointer-click,Left,chronological-actions.csv,
m7-ci953-dual-20261005,2026-10-05T12:28:39.5340004Z,360.42,native-uia-observed-pointer-click,Right,chronological-actions.csv,
m7-ci953-dual-20261005,2026-10-05T12:28:40.5975093Z,361.484,activate-observed-native-window,,chronological-actions.csv,
m7-ci953-dual-20261005,2026-10-05T12:28:40.6027572Z,361.489,physical-scancode-chord,Ctrl+Shift+T,chronological-actions.csv,
m7-ci953-dual-20261005,2026-10-05T12:28:41.4209690Z,362.307,native-uia-observed-pointer-click,Expand Floating Timer,chronological-actions.csv,
m7-ci953-dual-20261005,2026-10-05T12:28:41.8847718Z,362.771,physical-scancode-chord,Ctrl+Shift+P,chronological-actions.csv,
m7-ci953-dual-20261005,2026-10-05T12:28:42.7625161Z,363.649,native-uia-invoke,Return to Focus Panel,chronological-actions.csv,
m7-ci953-dual-20261005,2026-10-05T12:28:43.2696237Z,364.156,os-client-area-animation,reduced,chronological-actions.csv,
m7-ci953-dual-20261005,2026-10-05T12:28:43.2696237Z,364.156,os-client-area-animation,,chronological-actions.jsonl,53
m7-ci953-dual-20261005,2026-10-05T12:28:43.3064176Z,364.192,native-uia-observed-pointer-click,Left,chronological-actions.csv,
m7-ci953-dual-20261005,2026-10-05T12:28:44.0741377Z,364.96,native-uia-observed-pointer-click,Right,chronological-actions.csv,
m7-ci953-dual-20261005,2026-10-05T12:28:45.1128881Z,365.999,activate-observed-native-window,,chronological-actions.csv,
m7-ci953-dual-20261005,2026-10-05T12:28:45.1171043Z,366.003,physical-scancode-chord,Ctrl+Shift+T,chronological-actions.csv,
m7-ci953-dual-20261005,2026-10-05T12:28:45.9138924Z,366.8,native-uia-observed-pointer-click,Expand Floating Timer,chronological-actions.csv,
m7-ci953-dual-20261005,2026-10-05T12:28:46.3660716Z,367.252,physical-scancode-chord,Ctrl+Shift+P,chronological-actions.csv,
m7-ci953-dual-20261005,2026-10-05T12:28:47.1877926Z,368.074,native-uia-invoke,Return to Focus Panel,chronological-actions.csv,
m7-ci953-dual-20261005,2026-10-05T12:30:12.8701390Z,453.756,os-client-area-animation,normal,chronological-actions.csv,
m7-ci953-dual-20261005,2026-10-05T12:30:12.8701390Z,453.756,os-client-area-animation,,chronological-actions.jsonl,61
m7-ci953-dual-20261005,2026-10-05T12:30:13.2311751Z,454.117,native-uia-observed-pointer-click,Left,chronological-actions.csv,
m7-ci953-dual-20261005,2026-10-05T12:30:14.0625108Z,454.949,activate-observed-native-window,,chronological-actions.csv,
m7-ci953-dual-20261005,2026-10-05T12:30:14.1595614Z,455.046,physical-scancode-chord,Ctrl+Shift+T,chronological-actions.csv,
m7-ci953-dual-20261005,2026-10-05T12:30:14.7691634Z,455.655,native-uia-observed-pointer-click,Expand Floating Timer,chronological-actions.csv,
m7-ci953-dual-20261005,2026-10-05T12:30:51.0488127Z,491.935,native-uia-invoke,Return to Focus Panel,chronological-actions.csv,
m7-ci953-dual-20261005,2026-10-05T12:30:52.3617993Z,493.248,native-uia-observed-pointer-click,Right,chronological-actions.csv,
m7-ci953-dual-20261005,2026-10-05T12:30:53.1642281Z,494.05,activate-observed-native-window,,chronological-actions.csv,
m7-ci953-dual-20261005,2026-10-05T12:30:53.2547012Z,494.141,physical-scancode-chord,Ctrl+Shift+T,chronological-actions.csv,
m7-ci953-dual-20261005,2026-10-05T12:30:54.3360451Z,495.222,native-uia-observed-pointer-click,Expand Floating Timer,chronological-actions.csv,
m7-ci953-dual-20261005,2026-10-05T12:30:55.2736763Z,496.16,native-uia-invoke,Return to Focus Panel,chronological-actions.csv,
m7-ci953-dual-20261005,2026-10-05T12:30:56.7893438Z,497.675,activate-observed-native-window,,chronological-actions.csv,
m7-ci953-dual-20261005,2026-10-05T12:30:56.8273919Z,497.713,native-uia-observed-pointer-click,Focus Panel monitor,chronological-actions.csv,
m7-ci953-dual-20261005,2026-10-05T12:31:37.3467312Z,538.233,native-uia-selection,\\.\DISPLAY1 · 1920×1080 · 125%,chronological-actions.csv,
m7-ci953-dual-20261005,2026-10-05T12:31:37.5984408Z,538.484,native-uia-observed-pointer-click,Left,chronological-actions.csv,
m7-ci953-dual-20261005,2026-10-05T12:31:38.4335548Z,539.32,activate-observed-native-window,,chronological-actions.csv,
m7-ci953-dual-20261005,2026-10-05T12:31:38.5395113Z,539.426,physical-scancode-chord,Ctrl+Shift+T,chronological-actions.csv,
m7-ci953-dual-20261005,2026-10-05T12:31:39.6334027Z,540.519,native-uia-observed-pointer-click,Expand Floating Timer,chronological-actions.csv,
m7-ci953-dual-20261005,2026-10-05T12:31:40.5583419Z,541.444,native-uia-invoke,Return to Focus Panel,chronological-actions.csv,
m7-ci953-dual-20261005,2026-10-05T12:31:41.9716469Z,542.858,native-uia-observed-pointer-click,Right,chronological-actions.csv,
m7-ci953-dual-20261005,2026-10-05T12:31:42.7130165Z,543.599,activate-observed-native-window,,chronological-actions.csv,
m7-ci953-dual-20261005,2026-10-05T12:31:42.7214611Z,543.607,physical-scancode-chord,Ctrl+Shift+T,chronological-actions.csv,
m7-ci953-dual-20261005,2026-10-05T12:31:43.7719044Z,544.658,native-uia-observed-pointer-click,Expand Floating Timer,chronological-actions.csv,
m7-ci953-dual-20261005,2026-10-05T12:31:44.7111429Z,545.597,native-uia-invoke,Return to Focus Panel,chronological-actions.csv,
m7-ci953-dual-20261005,2026-10-05T12:31:45.9487757Z,546.835,bookmark,32: Native probes after direct monitor/side controls retain previous Panel geometry; explicit Timer->Panel re-entry captured separately. Requirement/source disposition pending; no immediate live relocation PASS.,chronological-actions.csv,
m7-ci953-dual-20261005,2026-10-05T12:31:45.9487757Z,546.835,bookmark,,chronological-actions.jsonl,85
m7-ci953-dual-20261005,2026-10-05T12:31:46.2236404Z,547.11,activate-observed-native-window,,chronological-actions.csv,
m7-ci953-dual-20261005,2026-10-05T12:31:46.2552578Z,547.141,native-uia-observed-pointer-click,Focus Panel monitor,chronological-actions.csv,
m7-ci953-dual-20261005,2026-10-05T12:31:47.0435402Z,547.93,native-uia-selection,Primary display (automatic),chronological-actions.csv,
m7-ci953-dual-20261005,2026-10-05T12:31:47.3274749Z,548.214,activate-observed-native-window,,chronological-actions.csv,
m7-ci953-dual-20261005,2026-10-05T12:31:47.3319757Z,548.218,physical-scancode-chord,Ctrl+Shift+T,chronological-actions.csv,
m7-ci953-dual-20261005,2026-10-05T12:31:48.1601050Z,549.046,native-uia-invoke,Stop Recording,chronological-actions.csv,
m7-ci953-continuous-20261005,2026-10-05T12:56:25.1660425Z,-0.679,native-uia-invoke,,chronological-actions.csv,
m7-ci953-continuous-20261005,2026-10-05T12:56:25.1660425Z,-0.679,native-uia-invoke,Start Recording,chronological-actions.jsonl,1
m7-ci953-continuous-20261005,2026-10-05T12:56:25.7730406Z,-0.072,activate-observed-native-window,,chronological-actions.csv,
m7-ci953-continuous-20261005,2026-10-05T12:57:00.2487633Z,34.403,native-uia-observed-pointer-click,,chronological-actions.csv,
m7-ci953-continuous-20261005,2026-10-05T12:57:00.2487633Z,34.403,native-uia-observed-pointer-click,Expand Floating Timer,chronological-actions.jsonl,3
m7-ci953-continuous-20261005,2026-10-05T12:57:01.1529707Z,35.308,native-uia-invoke,,chronological-actions.csv,
m7-ci953-continuous-20261005,2026-10-05T12:57:01.1529707Z,35.308,native-uia-invoke,Return to Focus Panel,chronological-actions.jsonl,4
m7-ci953-continuous-20261005,2026-10-05T12:57:22.1783863Z,56.333,native-uia-invoke,,chronological-actions.csv,
m7-ci953-continuous-20261005,2026-10-05T12:57:22.1783863Z,56.333,native-uia-invoke,Home,chronological-actions.jsonl,5
m7-ci953-continuous-20261005,2026-10-05T12:57:22.7901547Z,56.945,activate-observed-native-window,,chronological-actions.csv,
m7-ci953-continuous-20261005,2026-10-05T12:57:44.2973309Z,78.452,native-uia-invoke,,chronological-actions.csv,
m7-ci953-continuous-20261005,2026-10-05T12:57:44.2973309Z,78.452,native-uia-invoke,All my lists,chronological-actions.jsonl,7
m7-ci953-continuous-20261005,2026-10-05T12:58:17.0037573Z,111.158,native-uia-observed-pointer-click,,chronological-actions.csv,
m7-ci953-continuous-20261005,2026-10-05T12:58:17.0037573Z,111.158,native-uia-observed-pointer-click,Expand notes for M7 PR233 CI948 LongUnbrokenTitleForNarrowMetricAndQueuedBadgeValidation1234567890,chronological-actions.jsonl,8
m7-ci953-continuous-20261005,2026-10-05T12:58:35.5332485Z,129.688,native-uia-observed-pointer-click,,chronological-actions.csv,
m7-ci953-continuous-20261005,2026-10-05T12:58:35.5332485Z,129.688,native-uia-observed-pointer-click,Open larger notes editor,chronological-actions.jsonl,9
m7-ci953-continuous-20261005,2026-10-05T13:00:13.0073940Z,227.162,SendInput actual virtual-desktop drag,,chronological-actions.csv,
m7-ci953-continuous-20261005,2026-10-05T13:00:17.4852868Z,231.64,native-uia-setfocus,,chronological-actions.csv,
m7-ci953-continuous-20261005,2026-10-05T13:00:17.4852868Z,231.64,native-uia-setfocus,Task note,chronological-actions.jsonl,11
m7-ci953-continuous-20261005,2026-10-05T13:00:17.5601834Z,231.715,physical-scancode-chord,,chronological-actions.csv,
m7-ci953-continuous-20261005,2026-10-05T13:00:17.5601834Z,231.715,physical-scancode-chord,Ctrl+A,chronological-actions.jsonl,12
m7-ci953-continuous-20261005,2026-10-05T13:00:18.0727250Z,232.227,physical-scancode-chord,,chronological-actions.csv,
m7-ci953-continuous-20261005,2026-10-05T13:00:18.0727250Z,232.227,physical-scancode-chord,Tab,chronological-actions.jsonl,13
m7-ci953-continuous-20261005,2026-10-05T13:00:18.4718415Z,232.626,physical-scancode-chord,,chronological-actions.csv,
m7-ci953-continuous-20261005,2026-10-05T13:00:18.4718415Z,232.626,physical-scancode-chord,Shift+Tab,chronological-actions.jsonl,14
m7-ci953-continuous-20261005,2026-10-05T13:00:18.9606478Z,233.115,physical-scancode-chord,,chronological-actions.csv,
m7-ci953-continuous-20261005,2026-10-05T13:00:18.9606478Z,233.115,physical-scancode-chord,Escape,chronological-actions.jsonl,15
m7-ci953-continuous-20261005,2026-10-05T13:01:05.6462868Z,279.801,bookmark,,chronological-actions.csv,
m7-ci953-continuous-20261005,2026-10-05T13:01:06.5259622Z,280.681,native-uia-observed-pointer-click,,chronological-actions.csv,
m7-ci953-continuous-20261005,2026-10-05T13:01:06.5259622Z,280.681,native-uia-observed-pointer-click,Return to compact notes,chronological-actions.jsonl,17
m7-ci953-continuous-20261005,2026-10-05T13:01:07.0785590Z,281.233,native-uia-observed-pointer-click,,chronological-actions.csv,
m7-ci953-continuous-20261005,2026-10-05T13:01:07.0785590Z,281.233,native-uia-observed-pointer-click,Collapse notes for M7 PR233 CI948 LongUnbrokenTitleForNarrowMetricAndQueuedBadgeValidation1234567890,chronological-actions.jsonl,18
m7-ci953-continuous-20261005,2026-10-05T13:01:07.8628952Z,282.017,activate-observed-native-window,,chronological-actions.csv,
m7-ci953-continuous-20261005,2026-10-05T13:01:07.9589984Z,282.114,physical-scancode-chord,,chronological-actions.csv,
m7-ci953-continuous-20261005,2026-10-05T13:01:07.9589984Z,282.114,physical-scancode-chord,Ctrl+Alt+T,chronological-actions.jsonl,20
m7-ci953-continuous-20261005,2026-10-05T13:01:57.7002183Z,331.855,os-client-area-animation,,chronological-actions.csv,
m7-ci953-continuous-20261005,2026-10-05T13:01:58.1876253Z,332.342,observed-unicode-SendInput,,chronological-actions.csv,
m7-ci953-continuous-20261005,2026-10-05T13:01:58.1876253Z,332.342,observed-unicode-SendInput,Task title,chronological-actions.jsonl,22
m7-ci953-continuous-20261005,2026-10-05T13:01:58.7461519Z,332.901,observed-text-value-after-input,,chronological-actions.csv,
m7-ci953-continuous-20261005,2026-10-05T13:01:58.7461519Z,332.901,observed-text-value-after-input,Task title,chronological-actions.jsonl,23
m7-ci953-continuous-20261005,2026-10-05T13:01:59.1702404Z,333.325,native-uia-setfocus,,chronological-actions.csv,
m7-ci953-continuous-20261005,2026-10-05T13:01:59.1702404Z,333.325,native-uia-setfocus,Add task,chronological-actions.jsonl,24
m7-ci953-continuous-20261005,2026-10-05T13:01:59.2461950Z,333.401,physical-scancode-chord,,chronological-actions.csv,
m7-ci953-continuous-20261005,2026-10-05T13:01:59.2461950Z,333.401,physical-scancode-chord,Ctrl+Alt+B,chronological-actions.jsonl,25
m7-ci953-continuous-20261005,2026-10-05T13:02:00.4410714Z,334.596,physical-scancode-chord,,chronological-actions.csv,
m7-ci953-continuous-20261005,2026-10-05T13:02:00.4410714Z,334.596,physical-scancode-chord,Ctrl+Alt+P,chronological-actions.jsonl,26
m7-ci953-continuous-20261005,2026-10-05T13:02:01.4859737Z,335.641,physical-scancode-chord,,chronological-actions.csv,
m7-ci953-continuous-20261005,2026-10-05T13:02:01.4859737Z,335.641,physical-scancode-chord,Ctrl+Alt+N,chronological-actions.jsonl,27
m7-ci953-continuous-20261005,2026-10-05T13:02:02.5164284Z,336.671,physical-scancode-chord,,chronological-actions.csv,
m7-ci953-continuous-20261005,2026-10-05T13:02:02.5164284Z,336.671,physical-scancode-chord,Ctrl+Shift+T,chronological-actions.jsonl,28
m7-ci953-continuous-20261005,2026-10-05T13:03:09.8018583Z,403.956,bookmark,,chronological-actions.csv,
m7-ci953-continuous-20261005,2026-10-05T13:03:10.7078237Z,404.862,activate-observed-native-window,,chronological-actions.csv,
m7-ci953-continuous-20261005,2026-10-05T13:03:10.9513081Z,405.106,physical-scancode-chord,,chronological-actions.csv,
m7-ci953-continuous-20261005,2026-10-05T13:03:10.9513081Z,405.106,physical-scancode-chord,Escape,chronological-actions.jsonl,31
m7-ci953-continuous-20261005,2026-10-05T13:03:12.4929549Z,406.648,os-client-area-animation,,chronological-actions.csv,
m7-ci953-continuous-20261005,2026-10-05T13:03:12.4997200Z,406.654,physical-scancode-chord,,chronological-actions.csv,
m7-ci953-continuous-20261005,2026-10-05T13:03:12.4997200Z,406.654,physical-scancode-chord,Ctrl+Alt+T,chronological-actions.jsonl,33
m7-ci953-continuous-20261005,2026-10-05T13:03:13.2784720Z,407.433,observed-unicode-SendInput,,chronological-actions.csv,
m7-ci953-continuous-20261005,2026-10-05T13:03:13.2784720Z,407.433,observed-unicode-SendInput,Task title,chronological-actions.jsonl,34
m7-ci953-continuous-20261005,2026-10-05T13:03:13.8273652Z,407.982,observed-text-value-after-input,,chronological-actions.csv,
m7-ci953-continuous-20261005,2026-10-05T13:03:13.8273652Z,407.982,observed-text-value-after-input,Task title,chronological-actions.jsonl,35
m7-ci953-continuous-20261005,2026-10-05T13:03:14.2627128Z,408.417,native-uia-setfocus,,chronological-actions.csv,
m7-ci953-continuous-20261005,2026-10-05T13:03:14.2627128Z,408.417,native-uia-setfocus,Add task,chronological-actions.jsonl,36
m7-ci953-continuous-20261005,2026-10-05T13:03:14.2697183Z,408.424,physical-scancode-chord,,chronological-actions.csv,
m7-ci953-continuous-20261005,2026-10-05T13:03:14.2697183Z,408.424,physical-scancode-chord,Ctrl+Alt+B,chronological-actions.jsonl,37
m7-ci953-continuous-20261005,2026-10-05T13:03:15.2984636Z,409.453,physical-scancode-chord,,chronological-actions.csv,
m7-ci953-continuous-20261005,2026-10-05T13:03:15.2984636Z,409.453,physical-scancode-chord,Ctrl+Alt+P,chronological-actions.jsonl,38
m7-ci953-continuous-20261005,2026-10-05T13:03:16.3198563Z,410.474,physical-scancode-chord,,chronological-actions.csv,
m7-ci953-continuous-20261005,2026-10-05T13:03:16.3198563Z,410.474,physical-scancode-chord,Ctrl+Alt+N,chronological-actions.jsonl,39
m7-ci953-continuous-20261005,2026-10-05T13:03:17.4154013Z,411.57,physical-scancode-chord,,chronological-actions.csv,
m7-ci953-continuous-20261005,2026-10-05T13:03:17.4154013Z,411.57,physical-scancode-chord,Escape,chronological-actions.jsonl,40
m7-ci953-continuous-20261005,2026-10-05T13:03:18.5662903Z,412.721,activate-observed-native-window,,chronological-actions.csv,
m7-ci953-continuous-20261005,2026-10-05T13:03:18.6456567Z,412.8,native-uia-observed-pointer-click,,chronological-actions.csv,
m7-ci953-continuous-20261005,2026-10-05T13:03:18.6456567Z,412.8,native-uia-observed-pointer-click,Expand Floating Timer,chronological-actions.jsonl,42
m7-ci953-continuous-20261005,2026-10-05T13:03:19.5128384Z,413.667,native-uia-invoke,,chronological-actions.csv,
m7-ci953-continuous-20261005,2026-10-05T13:03:19.5128384Z,413.667,native-uia-invoke,Return to Focus Panel,chronological-actions.jsonl,43
m7-ci953-continuous-20261005,2026-10-05T13:03:57.6966336Z,451.851,native-uia-observed-pointer-click,,chronological-actions.csv,
m7-ci953-continuous-20261005,2026-10-05T13:03:57.6966336Z,451.851,native-uia-observed-pointer-click,Notes,chronological-actions.jsonl,44
m7-ci953-continuous-20261005,2026-10-05T13:03:58.8854637Z,453.04,native-uia-observed-pointer-click,,chronological-actions.csv,
m7-ci953-continuous-20261005,2026-10-05T13:03:58.8854637Z,453.04,native-uia-observed-pointer-click,Open larger notes editor,chronological-actions.jsonl,45
m7-ci953-continuous-20261005,2026-10-05T13:04:49.9988177Z,504.153,SendInput actual virtual-desktop drag,,chronological-actions.csv,
m7-ci953-continuous-20261005,2026-10-05T13:04:54.2544515Z,508.409,native-uia-setfocus,,chronological-actions.csv,
m7-ci953-continuous-20261005,2026-10-05T13:04:54.2544515Z,508.409,native-uia-setfocus,Task note,chronological-actions.jsonl,47
m7-ci953-continuous-20261005,2026-10-05T13:04:54.3440884Z,508.499,physical-scancode-chord,,chronological-actions.csv,
m7-ci953-continuous-20261005,2026-10-05T13:04:54.3440884Z,508.499,physical-scancode-chord,Ctrl+A,chronological-actions.jsonl,48
m7-ci953-continuous-20261005,2026-10-05T13:04:54.8519008Z,509.006,physical-scancode-chord,,chronological-actions.csv,
m7-ci953-continuous-20261005,2026-10-05T13:04:54.8519008Z,509.006,physical-scancode-chord,Tab,chronological-actions.jsonl,49
m7-ci953-continuous-20261005,2026-10-05T13:04:55.2402314Z,509.395,physical-scancode-chord,,chronological-actions.csv,
m7-ci953-continuous-20261005,2026-10-05T13:04:55.2402314Z,509.395,physical-scancode-chord,Shift+Tab,chronological-actions.jsonl,50
m7-ci953-continuous-20261005,2026-10-05T13:04:55.7272191Z,509.882,physical-scancode-chord,,chronological-actions.csv,
m7-ci953-continuous-20261005,2026-10-05T13:04:55.7272191Z,509.882,physical-scancode-chord,Escape,chronological-actions.jsonl,51
m7-ci953-continuous-20261005,2026-10-05T13:04:56.5785237Z,510.733,native-uia-observed-pointer-click,,chronological-actions.csv,
m7-ci953-continuous-20261005,2026-10-05T13:04:56.5785237Z,510.733,native-uia-observed-pointer-click,Return to compact notes,chronological-actions.jsonl,52
m7-ci953-continuous-20261005,2026-10-05T13:04:57.0814558Z,511.236,native-uia-observed-pointer-click,,chronological-actions.csv,
m7-ci953-continuous-20261005,2026-10-05T13:04:57.0814558Z,511.236,native-uia-observed-pointer-click,Notes,chronological-actions.jsonl,53
m7-ci953-continuous-20261005,2026-10-05T13:04:57.8863801Z,512.041,os-client-area-animation,,chronological-actions.csv,
m7-ci953-continuous-20261005,2026-10-05T13:04:57.8936490Z,512.048,physical-scancode-chord,,chronological-actions.csv,
m7-ci953-continuous-20261005,2026-10-05T13:04:57.8936490Z,512.048,physical-scancode-chord,Ctrl+Alt+T,chronological-actions.jsonl,55
m7-ci953-continuous-20261005,2026-10-05T13:05:27.5481650Z,541.703,os-client-area-animation,,chronological-actions.csv,
m7-ci953-continuous-20261005,2026-10-05T13:05:28.0264023Z,542.181,observed-unicode-SendInput,,chronological-actions.csv,
m7-ci953-continuous-20261005,2026-10-05T13:05:28.0264023Z,542.181,observed-unicode-SendInput,Task title,chronological-actions.jsonl,57
m7-ci953-continuous-20261005,2026-10-05T13:05:28.5770520Z,542.732,observed-text-value-after-input,,chronological-actions.csv,
m7-ci953-continuous-20261005,2026-10-05T13:05:28.5770520Z,542.732,observed-text-value-after-input,Task title,chronological-actions.jsonl,58
m7-ci953-continuous-20261005,2026-10-05T13:05:29.0172677Z,543.172,native-uia-setfocus,,chronological-actions.csv,
m7-ci953-continuous-20261005,2026-10-05T13:05:29.0172677Z,543.172,native-uia-setfocus,Add task,chronological-actions.jsonl,59
m7-ci953-continuous-20261005,2026-10-05T13:05:29.0923879Z,543.247,physical-scancode-chord,,chronological-actions.csv,
m7-ci953-continuous-20261005,2026-10-05T13:05:29.0923879Z,543.247,physical-scancode-chord,Ctrl+Alt+B,chronological-actions.jsonl,60
m7-ci953-continuous-20261005,2026-10-05T13:05:30.1721305Z,544.327,physical-scancode-chord,,chronological-actions.csv,
m7-ci953-continuous-20261005,2026-10-05T13:05:30.1721305Z,544.327,physical-scancode-chord,Ctrl+Alt+P,chronological-actions.jsonl,61
m7-ci953-continuous-20261005,2026-10-05T13:05:31.1040915Z,545.259,physical-scancode-chord,,chronological-actions.csv,
m7-ci953-continuous-20261005,2026-10-05T13:05:31.1040915Z,545.259,physical-scancode-chord,Ctrl+Alt+N,chronological-actions.jsonl,62
m7-ci953-continuous-20261005,2026-10-05T13:05:32.1888831Z,546.343,physical-scancode-chord,,chronological-actions.csv,
m7-ci953-continuous-20261005,2026-10-05T13:05:32.1888831Z,546.343,physical-scancode-chord,Escape,chronological-actions.jsonl,63
m7-ci953-continuous-20261005,2026-10-05T13:05:33.2898442Z,547.444,os-client-area-animation,,chronological-actions.csv,
m7-ci953-continuous-20261005,2026-10-05T13:05:33.2958360Z,547.45,physical-scancode-chord,,chronological-actions.csv,
m7-ci953-continuous-20261005,2026-10-05T13:05:33.2958360Z,547.45,physical-scancode-chord,Ctrl+Alt+T,chronological-actions.jsonl,65
m7-ci953-continuous-20261005,2026-10-05T13:05:33.9233517Z,548.078,observed-unicode-SendInput,,chronological-actions.csv,
m7-ci953-continuous-20261005,2026-10-05T13:05:33.9233517Z,548.078,observed-unicode-SendInput,Task title,chronological-actions.jsonl,66
m7-ci953-continuous-20261005,2026-10-05T13:05:34.4800933Z,548.635,observed-text-value-after-input,,chronological-actions.csv,
m7-ci953-continuous-20261005,2026-10-05T13:05:34.4800933Z,548.635,observed-text-value-after-input,Task title,chronological-actions.jsonl,67
m7-ci953-continuous-20261005,2026-10-05T13:05:34.8457751Z,549.0,native-uia-setfocus,,chronological-actions.csv,
m7-ci953-continuous-20261005,2026-10-05T13:05:34.8457751Z,549.0,native-uia-setfocus,Add task,chronological-actions.jsonl,68
m7-ci953-continuous-20261005,2026-10-05T13:05:34.8506845Z,549.005,physical-scancode-chord,,chronological-actions.csv,
m7-ci953-continuous-20261005,2026-10-05T13:05:34.8506845Z,549.005,physical-scancode-chord,Ctrl+Alt+B,chronological-actions.jsonl,69
m7-ci953-continuous-20261005,2026-10-05T13:05:35.7433190Z,549.898,physical-scancode-chord,,chronological-actions.csv,
m7-ci953-continuous-20261005,2026-10-05T13:05:35.7433190Z,549.898,physical-scancode-chord,Ctrl+Alt+P,chronological-actions.jsonl,70
m7-ci953-continuous-20261005,2026-10-05T13:05:36.6357122Z,550.79,physical-scancode-chord,,chronological-actions.csv,
m7-ci953-continuous-20261005,2026-10-05T13:05:36.6357122Z,550.79,physical-scancode-chord,Ctrl+Alt+N,chronological-actions.jsonl,71
m7-ci953-continuous-20261005,2026-10-05T13:05:37.5838184Z,551.738,physical-scancode-chord,,chronological-actions.csv,
m7-ci953-continuous-20261005,2026-10-05T13:05:37.5838184Z,551.738,physical-scancode-chord,Escape,chronological-actions.jsonl,72
m7-ci953-continuous-20261005,2026-10-05T13:06:11.9345911Z,586.089,activate-observed-native-window,,chronological-actions.csv,
m7-ci953-continuous-20261005,2026-10-05T13:06:12.1780827Z,586.333,physical-scancode-chord,,chronological-actions.csv,
m7-ci953-continuous-20261005,2026-10-05T13:06:12.1780827Z,586.333,physical-scancode-chord,Ctrl+Shift+T,chronological-actions.jsonl,74
m7-ci953-continuous-20261005,2026-10-05T13:08:01.8102784Z,695.965,SendInput actual virtual-desktop drag,,chronological-actions.csv,
m7-ci953-continuous-20261005,2026-10-05T13:08:05.4176237Z,699.572,os-client-area-animation,,chronological-actions.csv,
m7-ci953-continuous-20261005,2026-10-05T13:08:06.1090750Z,700.264,native-uia-observed-pointer-click,,chronological-actions.csv,
m7-ci953-continuous-20261005,2026-10-05T13:08:06.1090750Z,700.264,native-uia-observed-pointer-click,Expand Floating Timer,chronological-actions.jsonl,77
m7-ci953-continuous-20261005,2026-10-05T13:08:07.2835333Z,701.438,native-uia-observed-pointer-click,,chronological-actions.csv,
m7-ci953-continuous-20261005,2026-10-05T13:08:07.2835333Z,701.438,native-uia-observed-pointer-click,Notes,chronological-actions.jsonl,78
m7-ci953-continuous-20261005,2026-10-05T13:08:08.0776485Z,702.232,native-uia-observed-pointer-click,,chronological-actions.csv,
m7-ci953-continuous-20261005,2026-10-05T13:08:08.0776485Z,702.232,native-uia-observed-pointer-click,Notes,chronological-actions.jsonl,79
m7-ci953-continuous-20261005,2026-10-05T13:08:08.6138186Z,702.768,physical-scancode-chord,,chronological-actions.csv,
m7-ci953-continuous-20261005,2026-10-05T13:08:08.6138186Z,702.768,physical-scancode-chord,Ctrl+Shift+P,chronological-actions.jsonl,80
m7-ci953-continuous-20261005,2026-10-05T13:08:09.2315143Z,703.386,native-uia-observed-pointer-click,,chronological-actions.csv,
m7-ci953-continuous-20261005,2026-10-05T13:08:09.2315143Z,703.386,native-uia-observed-pointer-click,Collapse Floating Timer,chronological-actions.jsonl,81
m7-ci953-continuous-20261005,2026-10-05T13:08:10.7432637Z,704.898,os-client-area-animation,,chronological-actions.csv,
m7-ci953-continuous-20261005,2026-10-05T13:08:11.0075739Z,705.162,native-uia-observed-pointer-click,,chronological-actions.csv,
m7-ci953-continuous-20261005,2026-10-05T13:08:11.0075739Z,705.162,native-uia-observed-pointer-click,Expand Floating Timer,chronological-actions.jsonl,83
m7-ci953-continuous-20261005,2026-10-05T13:08:12.1103397Z,706.265,native-uia-observed-pointer-click,,chronological-actions.csv,
m7-ci953-continuous-20261005,2026-10-05T13:08:12.1103397Z,706.265,native-uia-observed-pointer-click,Notes,chronological-actions.jsonl,84
m7-ci953-continuous-20261005,2026-10-05T13:08:12.8695648Z,707.024,native-uia-observed-pointer-click,,chronological-actions.csv,
m7-ci953-continuous-20261005,2026-10-05T13:08:12.8695648Z,707.024,native-uia-observed-pointer-click,Notes,chronological-actions.jsonl,85
m7-ci953-continuous-20261005,2026-10-05T13:08:13.3267614Z,707.481,physical-scancode-chord,,chronological-actions.csv,
m7-ci953-continuous-20261005,2026-10-05T13:08:13.3267614Z,707.481,physical-scancode-chord,Ctrl+Shift+P,chronological-actions.jsonl,86
m7-ci953-continuous-20261005,2026-10-05T13:08:13.9315356Z,708.086,native-uia-observed-pointer-click,,chronological-actions.csv,
m7-ci953-continuous-20261005,2026-10-05T13:08:13.9315356Z,708.086,native-uia-observed-pointer-click,Collapse Floating Timer,chronological-actions.jsonl,87
m7-ci953-continuous-20261005,2026-10-05T13:09:06.8944033Z,761.049,SendInput actual virtual-desktop drag,,chronological-actions.csv,
m7-ci953-continuous-20261005,2026-10-05T13:09:10.5225766Z,764.677,os-client-area-animation,,chronological-actions.csv,
m7-ci953-continuous-20261005,2026-10-05T13:09:11.1206773Z,765.275,native-uia-observed-pointer-click,,chronological-actions.csv,
m7-ci953-continuous-20261005,2026-10-05T13:09:11.1206773Z,765.275,native-uia-observed-pointer-click,Expand Floating Timer,chronological-actions.jsonl,90
m7-ci953-continuous-20261005,2026-10-05T13:09:12.3010693Z,766.456,native-uia-observed-pointer-click,,chronological-actions.csv,
m7-ci953-continuous-20261005,2026-10-05T13:09:12.3010693Z,766.456,native-uia-observed-pointer-click,Notes,chronological-actions.jsonl,91
m7-ci953-continuous-20261005,2026-10-05T13:09:13.0875657Z,767.242,native-uia-observed-pointer-click,,chronological-actions.csv,
m7-ci953-continuous-20261005,2026-10-05T13:09:13.0875657Z,767.242,native-uia-observed-pointer-click,Notes,chronological-actions.jsonl,92
m7-ci953-continuous-20261005,2026-10-05T13:09:13.6279539Z,767.783,physical-scancode-chord,,chronological-actions.csv,
m7-ci953-continuous-20261005,2026-10-05T13:09:13.6279539Z,767.783,physical-scancode-chord,Ctrl+Shift+P,chronological-actions.jsonl,93
m7-ci953-continuous-20261005,2026-10-05T13:09:14.2296371Z,768.384,native-uia-observed-pointer-click,,chronological-actions.csv,
m7-ci953-continuous-20261005,2026-10-05T13:09:14.2296371Z,768.384,native-uia-observed-pointer-click,Collapse Floating Timer,chronological-actions.jsonl,94
m7-ci953-continuous-20261005,2026-10-05T13:09:15.7468578Z,769.901,os-client-area-animation,,chronological-actions.csv,
m7-ci953-continuous-20261005,2026-10-05T13:09:16.0243786Z,770.179,native-uia-observed-pointer-click,,chronological-actions.csv,
m7-ci953-continuous-20261005,2026-10-05T13:09:16.0243786Z,770.179,native-uia-observed-pointer-click,Expand Floating Timer,chronological-actions.jsonl,96
m7-ci953-continuous-20261005,2026-10-05T13:09:17.1078897Z,771.262,native-uia-observed-pointer-click,,chronological-actions.csv,
m7-ci953-continuous-20261005,2026-10-05T13:09:17.1078897Z,771.262,native-uia-observed-pointer-click,Notes,chronological-actions.jsonl,97
m7-ci953-continuous-20261005,2026-10-05T13:09:17.8683884Z,772.023,native-uia-observed-pointer-click,,chronological-actions.csv,
m7-ci953-continuous-20261005,2026-10-05T13:09:17.8683884Z,772.023,native-uia-observed-pointer-click,Notes,chronological-actions.jsonl,98
m7-ci953-continuous-20261005,2026-10-05T13:09:18.3404581Z,772.495,physical-scancode-chord,,chronological-actions.csv,
m7-ci953-continuous-20261005,2026-10-05T13:09:18.3404581Z,772.495,physical-scancode-chord,Ctrl+Shift+P,chronological-actions.jsonl,99
m7-ci953-continuous-20261005,2026-10-05T13:09:18.9414087Z,773.096,native-uia-observed-pointer-click,,chronological-actions.csv,
m7-ci953-continuous-20261005,2026-10-05T13:09:18.9414087Z,773.096,native-uia-observed-pointer-click,Collapse Floating Timer,chronological-actions.jsonl,100
m7-ci953-continuous-20261005,2026-10-05T13:09:20.2879034Z,774.442,os-client-area-animation,,chronological-actions.csv,
m7-ci953-continuous-20261005,2026-10-05T13:13:47.6824282Z,1041.837,native-uia-invoke,,chronological-actions.csv,
m7-ci953-continuous-20261005,2026-10-05T13:13:47.6824282Z,1041.837,native-uia-invoke,Stop Recording,chronological-actions.jsonl,102
m7-ci953-layout-20261005,2026-10-05T13:24:29.2544315Z,-0.693,native-uia-invoke,Start Recording,chronological-actions.jsonl,1
m7-ci953-layout-20261005,2026-10-05T13:24:30.5741511Z,0.627,focused-webview-keyboard-layout,,chronological-actions.jsonl,2
m7-ci953-layout-20261005,2026-10-05T13:24:30.6771375Z,0.73,physical-scancode-chord,Ctrl+Alt+T,chronological-actions.jsonl,3
m7-ci953-layout-20261005,2026-10-05T13:25:19.8388189Z,49.892,observed-unicode-SendInput,Task title,chronological-actions.jsonl,4
m7-ci953-layout-20261005,2026-10-05T13:25:20.4028436Z,50.456,observed-text-value-after-input,Task title,chronological-actions.jsonl,5
m7-ci953-layout-20261005,2026-10-05T13:25:20.8649695Z,50.918,native-uia-setfocus,Add task,chronological-actions.jsonl,6
m7-ci953-layout-20261005,2026-10-05T13:25:20.9660987Z,51.019,focused-webview-keyboard-layout,,chronological-actions.jsonl,7
m7-ci953-layout-20261005,2026-10-05T13:25:21.0517745Z,51.105,physical-scancode-chord,Ctrl+Alt+B,chronological-actions.jsonl,8
m7-ci953-layout-20261005,2026-10-05T13:25:22.2296301Z,52.283,physical-scancode-chord,Ctrl+Alt+P,chronological-actions.jsonl,9
m7-ci953-layout-20261005,2026-10-05T13:25:23.2501406Z,53.303,physical-scancode-chord,Ctrl+Alt+N,chronological-actions.jsonl,10
m7-ci953-layout-20261005,2026-10-05T13:25:24.2612511Z,54.314,physical-scancode-chord,Escape,chronological-actions.jsonl,11
m7-ci953-layout-20261005,2026-10-05T13:25:25.1681537Z,55.221,focused-webview-keyboard-layout,,chronological-actions.jsonl,12
m7-ci953-layout-20261005,2026-10-05T13:25:25.5164682Z,55.569,physical-scancode-chord,Ctrl+Shift+T,chronological-actions.jsonl,13
m7-ci953-layout-20261005,2026-10-05T13:26:01.8448107Z,91.898,focused-webview-keyboard-layout,,chronological-actions.jsonl,14
m7-ci953-layout-20261005,2026-10-05T13:26:02.1142821Z,92.167,physical-scancode-chord,Ctrl+Alt+T,chronological-actions.jsonl,15
m7-ci953-layout-20261005,2026-10-05T13:26:03.4503248Z,93.503,observed-unicode-SendInput,Task title,chronological-actions.jsonl,16
m7-ci953-layout-20261005,2026-10-05T13:26:03.9783966Z,94.031,observed-text-value-after-input,Task title,chronological-actions.jsonl,17
m7-ci953-layout-20261005,2026-10-05T13:26:04.4022501Z,94.455,native-uia-setfocus,Add task,chronological-actions.jsonl,18
m7-ci953-layout-20261005,2026-10-05T13:26:04.4075847Z,94.461,focused-webview-keyboard-layout,,chronological-actions.jsonl,19
m7-ci953-layout-20261005,2026-10-05T13:26:04.4139904Z,94.467,physical-scancode-chord,Ctrl+Alt+B,chronological-actions.jsonl,20
m7-ci953-layout-20261005,2026-10-05T13:26:05.3418562Z,95.395,physical-scancode-chord,Ctrl+Alt+P,chronological-actions.jsonl,21
m7-ci953-layout-20261005,2026-10-05T13:26:06.2522606Z,96.305,physical-scancode-chord,Ctrl+Alt+N,chronological-actions.jsonl,22
m7-ci953-layout-20261005,2026-10-05T13:26:07.1598306Z,97.213,physical-scancode-chord,Escape,chronological-actions.jsonl,23
m7-ci953-layout-20261005,2026-10-05T13:26:08.0607009Z,98.114,focused-webview-keyboard-layout,,chronological-actions.jsonl,24
m7-ci953-layout-20261005,2026-10-05T13:26:08.0656269Z,98.119,physical-scancode-chord,Ctrl+Shift+T,chronological-actions.jsonl,25
m7-ci953-layout-20261005,2026-10-05T13:26:08.7445612Z,98.798,native-uia-invoke,Stop Recording,chronological-actions.jsonl,26
m7-ci953-live-20261005,2026-10-05T13:52:15.4598583Z,-0.685,native-uia-invoke,Start Recording,chronological-actions.csv,
m7-ci953-live-20261005,2026-10-05T13:52:16.0859001Z,-0.059,activate-observed-native-window,,chronological-actions.csv,
m7-ci953-live-20261005,2026-10-05T13:52:16.4111940Z,0.266,native-uia-invoke,+ Create new list,chronological-actions.csv,
m7-ci953-live-20261005,2026-10-05T13:52:35.1279188Z,18.983,native-uia-setfocus,Title,chronological-actions.csv,
m7-ci953-live-20261005,2026-10-05T13:52:35.5080551Z,19.363,observed-unicode-SendInput,,chronological-actions.csv,
m7-ci953-live-20261005,2026-10-05T13:52:35.5080551Z,19.363,observed-unicode-SendInput,Title,chronological-actions.jsonl,5
m7-ci953-live-20261005,2026-10-05T13:52:36.0596624Z,19.915,observed-text-value-after-input,,chronological-actions.csv,
m7-ci953-live-20261005,2026-10-05T13:52:36.0596624Z,19.915,observed-text-value-after-input,Title,chronological-actions.jsonl,6
m7-ci953-live-20261005,2026-10-05T13:52:36.1837870Z,20.039,native-uia-invoke,Create,chronological-actions.csv,
m7-ci953-live-20261005,2026-10-05T13:52:58.1765685Z,42.032,native-uia-invoke,Open,chronological-actions.csv,
m7-ci953-live-20261005,2026-10-05T13:53:12.1385378Z,55.994,native-uia-invoke,Add task to Today,chronological-actions.csv,
m7-ci953-live-20261005,2026-10-05T13:53:36.7055466Z,80.561,observed-unicode-SendInput,,chronological-actions.csv,
m7-ci953-live-20261005,2026-10-05T13:53:36.7055466Z,80.561,observed-unicode-SendInput,New Today task title,chronological-actions.jsonl,10
m7-ci953-live-20261005,2026-10-05T13:53:37.2746278Z,81.13,observed-text-value-after-input,,chronological-actions.csv,
m7-ci953-live-20261005,2026-10-05T13:53:37.2746278Z,81.13,observed-text-value-after-input,New Today task title,chronological-actions.jsonl,11
m7-ci953-live-20261005,2026-10-05T13:53:37.7125443Z,81.568,native-uia-setfocus,New Today task EST,chronological-actions.csv,
m7-ci953-live-20261005,2026-10-05T13:53:37.7682155Z,81.623,observed-unicode-SendInput,,chronological-actions.csv,
m7-ci953-live-20261005,2026-10-05T13:53:37.7682155Z,81.623,observed-unicode-SendInput,New Today task EST,chronological-actions.jsonl,13
m7-ci953-live-20261005,2026-10-05T13:53:38.2804924Z,82.135,observed-text-value-after-input,,chronological-actions.csv,
m7-ci953-live-20261005,2026-10-05T13:53:38.2804924Z,82.135,observed-text-value-after-input,New Today task EST,chronological-actions.jsonl,14
m7-ci953-live-20261005,2026-10-05T13:53:38.3954203Z,82.25,native-uia-invoke,Add task,chronological-actions.csv,
m7-ci953-live-20261005,2026-10-05T13:54:15.3787215Z,119.234,native-uia-setfocus,New Today task EST,chronological-actions.csv,
m7-ci953-live-20261005,2026-10-05T13:54:15.6352297Z,119.49,physical-scancode-chord,Ctrl+A,chronological-actions.csv,
m7-ci953-live-20261005,2026-10-05T13:54:16.3357781Z,120.191,observed-unicode-SendInput,,chronological-actions.csv,
m7-ci953-live-20261005,2026-10-05T13:54:16.3357781Z,120.191,observed-unicode-SendInput,New Today task EST,chronological-actions.jsonl,18
m7-ci953-live-20261005,2026-10-05T13:54:16.8511724Z,120.706,observed-text-value-after-input,,chronological-actions.csv,
m7-ci953-live-20261005,2026-10-05T13:54:16.8511724Z,120.706,observed-text-value-after-input,New Today task EST,chronological-actions.jsonl,19
m7-ci953-live-20261005,2026-10-05T13:54:16.9411059Z,120.796,native-uia-invoke,Add task,chronological-actions.csv,
m7-ci953-live-20261005,2026-10-05T13:54:17.7206408Z,121.576,native-uia-invoke,Add task to Today,chronological-actions.csv,
m7-ci953-live-20261005,2026-10-05T13:54:18.3704282Z,122.225,observed-unicode-SendInput,,chronological-actions.csv,
m7-ci953-live-20261005,2026-10-05T13:54:18.3704282Z,122.225,observed-unicode-SendInput,New Today task title,chronological-actions.jsonl,22
m7-ci953-live-20261005,2026-10-05T13:54:18.9105811Z,122.766,observed-text-value-after-input,,chronological-actions.csv,
m7-ci953-live-20261005,2026-10-05T13:54:18.9105811Z,122.766,observed-text-value-after-input,New Today task title,chronological-actions.jsonl,23
m7-ci953-live-20261005,2026-10-05T13:54:19.2861236Z,123.141,native-uia-setfocus,New Today task EST,chronological-actions.csv,
m7-ci953-live-20261005,2026-10-05T13:54:19.3353427Z,123.19,observed-unicode-SendInput,,chronological-actions.csv,
m7-ci953-live-20261005,2026-10-05T13:54:19.3353427Z,123.19,observed-unicode-SendInput,New Today task EST,chronological-actions.jsonl,25
m7-ci953-live-20261005,2026-10-05T13:54:19.8585971Z,123.714,observed-text-value-after-input,,chronological-actions.csv,
m7-ci953-live-20261005,2026-10-05T13:54:19.8585971Z,123.714,observed-text-value-after-input,New Today task EST,chronological-actions.jsonl,26
m7-ci953-live-20261005,2026-10-05T13:54:19.8843136Z,123.739,native-uia-invoke,Add task,chronological-actions.csv,
m7-ci953-live-20261005,2026-10-05T13:54:49.5430262Z,153.398,native-uia-invoke,Add task to Today,chronological-actions.csv,
m7-ci953-live-20261005,2026-10-05T13:54:50.6146640Z,154.47,observed-unicode-SendInput,,chronological-actions.csv,
m7-ci953-live-20261005,2026-10-05T13:54:50.6146640Z,154.47,observed-unicode-SendInput,New Today task title,chronological-actions.jsonl,29
m7-ci953-live-20261005,2026-10-05T13:54:51.1589221Z,155.014,observed-text-value-after-input,,chronological-actions.csv,
m7-ci953-live-20261005,2026-10-05T13:54:51.1589221Z,155.014,observed-text-value-after-input,New Today task title,chronological-actions.jsonl,30
m7-ci953-live-20261005,2026-10-05T13:54:51.5678142Z,155.423,native-uia-setfocus,New Today task EST,chronological-actions.csv,
m7-ci953-live-20261005,2026-10-05T13:54:51.6197590Z,155.475,observed-unicode-SendInput,,chronological-actions.csv,
m7-ci953-live-20261005,2026-10-05T13:54:51.6197590Z,155.475,observed-unicode-SendInput,New Today task EST,chronological-actions.jsonl,32
m7-ci953-live-20261005,2026-10-05T13:54:52.1411748Z,155.996,observed-text-value-after-input,,chronological-actions.csv,
m7-ci953-live-20261005,2026-10-05T13:54:52.1411748Z,155.996,observed-text-value-after-input,New Today task EST,chronological-actions.jsonl,33
m7-ci953-live-20261005,2026-10-05T13:54:52.1670395Z,156.022,native-uia-invoke,Add task,chronological-actions.csv,
m7-ci953-live-20261005,2026-10-05T13:54:52.8950352Z,156.75,native-uia-invoke,Blitz now,chronological-actions.csv,
m7-ci953-live-20261005,2026-10-05T13:55:10.6994761Z,174.554,activate-observed-native-window,,chronological-actions.csv,
m7-ci953-live-20261005,2026-10-05T13:55:10.9321021Z,174.787,physical-scancode-chord,Ctrl+Shift+T,chronological-actions.csv,
m7-ci953-live-20261005,2026-10-05T13:55:41.2174306Z,205.072,native-uia-observed-pointer-click,Expand Floating Timer,chronological-actions.csv,
m7-ci953-live-20261005,2026-10-05T13:55:57.9702816Z,221.825,native-uia-invoke,Return to Focus Panel,chronological-actions.csv,
m7-ci953-live-20261005,2026-10-05T13:56:11.0134602Z,234.868,native-uia-observed-pointer-click,Focus list,chronological-actions.csv,
m7-ci953-live-20261005,2026-10-05T13:56:25.3877304Z,249.243,native-uia-selection,M7 PR235 CI953 live expiry break capture,chronological-actions.csv,
m7-ci953-live-20261005,2026-10-05T13:56:53.8111400Z,277.666,native-uia-invoke,Make live: M7 PR235 CI953 live A expiry extend complete,chronological-actions.csv,
m7-ci953-live-20261005,2026-10-05T13:57:19.7795127Z,303.634,native-uia-invoke,Pause,chronological-actions.csv,
m7-ci953-live-20261005,2026-10-05T13:57:20.7259581Z,304.581,native-uia-observed-pointer-click,Notes,chronological-actions.csv,
m7-ci953-live-20261005,2026-10-05T13:57:21.5165110Z,305.371,native-uia-observed-pointer-click,Notes,chronological-actions.csv,
m7-ci953-live-20261005,2026-10-05T13:57:21.9966462Z,305.852,native-uia-invoke,Resume,chronological-actions.csv,
m7-ci953-live-20261005,2026-10-05T13:57:22.3117421Z,306.167,native-uia-invoke,Compact view,chronological-actions.csv,
m7-ci953-live-20261005,2026-10-05T13:57:44.2052954Z,328.06,physical-scancode-chord,Ctrl+Alt+P,chronological-actions.csv,
m7-ci953-live-20261005,2026-10-05T13:57:45.4891123Z,329.344,native-uia-observed-pointer-click,Expand Floating Timer,chronological-actions.csv,
m7-ci953-live-20261005,2026-10-05T13:58:01.5124122Z,345.367,native-uia-invoke,Resume,chronological-actions.csv,
m7-ci953-live-20261005,2026-10-05T13:58:52.8803478Z,396.735,bookmark,A domain checkpoint time_up/60000ms at13:58:13Z while expanded Timer provider retains00:00/Pause/Task resumed with no Time Up actions. Native pixels captured; actual Panel re-entry will test recovery; no source correction during capture.,chronological-actions.csv,
m7-ci953-live-20261005,2026-10-05T13:58:52.8803478Z,396.735,bookmark,,chronological-actions.jsonl,51
m7-ci953-live-20261005,2026-10-05T13:58:53.7143683Z,397.569,native-uia-invoke,Return to Focus Panel,chronological-actions.csv,
m7-ci953-live-20261005,2026-10-05T13:59:16.9967306Z,420.852,native-uia-observed-pointer-click,Focus list,chronological-actions.csv,
m7-ci953-live-20261005,2026-10-05T13:59:17.9163669Z,421.771,native-uia-selection,M7 PR235 CI953 live expiry break capture,chronological-actions.csv,
m7-ci953-live-20261005,2026-10-05T13:59:18.4035098Z,422.258,native-uia-invoke,Extend,chronological-actions.csv,
m7-ci953-live-20261005,2026-10-05T13:59:34.4287347Z,438.284,native-uia-invoke,Done,chronological-actions.csv,
m7-ci953-live-20261005,2026-10-05T14:00:08.4738493Z,472.329,os-client-area-animation,,chronological-actions.csv,
m7-ci953-live-20261005,2026-10-05T14:00:08.7792580Z,472.634,physical-scancode-chord,Ctrl+Alt+N,chronological-actions.csv,
m7-ci953-live-20261005,2026-10-05T14:00:09.9216635Z,473.777,physical-scancode-chord,Ctrl+Alt+N,chronological-actions.csv,
m7-ci953-live-20261005,2026-10-05T14:00:10.9454252Z,474.8,native-uia-setfocus,Pause,chronological-actions.csv,
m7-ci953-live-20261005,2026-10-05T14:00:10.9532792Z,474.808,physical-scancode-chord,Tab,chronological-actions.csv,
m7-ci953-live-20261005,2026-10-05T14:00:11.6356742Z,475.491,physical-scancode-chord,Shift+Tab,chronological-actions.csv,
m7-ci953-live-20261005,2026-10-05T14:00:41.7166008Z,505.572,bookmark,"Domain time_up60000ms at13:58:13Z, expanded Timer still00:00/Pause/Task resumed at13:58:53Z, Main live cardTime Up. Actual Return Panel recoversTime Up. Recording/native pixels/checkpoint retained; no source fix. Panel re-entry also returned Focus selectorAll; reselected owned list before Done to prevent unrelated task autostart.",chronological-actions.csv,
m7-ci953-live-20261005,2026-10-05T14:00:41.7166008Z,505.572,bookmark,,chronological-actions.jsonl,63
m7-ci953-live-20261005,2026-10-05T14:01:05.2346018Z,529.09,native-uia-invoke,Skip,chronological-actions.csv,
m7-ci953-live-20261005,2026-10-05T14:01:06.0770746Z,529.932,native-uia-invoke,Break,chronological-actions.csv,
m7-ci953-live-20261005,2026-10-05T14:01:23.6314859Z,547.486,native-uia-invoke,Compact view,chronological-actions.csv,
m7-ci953-live-20261005,2026-10-05T14:01:24.4324381Z,548.287,native-uia-observed-pointer-click,Expand Floating Timer,chronological-actions.csv,
m7-ci953-live-20261005,2026-10-05T14:01:47.5192443Z,571.374,native-uia-invoke,Resume,chronological-actions.csv,
m7-ci953-live-20261005,2026-10-05T14:02:05.1377180Z,588.993,activate-observed-native-window,,chronological-actions.csv,
m7-ci953-live-20261005,2026-10-05T14:02:05.4586209Z,589.314,native-uia-invoke,Settings,chronological-actions.csv,
m7-ci953-live-20261005,2026-10-05T14:02:56.8761041Z,640.731,native-uia-observed-pointer-click,Default manual break duration,chronological-actions.csv,
m7-ci953-live-20261005,2026-10-05T14:03:35.4054304Z,679.26,native-uia-selection,5 mins,chronological-actions.csv,
m7-ci953-live-20261005,2026-10-05T14:03:35.9355394Z,679.791,native-uia-observed-pointer-click,Show success screen,chronological-actions.csv,
m7-ci953-live-20261005,2026-10-05T14:03:37.3992906Z,681.254,activate-observed-native-window,,chronological-actions.csv,
m7-ci953-live-20261005,2026-10-05T14:03:37.4266803Z,681.282,native-uia-invoke,Resume,chronological-actions.csv,
m7-ci953-live-20261005,2026-10-05T14:04:12.3064007Z,716.161,native-uia-invoke,Start break,chronological-actions.csv,
m7-ci953-live-20261005,2026-10-05T14:04:13.2341473Z,717.089,native-uia-observed-pointer-click,Collapse Floating Timer,chronological-actions.csv,
m7-ci953-live-20261005,2026-10-05T14:04:14.1305043Z,717.985,SendInput actual virtual-desktop drag,,chronological-actions.csv,
m7-ci953-live-20261005,2026-10-05T14:04:17.9292668Z,721.784,activate-observed-native-window,,chronological-actions.csv,
m7-ci953-live-20261005,2026-10-05T14:04:18.2232402Z,722.078,native-uia-invoke,All my lists,chronological-actions.csv,
m7-ci953-live-20261005,2026-10-05T14:04:35.6702102Z,739.525,native-uia-invoke,Reports,chronological-actions.csv,
m7-ci953-live-20261005,2026-10-05T14:04:49.7681263Z,753.623,native-uia-observed-pointer-click,All Lists,chronological-actions.csv,
m7-ci953-live-20261005,2026-10-05T14:05:03.1845831Z,767.04,native-uia-selection,M7 PR235 CI953 live expiry break capture,chronological-actions.csv,
m7-ci953-live-20261005,2026-10-05T14:05:28.5622605Z,792.417,native-uia-invoke,"Mon, Oct 05: Tasks 3min, Breaks 1min, Total 4min",chronological-actions.csv,
m7-ci953-live-20261005,2026-10-05T14:06:11.8386363Z,835.694,observed-pointer-click,observations/55-owned-day-drilldown.json,chronological-actions.csv,
m7-ci953-live-20261005,2026-10-05T14:06:11.8386363Z,835.694,observed-pointer-click,Sessions BETA tab,chronological-actions.jsonl,85
m7-ci953-live-20261005,2026-10-05T14:06:46.2025693Z,870.058,native-uia-observed-pointer-click,All Lists,chronological-actions.csv,
m7-ci953-live-20261005,2026-10-05T14:06:47.1216164Z,870.977,native-uia-selection,M7 PR235 CI953 live expiry break capture,chronological-actions.csv,
m7-ci953-live-20261005,2026-10-05T14:06:47.6609180Z,871.516,native-uia-observed-pointer-click,Hide Break sessions,chronological-actions.csv,
m7-ci953-live-20261005,2026-10-05T14:07:06.2075458Z,890.063,native-uia-observed-pointer-click,Show Break sessions,chronological-actions.csv,
m7-ci953-live-20261005,2026-10-05T14:07:07.2658845Z,891.121,native-uia-invoke,Export .csv,chronological-actions.csv,
m7-ci953-live-20261005,2026-10-05T14:07:34.8647774Z,918.72,activate-observed-native-window,,chronological-actions.csv,
m7-ci953-live-20261005,2026-10-05T14:07:35.1842982Z,919.039,native-uia-observed-pointer-click,Expand Floating Timer,chronological-actions.csv,
m7-ci953-live-20261005,2026-10-05T14:07:36.4772909Z,920.332,os-client-area-animation,,chronological-actions.csv,
m7-ci953-live-20261005,2026-10-05T14:07:36.5095344Z,920.364,native-uia-observed-pointer-click,Notes,chronological-actions.csv,
m7-ci953-live-20261005,2026-10-05T14:07:37.2844198Z,921.139,native-uia-observed-pointer-click,Notes,chronological-actions.csv,
m7-ci953-live-20261005,2026-10-05T14:08:18.7842678Z,962.639,activate-observed-native-window,,chronological-actions.csv,
m7-ci953-live-20261005,2026-10-05T14:08:18.9993812Z,962.854,native-uia-invoke,Settings,chronological-actions.csv,
m7-ci953-live-20261005,2026-10-05T14:08:19.9660337Z,963.821,native-uia-observed-pointer-click,Default manual break duration,chronological-actions.csv,
m7-ci953-live-20261005,2026-10-05T14:08:20.7960175Z,964.651,native-uia-selection,10 mins,chronological-actions.csv,
m7-ci953-live-20261005,2026-10-05T14:08:50.7986414Z,994.654,native-uia-observed-pointer-click,Success sound,chronological-actions.csv,
m7-ci953-live-20261005,2026-10-05T14:08:52.0350927Z,995.89,physical-scancode-chord,Escape,chronological-actions.csv,
m7-ci953-live-20261005,2026-10-05T14:08:52.8854093Z,996.74,os-client-area-animation,,chronological-actions.csv,
m7-ci953-live-20261005,2026-10-05T14:10:03.9258474Z,1067.781,activate-observed-native-window,,chronological-actions.csv,
m7-ci953-live-20261005,2026-10-05T14:10:04.2389147Z,1068.094,native-uia-invoke,Complete task,chronological-actions.csv,
m7-ci953-live-20261005,2026-10-05T14:10:54.6015113Z,1118.456,native-uia-invoke,Next Task,chronological-actions.csv,
m7-ci953-live-20261005,2026-10-05T14:10:55.8425693Z,1119.698,activate-observed-native-window,,chronological-actions.csv,
m7-ci953-live-20261005,2026-10-05T14:10:55.8771040Z,1119.732,native-uia-observed-pointer-click,Fun GIF on success screen,chronological-actions.csv,
m7-ci953-live-20261005,2026-10-05T14:10:57.0796251Z,1120.935,os-client-area-animation,,chronological-actions.csv,
m7-ci953-live-20261005,2026-10-05T14:11:46.1959325Z,1170.051,native-uia-invoke,Pause,chronological-actions.csv,
m7-ci953-live-20261005,2026-10-05T14:11:46.5315101Z,1170.386,bookmark,C success Next Task chose older owned M7 C5 CI873 fixture9d0e80ec rather than owned-list B after presentation returned selectorAll. Actual Pause recovery; retains documented incidental work delta; no ordinary user task edit/no data reset.,chronological-actions.csv,
m7-ci953-live-20261005,2026-10-05T14:11:46.5315101Z,1170.386,bookmark,,chronological-actions.jsonl,110
m7-ci953-live-20261005,2026-10-05T14:11:46.5758826Z,1170.431,native-uia-observed-pointer-click,Focus list,chronological-actions.csv,
m7-ci953-live-20261005,2026-10-05T14:11:47.4343365Z,1171.289,native-uia-selection,M7 PR235 CI953 live expiry break capture,chronological-actions.csv,
m7-ci953-live-20261005,2026-10-05T14:12:07.8862860Z,1191.741,native-uia-invoke,Make live: M7 PR235 CI953 live B expiry switch,chronological-actions.csv,
m7-ci953-live-20261005,2026-10-05T14:12:08.4944709Z,1192.349,native-uia-invoke,Compact view,chronological-actions.csv,
m7-ci953-live-20261005,2026-10-05T14:12:34.1756695Z,1218.031,SendInput actual virtual-desktop drag,,chronological-actions.csv,
m7-ci953-live-20261005,2026-10-05T14:12:38.0340072Z,1221.889,native-uia-observed-pointer-click,Expand Floating Timer,chronological-actions.csv,
m7-ci953-live-20261005,2026-10-05T14:12:38.8245024Z,1222.679,native-uia-invoke,Complete task,chronological-actions.csv,
m7-ci953-live-20261005,2026-10-05T14:13:43.2572278Z,1287.112,bookmark,Enabled success screen C reduced100 and B normal: Take a Break is disabled and visible text says timer/session transition not established. Do not close acceptance. B pre-completionTimer125 relocates to actual100% success atUltraRight; no125 success geometry PASS inferred.,chronological-actions.csv,
m7-ci953-live-20261005,2026-10-05T14:13:43.2572278Z,1287.112,bookmark,,chronological-actions.jsonl,118
m7-ci953-live-20261005,2026-10-05T14:13:44.1212326Z,1287.976,native-uia-invoke,Close,chronological-actions.csv,
m7-ci953-live-20261005,2026-10-05T14:13:44.7814421Z,1288.636,activate-observed-native-window,,chronological-actions.csv,
m7-ci953-live-20261005,2026-10-05T14:13:44.8199126Z,1288.675,native-uia-observed-pointer-click,Fun GIF on success screen,chronological-actions.csv,
m7-ci953-live-20261005,2026-10-05T14:13:45.3090100Z,1289.164,native-uia-observed-pointer-click,Show success screen,chronological-actions.csv,
m7-ci953-live-20261005,2026-10-05T14:14:08.4795760Z,1312.335,activate-observed-native-window,,chronological-actions.csv,
m7-ci953-live-20261005,2026-10-05T14:14:08.8236043Z,1312.679,native-uia-observed-pointer-click,Focus list,chronological-actions.csv,
m7-ci953-live-20261005,2026-10-05T14:14:09.6925717Z,1313.548,native-uia-selection,M7 PR233 CI948 LongListBadge acceptance,chronological-actions.csv,
m7-ci953-live-20261005,2026-10-05T14:14:32.8861002Z,1336.741,native-uia-invoke,Make live: M7 PR233 CI948 LongUnbrokenTitleForNarrowMetricAndQueuedBadgeValidation1234567890,chronological-actions.csv,
m7-ci953-live-20261005,2026-10-05T14:14:33.2218858Z,1337.077,native-uia-invoke,Pause,chronological-actions.csv,
m7-ci953-live-20261005,2026-10-05T14:14:33.8357262Z,1337.691,native-uia-invoke,Compact view,chronological-actions.csv,
m7-ci953-live-20261005,2026-10-05T14:14:34.6284979Z,1338.483,os-client-area-animation,,chronological-actions.csv,
m7-ci953-live-20261005,2026-10-05T14:14:35.0575874Z,1338.913,native-uia-invoke,Stop Recording,chronological-actions.csv,
m7-ci953-success125-20261005,2026-10-05T14:23:35.8967692Z,-0.682,native-uia-invoke,Start Recording,chronological-actions.csv,
m7-ci953-success125-20261005,2026-10-05T14:23:36.5430450Z,-0.036,activate-observed-native-window,,chronological-actions.csv,
m7-ci953-success125-20261005,2026-10-05T14:23:36.5884195Z,0.009,native-uia-observed-pointer-click,Show success screen,chronological-actions.csv,
m7-ci953-success125-20261005,2026-10-05T14:23:37.3863778Z,0.807,native-uia-observed-pointer-click,Focus Panel monitor,chronological-actions.csv,
m7-ci953-success125-20261005,2026-10-05T14:24:01.1110519Z,24.532,native-uia-selection,\\.\DISPLAY1 · 1920×1080 · 125%,chronological-actions.csv,
m7-ci953-success125-20261005,2026-10-05T14:24:01.3653865Z,24.786,native-uia-invoke,All my lists,chronological-actions.csv,
m7-ci953-success125-20261005,2026-10-05T14:24:02.3452321Z,25.766,native-uia-observed-pointer-click,Planning list,chronological-actions.csv,
m7-ci953-success125-20261005,2026-10-05T14:24:52.5095308Z,75.93,native-uia-selection,M7 PR235 CI953 live expiry break capture,chronological-actions.csv,
m7-ci953-success125-20261005,2026-10-05T14:24:52.7758955Z,76.197,native-uia-invoke,Add task to Today,chronological-actions.csv,
m7-ci953-success125-20261005,2026-10-05T14:24:53.8053757Z,77.226,observed-unicode-SendInput,,chronological-actions.csv,
m7-ci953-success125-20261005,2026-10-05T14:24:53.8053757Z,77.226,observed-unicode-SendInput,New Today task title,chronological-actions.jsonl,10
m7-ci953-success125-20261005,2026-10-05T14:24:54.4042517Z,77.825,observed-text-value-after-input,,chronological-actions.csv,
m7-ci953-success125-20261005,2026-10-05T14:24:54.4042517Z,77.825,observed-text-value-after-input,New Today task title,chronological-actions.jsonl,11
m7-ci953-success125-20261005,2026-10-05T14:24:54.8240214Z,78.245,native-uia-setfocus,New Today task EST,chronological-actions.csv,
m7-ci953-success125-20261005,2026-10-05T14:24:54.8746577Z,78.295,observed-unicode-SendInput,,chronological-actions.csv,
m7-ci953-success125-20261005,2026-10-05T14:24:54.8746577Z,78.295,observed-unicode-SendInput,New Today task EST,chronological-actions.jsonl,13
m7-ci953-success125-20261005,2026-10-05T14:24:55.3923738Z,78.813,observed-text-value-after-input,,chronological-actions.csv,
m7-ci953-success125-20261005,2026-10-05T14:24:55.3923738Z,78.813,observed-text-value-after-input,New Today task EST,chronological-actions.jsonl,14
m7-ci953-success125-20261005,2026-10-05T14:24:55.4223379Z,78.843,native-uia-invoke,Add task,chronological-actions.csv,
m7-ci953-success125-20261005,2026-10-05T14:24:56.0986387Z,79.519,native-uia-invoke,Add task to Today,chronological-actions.csv,
m7-ci953-success125-20261005,2026-10-05T14:24:56.7330921Z,80.154,observed-unicode-SendInput,,chronological-actions.csv,
m7-ci953-success125-20261005,2026-10-05T14:24:56.7330921Z,80.154,observed-unicode-SendInput,New Today task title,chronological-actions.jsonl,17
m7-ci953-success125-20261005,2026-10-05T14:24:57.2985946Z,80.719,observed-text-value-after-input,,chronological-actions.csv,
m7-ci953-success125-20261005,2026-10-05T14:24:57.2985946Z,80.719,observed-text-value-after-input,New Today task title,chronological-actions.jsonl,18
m7-ci953-success125-20261005,2026-10-05T14:24:57.6732503Z,81.094,native-uia-setfocus,New Today task EST,chronological-actions.csv,
m7-ci953-success125-20261005,2026-10-05T14:24:57.7286044Z,81.149,observed-unicode-SendInput,,chronological-actions.csv,
m7-ci953-success125-20261005,2026-10-05T14:24:57.7286044Z,81.149,observed-unicode-SendInput,New Today task EST,chronological-actions.jsonl,20
m7-ci953-success125-20261005,2026-10-05T14:24:58.2383642Z,81.659,observed-text-value-after-input,,chronological-actions.csv,
m7-ci953-success125-20261005,2026-10-05T14:24:58.2383642Z,81.659,observed-text-value-after-input,New Today task EST,chronological-actions.jsonl,21
m7-ci953-success125-20261005,2026-10-05T14:24:58.2672878Z,81.688,native-uia-invoke,Add task,chronological-actions.csv,
m7-ci953-success125-20261005,2026-10-05T14:24:59.2852330Z,82.706,activate-observed-native-window,,chronological-actions.csv,
m7-ci953-success125-20261005,2026-10-05T14:24:59.3154225Z,82.736,native-uia-observed-pointer-click,Expand Floating Timer,chronological-actions.csv,
m7-ci953-success125-20261005,2026-10-05T14:25:33.3787982Z,116.8,native-uia-invoke,Return to Focus Panel,chronological-actions.csv,
m7-ci953-success125-20261005,2026-10-05T14:25:34.1718554Z,117.593,native-uia-observed-pointer-click,Focus list,chronological-actions.csv,
m7-ci953-success125-20261005,2026-10-05T14:25:35.0213062Z,118.442,native-uia-selection,M7 PR235 CI953 live expiry break capture,chronological-actions.csv,
m7-ci953-success125-20261005,2026-10-05T14:25:35.4957505Z,118.917,os-client-area-animation,,chronological-actions.csv,
m7-ci953-success125-20261005,2026-10-05T14:26:07.6113524Z,151.032,native-uia-invoke,Make live: M7 PR235 CI953 D success125 reduced LongUnbrokenTitleForSuccessOverflowValidation1234567890,chronological-actions.csv,
m7-ci953-success125-20261005,2026-10-05T14:26:08.2259547Z,151.647,native-uia-invoke,Compact view,chronological-actions.csv,
m7-ci953-success125-20261005,2026-10-05T14:26:08.8139558Z,152.235,native-uia-observed-pointer-click,Expand Floating Timer,chronological-actions.csv,
m7-ci953-success125-20261005,2026-10-05T14:26:29.5195555Z,172.94,native-uia-invoke,Complete task,chronological-actions.csv,
m7-ci953-success125-20261005,2026-10-05T14:26:31.0680594Z,174.489,physical-scancode-chord,Tab,chronological-actions.csv,
m7-ci953-success125-20261005,2026-10-05T14:26:31.7204309Z,175.141,physical-scancode-chord,Shift+Tab,chronological-actions.csv,
m7-ci953-success125-20261005,2026-10-05T14:26:32.2073818Z,175.628,physical-scancode-chord,Escape,chronological-actions.csv,
m7-ci953-success125-20261005,2026-10-05T14:27:06.5904820Z,210.011,activate-observed-native-window,,chronological-actions.csv,
m7-ci953-success125-20261005,2026-10-05T14:27:06.9019143Z,210.323,native-uia-invoke,Settings,chronological-actions.csv,
m7-ci953-success125-20261005,2026-10-05T14:27:07.5119946Z,210.933,native-uia-observed-pointer-click,Fun GIF on success screen,chronological-actions.csv,
m7-ci953-success125-20261005,2026-10-05T14:27:08.9082139Z,212.329,os-client-area-animation,,chronological-actions.csv,
m7-ci953-success125-20261005,2026-10-05T14:27:09.1915804Z,212.612,activate-observed-native-window,,chronological-actions.csv,
m7-ci953-success125-20261005,2026-10-05T14:27:09.2325612Z,212.653,native-uia-observed-pointer-click,Focus list,chronological-actions.csv,
m7-ci953-success125-20261005,2026-10-05T14:27:10.0672557Z,213.488,native-uia-selection,M7 PR235 CI953 live expiry break capture,chronological-actions.csv,
m7-ci953-success125-20261005,2026-10-05T14:27:51.0642021Z,254.485,native-uia-invoke,Make live: M7 PR235 CI953 E επιτυχία 125% normal και έλεγχος κινούμενης διακόσμησης,chronological-actions.csv,
m7-ci953-success125-20261005,2026-10-05T14:27:51.7018145Z,255.123,native-uia-invoke,Compact view,chronological-actions.csv,
m7-ci953-success125-20261005,2026-10-05T14:27:52.2930129Z,255.714,native-uia-observed-pointer-click,Expand Floating Timer,chronological-actions.csv,
m7-ci953-success125-20261005,2026-10-05T14:28:21.6692545Z,285.09,native-uia-invoke,Complete task,chronological-actions.csv,
m7-ci953-success125-20261005,2026-10-05T14:28:23.7272419Z,287.148,native-uia-setfocus,Close,chronological-actions.csv,
m7-ci953-success125-20261005,2026-10-05T14:28:23.8343183Z,287.255,physical-scancode-chord,Ctrl+Alt+B,chronological-actions.csv,
m7-ci953-success125-20261005,2026-10-05T14:28:24.6691085Z,288.09,physical-scancode-chord,Ctrl+Alt+P,chronological-actions.csv,
m7-ci953-success125-20261005,2026-10-05T14:28:25.5009564Z,288.922,physical-scancode-chord,Ctrl+Alt+N,chronological-actions.csv,
m7-ci953-success125-20261005,2026-10-05T14:28:26.4209067Z,289.842,native-uia-invoke,Close,chronological-actions.csv,
m7-ci953-success125-20261005,2026-10-05T14:28:26.7430651Z,290.164,native-uia-observed-pointer-click,Focus list,chronological-actions.csv,
m7-ci953-success125-20261005,2026-10-05T14:28:27.5739982Z,290.995,native-uia-selection,M7 PR235 CI953 live expiry break capture,chronological-actions.csv,
m7-ci953-success125-20261005,2026-10-05T14:29:12.6475188Z,336.068,activate-observed-native-window,,chronological-actions.csv,
m7-ci953-success125-20261005,2026-10-05T14:29:12.9871656Z,336.408,native-uia-observed-pointer-click,Fun GIF on success screen,chronological-actions.csv,
m7-ci953-success125-20261005,2026-10-05T14:29:13.5164660Z,336.937,native-uia-observed-pointer-click,Show success screen,chronological-actions.csv,
m7-ci953-success125-20261005,2026-10-05T14:29:14.3103053Z,337.731,native-uia-observed-pointer-click,Focus Panel monitor,chronological-actions.csv,
m7-ci953-success125-20261005,2026-10-05T14:29:15.1418601Z,338.563,native-uia-selection,Primary display (automatic),chronological-actions.csv,
m7-ci953-success125-20261005,2026-10-05T14:29:15.9790314Z,339.4,activate-observed-native-window,,chronological-actions.csv,
m7-ci953-success125-20261005,2026-10-05T14:29:16.0051811Z,339.426,native-uia-observed-pointer-click,Focus list,chronological-actions.csv,
m7-ci953-success125-20261005,2026-10-05T14:29:16.7940157Z,340.215,native-uia-selection,M7 PR233 CI948 LongListBadge acceptance,chronological-actions.csv,
m7-ci953-success125-20261005,2026-10-05T14:29:47.2859937Z,370.707,native-uia-invoke,Make live: M7 PR233 CI948 LongUnbrokenTitleForNarrowMetricAndQueuedBadgeValidation1234567890,chronological-actions.csv,
m7-ci953-success125-20261005,2026-10-05T14:29:47.6260665Z,371.047,native-uia-invoke,Pause,chronological-actions.csv,
m7-ci953-success125-20261005,2026-10-05T14:29:47.9395895Z,371.36,native-uia-invoke,Compact view,chronological-actions.csv,
m7-ci953-success125-20261005,2026-10-05T14:29:48.6834750Z,372.104,os-client-area-animation,,chronological-actions.csv,
m7-ci953-success125-20261005,2026-10-05T14:29:49.2876341Z,372.708,native-uia-invoke,Stop Recording,chronological-actions.csv,
m7-pr235-native-capture-only-20261005,2026-10-05T14:46:34.5577616Z,,native-uia-invoke,Start Recording,chronological-actions.csv,
m7-pr235-native-capture-only-20261005,2026-10-05T14:46:35.2100593Z,,native-uia-observed-pointer-click,Enable Pomodoros,chronological-actions.csv,
m7-pr235-native-capture-only-20261005,2026-10-05T14:47:03.1969416Z,,physical-mouse-wheel,,chronological-actions.csv,
m7-pr235-native-capture-only-20261005,2026-10-05T14:47:14.5139633Z,,native-uia-observed-pointer-click,Enable Pomodoros,chronological-actions.csv,
m7-pr235-native-capture-only-20261005,2026-10-05T14:47:15.0746691Z,,native-uia-observed-pointer-click,Pomodoro work sprint,chronological-actions.csv,
m7-pr235-native-capture-only-20261005,2026-10-05T14:47:44.4940826Z,,physical-scancode-chord,Escape,chronological-actions.csv,
m7-pr235-native-capture-only-20261005,2026-10-05T14:47:45.1603097Z,,native-uia-observed-pointer-click,Pomodoro break duration,chronological-actions.csv,
m7-pr235-native-capture-only-20261005,2026-10-05T14:47:45.6638477Z,,physical-scancode-chord,Escape,chronological-actions.csv,
m7-pr235-native-capture-only-20261005,2026-10-05T14:47:46.1034766Z,,native-uia-observed-pointer-click,Enable Pomodoros,chronological-actions.csv,
m7-pr235-native-capture-only-20261005,2026-10-05T14:47:46.6022621Z,,native-uia-observed-pointer-click,Timed task alerts,chronological-actions.csv,
m7-pr235-native-capture-only-20261005,2026-10-05T14:47:47.1078041Z,,native-uia-observed-pointer-click,Task alert interval,chronological-actions.csv,
m7-pr235-native-capture-only-20261005,2026-10-05T14:47:47.5665834Z,,physical-scancode-chord,Escape,chronological-actions.csv,
m7-pr235-native-capture-only-20261005,2026-10-05T14:47:48.4389515Z,,physical-mouse-wheel,,chronological-actions.csv,
m7-pr235-native-capture-only-20261005,2026-10-05T14:47:48.4713469Z,,native-uia-observed-pointer-click,Task alert sound,chronological-actions.csv,
m7-pr235-native-capture-only-20261005,2026-10-05T14:48:20.2545386Z,,native-uia-observed-pointer-click,Task alert sound,chronological-actions.csv,
m7-pr235-native-capture-only-20261005,2026-10-05T14:48:20.9080971Z,,physical-scancode-chord,Escape,chronological-actions.csv,
m7-pr235-native-capture-only-20261005,2026-10-05T14:48:21.3489765Z,,native-uia-invoke,Preview Melodic Bell,chronological-actions.csv,
m7-pr235-native-capture-only-20261005,2026-10-05T14:48:21.6691817Z,,native-uia-observed-pointer-click,Timed task alerts,chronological-actions.csv,
m7-pr235-native-capture-only-20261005,2026-10-05T14:48:22.1641251Z,,native-uia-observed-pointer-click,Notification alerts,chronological-actions.csv,
m7-pr235-native-capture-only-20261005,2026-10-05T14:48:22.6652556Z,,native-uia-observed-pointer-click,Notification sound,chronological-actions.csv,
m7-pr235-native-capture-only-20261005,2026-10-05T14:48:23.1274500Z,,physical-scancode-chord,Escape,chronological-actions.csv,
m7-pr235-native-capture-only-20261005,2026-10-05T14:48:23.5478367Z,,native-uia-invoke,Preview Futuristic Ding,chronological-actions.csv,
m7-pr235-native-capture-only-20261005,2026-10-05T14:48:23.8768404Z,,native-uia-observed-pointer-click,Notification alerts,chronological-actions.csv,
m7-pr235-native-capture-only-20261005,2026-10-05T14:48:24.8585460Z,,physical-mouse-wheel,,chronological-actions.csv,
m7-pr235-native-capture-only-20261005,2026-10-05T14:48:37.5396699Z,,native-uia-observed-pointer-click,Schedule reminders,chronological-actions.csv,
m7-pr235-native-capture-only-20261005,2026-10-05T14:49:04.8299200Z,,native-uia-observed-pointer-click,Schedule reminders,chronological-actions.csv,
m7-pr235-native-capture-only-20261005,2026-10-05T14:49:05.9907691Z,,native-uia-observed-pointer-click,Schedule reminder lead time,chronological-actions.csv,
m7-pr235-native-capture-only-20261005,2026-10-05T14:49:06.5919185Z,,physical-scancode-chord,Escape,chronological-actions.csv,
m7-pr235-native-capture-only-20261005,2026-10-05T14:49:07.0279411Z,,native-uia-observed-pointer-click,Schedule reminders,chronological-actions.csv,
m7-pr235-native-capture-only-20261005,2026-10-05T14:49:07.9768919Z,,physical-mouse-wheel,,chronological-actions.csv,
m7-pr235-native-capture-only-20261005,2026-10-05T14:49:38.3232909Z,,physical-mouse-wheel,,chronological-actions.csv,
m7-pr235-native-capture-only-20261005,2026-10-05T14:49:39.5573142Z,,native-uia-setfocus,Enable Go to Narro,chronological-actions.csv,
m7-pr235-native-capture-only-20261005,2026-10-05T14:49:39.6690030Z,,physical-scancode-chord,Tab,chronological-actions.csv,
m7-pr235-native-capture-only-20261005,2026-10-05T14:49:40.0779148Z,,physical-scancode-chord,Tab,chronological-actions.csv,
m7-pr235-native-capture-only-20261005,2026-10-05T14:49:40.4795783Z,,physical-scancode-chord,Shift+Tab,chronological-actions.csv,
m7-pr235-native-capture-only-20261005,2026-10-05T14:49:41.0610703Z,,native-uia-invoke,Reports,chronological-actions.csv,
m7-pr235-native-capture-only-20261005,2026-10-05T14:49:52.7802302Z,,native-uia-observed-pointer-click,All Lists,chronological-actions.csv,
m7-pr235-native-capture-only-20261005,2026-10-05T14:50:06.9986745Z,,native-uia-selection,M7 PR235 CI953 live expiry break capture,chronological-actions.csv,
m7-pr235-native-capture-only-20261005,2026-10-05T14:50:28.7960255Z,,native-uia-invoke,Chart options,chronological-actions.csv,
m7-pr235-native-capture-only-20261005,2026-10-05T14:50:45.4063009Z,,physical-scancode-chord,Escape,chronological-actions.csv,
m7-pr235-native-capture-only-20261005,2026-10-05T14:50:46.0717230Z,,native-uia-observed-pointer-click,TASKS,chronological-actions.csv,
m7-pr235-native-capture-only-20261005,2026-10-05T14:50:46.9854583Z,,native-uia-observed-pointer-click,BREAKS,chronological-actions.csv,
m7-pr235-native-capture-only-20261005,2026-10-05T14:50:47.8901922Z,,native-uia-observed-pointer-click,TOTAL,chronological-actions.csv,
m7-pr235-native-capture-only-20261005,2026-10-05T14:50:48.7966430Z,,native-uia-observed-pointer-click,TOTAL,chronological-actions.csv,
m7-pr235-native-capture-only-20261005,2026-10-05T14:50:49.7036499Z,,native-uia-observed-pointer-click,BREAKS,chronological-actions.csv,
m7-pr235-native-capture-only-20261005,2026-10-05T14:50:50.6087478Z,,native-uia-observed-pointer-click,TASKS,chronological-actions.csv,
m7-pr235-native-capture-only-20261005,2026-10-05T14:50:51.5045976Z,,native-uia-observed-pointer-click,"Sep 05, 2026 – Oct 05, 2026",chronological-actions.csv,
m7-pr235-native-capture-only-20261005,2026-10-05T14:50:52.3838416Z,,physical-scancode-chord,Tab,chronological-actions.csv,
m7-pr235-native-capture-only-20261005,2026-10-05T14:50:52.7842762Z,,physical-scancode-chord,Escape,chronological-actions.csv,
m7-pr235-native-capture-only-20261005,2026-10-05T14:50:53.2006434Z,,native-uia-invoke,Settings,chronological-actions.csv,
m7-pr235-native-capture-only-20261005,2026-10-05T14:51:23.8034101Z,,physical-mouse-wheel,,chronological-actions.csv,
m7-pr235-native-capture-only-20261005,2026-10-05T14:51:44.8745419Z,,physical-mouse-wheel,,chronological-actions.csv,
m7-pr235-native-capture-only-20261005,2026-10-05T14:51:45.7917152Z,,physical-mouse-wheel,,chronological-actions.csv,
m7-pr235-native-capture-only-20261005,2026-10-05T14:51:46.6771439Z,,physical-mouse-wheel,,chronological-actions.csv,
m7-pr235-native-capture-only-20261005,2026-10-05T14:51:47.5491730Z,,physical-mouse-wheel,,chronological-actions.csv,
m7-pr235-native-capture-only-20261005,2026-10-05T14:51:48.4306800Z,,physical-mouse-wheel,,chronological-actions.csv,
m7-pr235-native-capture-only-20261005,2026-10-05T14:51:49.3807267Z,,native-uia-setfocus,Enable Go to Narro,chronological-actions.csv,
m7-pr235-native-capture-only-20261005,2026-10-05T14:51:49.4848774Z,,physical-scancode-chord,Enter,chronological-actions.csv,
m7-pr235-native-capture-only-20261005,2026-10-05T14:51:49.8928747Z,,physical-scancode-chord,Enter,chronological-actions.csv,
m7-pr235-native-capture-only-20261005,2026-10-05T14:51:50.3008158Z,,physical-scancode-chord,Ctrl+Shift+B,chronological-actions.csv,
m7-pr235-native-capture-only-20261005,2026-10-05T14:51:51.1132932Z,,native-uia-invoke,Stop Recording,chronological-actions.csv,
m7-ci953-special-20261005,2026-10-05T15:00:26.714Z,,OBS Tab navigation,,chronological-actions.csv,
m7-ci953-special-20261005,2026-10-05T15:02:07.0252140Z,,native-uia-invoke,Start Recording,chronological-actions.csv,
m7-ci953-special-20261005,2026-10-05T15:02:07.8350181Z,,native-uia-invoke,Settings,chronological-actions.csv,
m7-ci953-special-20261005,2026-10-05T15:02:41.5487924Z,,physical-mouse-wheel,,chronological-actions.csv,
m7-ci953-special-20261005,2026-10-05T15:02:42.5331934Z,,physical-mouse-wheel,,chronological-actions.csv,
m7-ci953-special-20261005,2026-10-05T15:02:43.4650620Z,,physical-mouse-wheel,,chronological-actions.csv,
m7-ci953-special-20261005,2026-10-05T15:02:44.3957375Z,,physical-mouse-wheel,,chronological-actions.csv,
m7-ci953-special-20261005,2026-10-05T15:02:45.3320712Z,,physical-mouse-wheel,,chronological-actions.csv,
m7-ci953-special-20261005,2026-10-05T15:02:46.2672903Z,,physical-mouse-wheel,,chronological-actions.csv,
m7-ci953-special-20261005,2026-10-05T15:02:47.2029866Z,,physical-mouse-wheel,,chronological-actions.csv,
m7-ci953-special-20261005,2026-10-05T15:02:48.1763687Z,,native-uia-setfocus,Enable Go to Narro,chronological-actions.csv,
m7-ci953-special-20261005,2026-10-05T15:02:48.2926835Z,,physical-scancode-chord,Space,chronological-actions.csv,
m7-ci953-special-20261005,2026-10-05T15:02:49.2920290Z,,physical-scancode-chord,Space,chronological-actions.csv,
m7-ci953-special-20261005,2026-10-05T15:02:50.5770487Z,,native-uia-setfocus,Enable Alternate Focus Mode,chronological-actions.csv,
m7-ci953-special-20261005,2026-10-05T15:02:50.5817909Z,,physical-scancode-chord,Space,chronological-actions.csv,
m7-ci953-special-20261005,2026-10-05T15:02:51.5700954Z,,physical-scancode-chord,Space,chronological-actions.csv,
m7-ci953-special-20261005,2026-10-05T15:02:52.8393268Z,,native-uia-setfocus,Enable Find focus timer,chronological-actions.csv,
m7-ci953-special-20261005,2026-10-05T15:02:52.8444095Z,,physical-scancode-chord,Space,chronological-actions.csv,
m7-ci953-special-20261005,2026-10-05T15:02:53.8362917Z,,physical-scancode-chord,Space,chronological-actions.csv,
m7-ci953-special-20261005,2026-10-05T15:02:55.0944253Z,,physical-scancode-chord,Ctrl+Shift+B,chronological-actions.csv,
m7-ci953-special-20261005,2026-10-05T15:03:05.0952587Z,,physical-mouse-wheel,,chronological-actions.csv,
m7-ci953-special-20261005,2026-10-05T15:03:06.0257618Z,,physical-mouse-wheel,,chronological-actions.csv,
m7-ci953-special-20261005,2026-10-05T15:03:06.9631393Z,,physical-mouse-wheel,,chronological-actions.csv,
m7-ci953-special-20261005,2026-10-05T15:03:07.9050163Z,,physical-mouse-wheel,,chronological-actions.csv,
m7-ci953-special-20261005,2026-10-05T15:03:23.8383613Z,,physical-mouse-wheel,,chronological-actions.csv,
m7-ci953-special-20261005,2026-10-05T15:03:24.7887790Z,,physical-mouse-wheel,,chronological-actions.csv,
m7-ci953-special-20261005,2026-10-05T15:03:25.7446440Z,,physical-mouse-wheel,,chronological-actions.csv,
m7-ci953-special-20261005,2026-10-05T15:03:26.6655702Z,,physical-mouse-wheel,,chronological-actions.csv,
m7-ci953-special-20261005,2026-10-05T15:03:27.6206195Z,,native-uia-observed-pointer-click,Timed task alerts,chronological-actions.csv,
m7-ci953-special-20261005,2026-10-05T15:03:28.6509407Z,,native-uia-observed-pointer-click,Task alert interval,chronological-actions.csv,
m7-ci953-special-20261005,2026-10-05T15:04:33.7055522Z,,native-uia-observed-pointer-click,Notification alerts,chronological-actions.csv,
m7-ci953-special-20261005,2026-10-05T15:04:34.2843704Z,,native-uia-observed-pointer-click,Schedule reminders,chronological-actions.csv,
m7-ci953-special-20261005,2026-10-05T15:04:35.6626757Z,,native-uia-observed-pointer-click,Schedule reminder lead time,chronological-actions.csv,
m7-ci953-special-20261005,2026-10-05T15:04:53.9807477Z,,native-uia-invoke,All my lists,chronological-actions.csv,
m7-ci953-special-20261005,2026-10-05T15:04:54.8931037Z,,native-uia-observed-pointer-click,Planning list,chronological-actions.csv,
m7-ci953-special-20261005,2026-10-05T15:05:21.9437260Z,,native-uia-selection,M7 PR235 CI953 live expiry break capture,chronological-actions.csv,
m7-ci953-special-20261005,2026-10-05T15:05:22.2308811Z,,native-uia-invoke,Add task to Today,chronological-actions.csv,
m7-ci953-special-20261005,2026-10-05T15:05:24.4067600Z,,native-uia-invoke,Add task,chronological-actions.csv,
m7-ci953-special-20261005,2026-10-05T15:05:36.9875208Z,,native-uia-invoke,Blitz now,chronological-actions.csv,
m7-ci953-special-20261005,2026-10-05T15:05:59.4562488Z,,native-uia-observed-pointer-click,Focus list,chronological-actions.csv,
m7-ci953-special-20261005,2026-10-05T15:06:00.9177290Z,,native-uia-selection,M7 PR235 CI953 live expiry break capture,chronological-actions.csv,
m7-ci953-special-20261005,2026-10-05T15:06:26.3653932Z,,native-uia-invoke,Make live: M7 PR235 CI953 F real alert and sleep capture,chronological-actions.csv,
m7-ci953-special-20261005,2026-10-05T15:06:26.7504945Z,,native-uia-invoke,Compact view,chronological-actions.csv,
m7-ci953-special-20261005,2026-10-05T15:06:27.5303582Z,,physical-scancode-chord,Ctrl+Shift+P,chronological-actions.csv,
m7-ci953-special-20261005,2026-10-05T15:06:28.9068047Z,,physical-scancode-chord,Ctrl+Shift+T,chronological-actions.csv,
m7-ci953-special-20261005,2026-10-05T15:06:57.7007852Z,,native-uia-invoke,Add task to Today,chronological-actions.csv,
m7-ci953-special-20261005,2026-10-05T15:06:58.3136260Z,,observed-unicode-SendInput,,chronological-actions.csv,
m7-ci953-special-20261005,2026-10-05T15:06:58.3136260Z,,observed-unicode-SendInput,New Today task title,actions.jsonl,50
m7-ci953-special-20261005,2026-10-05T15:06:58.8961581Z,,observed-text-value-after-input,,chronological-actions.csv,
m7-ci953-special-20261005,2026-10-05T15:06:58.8961581Z,,observed-text-value-after-input,New Today task title,actions.jsonl,51
m7-ci953-special-20261005,2026-10-05T15:06:58.9637005Z,,native-uia-invoke,Add task,chronological-actions.csv,
m7-ci953-special-20261005,2026-10-05T15:06:59.3111566Z,,native-uia-invoke,Schedule / Repeat,chronological-actions.csv,
m7-ci953-special-20261005,2026-10-05T15:07:10.8202563Z,,native-uia-invoke,Later today,chronological-actions.csv,
m7-ci953-special-20261005,2026-10-05T15:07:57.4232443Z,,native-uia-setfocus,Hours Local time,chronological-actions.csv,
m7-ci953-special-20261005,2026-10-05T15:07:57.8374097Z,,observed-unicode-SendInput,,chronological-actions.csv,
m7-ci953-special-20261005,2026-10-05T15:07:57.8374097Z,,observed-unicode-SendInput,Hours Local time,actions.jsonl,56
m7-ci953-special-20261005,2026-10-05T15:07:58.3464113Z,,observed-text-value-after-input,,chronological-actions.csv,
m7-ci953-special-20261005,2026-10-05T15:07:58.3464113Z,,observed-text-value-after-input,Hours Local time,actions.jsonl,57
m7-ci953-special-20261005,2026-10-05T15:07:58.7408675Z,,native-uia-setfocus,Minutes Local time,chronological-actions.csv,
m7-ci953-special-20261005,2026-10-05T15:07:58.8034171Z,,observed-unicode-SendInput,,chronological-actions.csv,
m7-ci953-special-20261005,2026-10-05T15:07:58.8034171Z,,observed-unicode-SendInput,Minutes Local time,actions.jsonl,59
m7-ci953-special-20261005,2026-10-05T15:07:59.3242306Z,,observed-text-value-after-input,,chronological-actions.csv,
m7-ci953-special-20261005,2026-10-05T15:07:59.3242306Z,,observed-text-value-after-input,Minutes Local time,actions.jsonl,60
m7-ci953-special-20261005,2026-10-05T15:07:59.7158906Z,,native-uia-setfocus,AM/PM Local time,chronological-actions.csv,
m7-ci953-special-20261005,2026-10-05T15:07:59.7841573Z,,observed-unicode-SendInput,,chronological-actions.csv,
m7-ci953-special-20261005,2026-10-05T15:07:59.7841573Z,,observed-unicode-SendInput,AM/PM Local time,actions.jsonl,62
m7-ci953-special-20261005,2026-10-05T15:08:00.2983383Z,,observed-text-value-after-input,,chronological-actions.csv,
m7-ci953-special-20261005,2026-10-05T15:08:00.2983383Z,,observed-text-value-after-input,AM/PM Local time,actions.jsonl,63
m7-ci953-special-20261005,2026-10-05T15:08:00.4043602Z,,native-uia-invoke,Save schedule,chronological-actions.csv,
m7-ci953-special-20261005,2026-10-05T15:08:00.9922581Z,,DisplaySwitch internal,,chronological-actions.csv,
m7-ci953-special-20261005,2026-10-05T15:08:05.4207666Z,,DisplaySwitch clone then extend recovery,,chronological-actions.csv,
m7-ci953-special-20261005,2026-10-05T15:08:49.8818636Z,,Real S3 sleep requested; one-shot resume wake timer 45 seconds,,chronological-actions.csv,
m7-ci953-special-20261005,2026-10-05T15:08:49.9051609Z,,SetSuspendState returned,,chronological-actions.csv,
m7-ci953-special-20261005,2026-10-05T15:10:09.2475603Z,,native-uia-invoke,Settings,chronological-actions.csv,
m7-ci953-special-20261005,2026-10-05T15:10:10.1345112Z,,physical-mouse-wheel,,chronological-actions.csv,
m7-ci953-special-20261005,2026-10-05T15:10:11.0681410Z,,physical-mouse-wheel,,chronological-actions.csv,
m7-ci953-special-20261005,2026-10-05T15:10:12.0070778Z,,physical-mouse-wheel,,chronological-actions.csv,
m7-ci953-special-20261005,2026-10-05T15:10:12.9413836Z,,physical-mouse-wheel,,chronological-actions.csv,
m7-ci953-special-20261005,2026-10-05T15:10:13.8694958Z,,physical-mouse-wheel,,chronological-actions.csv,
m7-ci953-special-20261005,2026-10-05T15:10:14.8006119Z,,physical-mouse-wheel,,chronological-actions.csv,
m7-ci953-special-20261005,2026-10-05T15:10:15.7367024Z,,physical-mouse-wheel,,chronological-actions.csv,
m7-ci953-special-20261005,2026-10-05T15:10:16.6935075Z,,native-uia-setfocus,Enable Go to Narro,chronological-actions.csv,
m7-ci953-special-20261005,2026-10-05T15:10:16.8004118Z,,physical-scancode-chord,Space,chronological-actions.csv,
m7-ci953-special-20261005,2026-10-05T15:10:17.5795053Z,,native-uia-setfocus,Enable Alternate Focus Mode,chronological-actions.csv,
m7-ci953-special-20261005,2026-10-05T15:10:17.5843745Z,,physical-scancode-chord,Space,chronological-actions.csv,
m7-ci953-special-20261005,2026-10-05T15:10:18.3741341Z,,native-uia-setfocus,Enable Find focus timer,chronological-actions.csv,
m7-ci953-special-20261005,2026-10-05T15:10:18.3786830Z,,physical-scancode-chord,Space,chronological-actions.csv,
m7-ci953-special-20261005,2026-10-05T15:10:19.2055818Z,,physical-scancode-chord,Ctrl+Shift+B,chronological-actions.csv,
m7-ci953-special-20261005,2026-10-05T15:10:21.0765977Z,,physical-scancode-chord,Ctrl+Shift+T,chronological-actions.csv,
m7-ci953-special-20261005,2026-10-05T15:10:22.9359648Z,,physical-scancode-chord,Ctrl+Shift+P,chronological-actions.csv,
m7-ci953-special-20261005,2026-10-05T15:10:25.1740777Z,,native-uia-setfocus,Enable Go to Narro,chronological-actions.csv,
m7-ci953-special-20261005,2026-10-05T15:10:25.1785478Z,,physical-scancode-chord,Space,chronological-actions.csv,
m7-ci953-special-20261005,2026-10-05T15:10:25.9419010Z,,native-uia-setfocus,Enable Alternate Focus Mode,chronological-actions.csv,
m7-ci953-special-20261005,2026-10-05T15:10:25.9465341Z,,physical-scancode-chord,Space,chronological-actions.csv,
m7-ci953-special-20261005,2026-10-05T15:10:26.7030170Z,,native-uia-setfocus,Enable Find focus timer,chronological-actions.csv,
m7-ci953-special-20261005,2026-10-05T15:10:26.7078491Z,,physical-scancode-chord,Space,chronological-actions.csv,
m7-ci953-special-20261005,2026-10-05T15:10:37.1185528Z,,physical-scancode-chord,Ctrl+Shift+B,chronological-actions.csv,
m7-ci953-special-20261005,2026-10-05T15:10:39.0021292Z,,physical-scancode-chord,Ctrl+Shift+T,chronological-actions.csv,
m7-ci953-special-20261005,2026-10-05T15:10:40.8522390Z,,physical-scancode-chord,Ctrl+Shift+P,chronological-actions.csv,
m7-ci953-special-20261005,2026-10-05T15:10:43.0612164Z,,Continue recording through real 300s timed-alert boundary from F start 15:06:26 UTC; G reminder lead boundary 15:10 UTC,,chronological-actions.csv,
m7-ci953-special-20261005,2026-10-05T15:11:23.9311888Z,,native-uia-setfocus,Enable Go to Narro,chronological-actions.csv,
m7-ci953-special-20261005,2026-10-05T15:11:24.1556349Z,,physical-scancode-chord,Space,chronological-actions.csv,
m7-ci953-special-20261005,2026-10-05T15:11:25.5675013Z,,native-uia-setfocus,Enable Alternate Focus Mode,chronological-actions.csv,
m7-ci953-special-20261005,2026-10-05T15:11:25.5755886Z,,physical-scancode-chord,Space,chronological-actions.csv,
m7-ci953-special-20261005,2026-10-05T15:11:26.9542049Z,,native-uia-setfocus,Enable Find focus timer,chronological-actions.csv,
m7-ci953-special-20261005,2026-10-05T15:11:26.9603360Z,,physical-scancode-chord,Space,chronological-actions.csv,
m7-ci953-special-20261005,2026-10-05T15:11:28.0466524Z,,Snapshot naming correction: all-shortcuts-disabled file actually true; all-shortcuts-restored file actually false. Raw snapshot authoritative; final re-enable performed.,,chronological-actions.csv,
m7-ci953-special-20261005,2026-10-05T15:11:56.3186703Z,,native-uia-invoke,Stop Recording,chronological-actions.csv,
m7-ci953-special-20261005,2026-10-05T15:12:23.9491892Z,,"OBS process closed after recording normal stop/flush, to remove Away Mode request",,chronological-actions.csv,
m7-ci953-special-20261005,2026-10-05T15:12:26.3810330Z,,Real S3 sleep requested; one-shot resume wake timer 45 seconds,,chronological-actions.csv,
m7-ci953-special-20261005,2026-10-05T15:12:58.9819672Z,,SetSuspendState returned,,chronological-actions.csv,
m7-ci953-special-20261005,2026-10-05T15:14:35.6613596Z,,USER OBSERVATION,"User reports browser Ctrl+Shift+T reopened Narro Timer instead of restoring closed tab yesterday. Global shortcut conflict; retain for later analysis/remediation, no source change.",chronological-actions.csv,
m7-ci953-special-20261005,2026-10-05T15:15:43.8850198Z,,native-uia-invoke,Run in Normal Mode,chronological-actions.csv,
m7-ci953-special-20261005,2026-10-05T15:17:56.3901806Z,,"Post-wake GDI recorder active, 4480x1080 20fps; OBS GPU initialization failure preserved",,chronological-actions.csv,
m7-ci953-special-20261005,2026-10-05T15:18:14.5105510Z,,native-uia-observed-pointer-click,Focus list,chronological-actions.csv,
m7-ci953-special-20261005,2026-10-05T15:18:15.9285557Z,,native-uia-selection,M7 PR233 CI948 LongListBadge acceptance,chronological-actions.csv,
m7-ci953-special-20261005,2026-10-05T15:18:36.3312602Z,,native-uia-invoke,Make live: M7 PR233 CI948 LongUnbrokenTitleForNarrowMetricAndQueuedBadgeValidation1234567890,chronological-actions.csv,
m7-ci953-special-20261005,2026-10-05T15:18:37.1841092Z,,native-uia-invoke,Pause,chronological-actions.csv,
m7-ci953-special-20261005,2026-10-05T15:18:37.5070178Z,,native-uia-invoke,Compact view,chronological-actions.csv,
m7-ci953-special-20261005,2026-10-05T15:18:38.6117299Z,,physical-mouse-wheel,,chronological-actions.csv,
m7-ci953-special-20261005,2026-10-05T15:18:39.5475873Z,,physical-mouse-wheel,,chronological-actions.csv,
m7-ci953-special-20261005,2026-10-05T15:18:40.4552496Z,,physical-mouse-wheel,,chronological-actions.csv,
m7-ci953-special-20261005,2026-10-05T15:18:55.2243305Z,,physical-mouse-wheel,,chronological-actions.csv,
m7-ci953-special-20261005,2026-10-05T15:18:56.1750463Z,,physical-mouse-wheel,,chronological-actions.csv,
m7-ci953-special-20261005,2026-10-05T15:18:56.8870728Z,,native-uia-observed-pointer-click,Task alert interval,chronological-actions.csv,
m7-ci953-special-20261005,2026-10-05T15:19:13.1675945Z,,native-uia-observed-pointer-click,Timed task alerts,chronological-actions.csv,
m7-ci953-special-20261005,2026-10-05T15:19:13.7305396Z,,native-uia-observed-pointer-click,Notification alerts,chronological-actions.csv,
m7-ci953-special-20261005,2026-10-05T15:19:14.2191668Z,,native-uia-observed-pointer-click,Schedule reminder lead time,chronological-actions.csv,
m7-ci953-special-20261005,2026-10-05T15:19:37.5485990Z,,native-uia-observed-pointer-click,Schedule reminders,chronological-actions.csv,
m7-ci953-special-20261005,2026-10-05T15:19:38.9624103Z,,End post-wake recording after restoration; F/G fixtures retained; original paused,,chronological-actions.csv,
m7-ci953-browser-shortcut-20261005,2026-10-05T15:32:02.6587455Z,,physical-scancode-chord,Ctrl+T,chronological-actions.csv,
m7-ci953-browser-shortcut-20261005,2026-10-05T15:32:03.6681778Z,,physical-scancode-chord,Ctrl+W,chronological-actions.csv,
m7-ci953-browser-shortcut-20261005,2026-10-05T15:32:04.6650947Z,,physical-scancode-chord,Ctrl+Shift+T,chronological-actions.csv,
m7-ci953-browser-shortcut-20261005,2026-10-05T15:32:07.1934924Z,,physical-mouse-wheel,,chronological-actions.csv,
m7-ci953-browser-shortcut-20261005,2026-10-05T15:32:08.1326943Z,,physical-mouse-wheel,,chronological-actions.csv,
m7-ci953-browser-shortcut-20261005,2026-10-05T15:32:09.0743862Z,,native-uia-setfocus,Enable Alternate Focus Mode,chronological-actions.csv,
m7-ci953-browser-shortcut-20261005,2026-10-05T15:32:09.0863032Z,,physical-scancode-chord,Space,chronological-actions.csv,
m7-ci953-browser-shortcut-20261005,2026-10-05T15:32:09.9853841Z,,physical-scancode-chord,Ctrl+T,chronological-actions.csv,
m7-ci953-browser-shortcut-20261005,2026-10-05T15:32:10.9637700Z,,physical-scancode-chord,Ctrl+W,chronological-actions.csv,
m7-ci953-browser-shortcut-20261005,2026-10-05T15:32:11.9399469Z,,physical-scancode-chord,Ctrl+Shift+T,chronological-actions.csv,
m7-ci953-browser-shortcut-20261005,2026-10-05T15:32:14.0866590Z,,native-uia-setfocus,Enable Alternate Focus Mode,chronological-actions.csv,
m7-ci953-browser-shortcut-20261005,2026-10-05T15:32:14.1165456Z,,physical-scancode-chord,Space,chronological-actions.csv,
